{"type": "FeatureCollection", "features": [{"type": "Feature", "geometry": {"type": "LineString", "coordinates": [[116.17193, 39.92483], [116.17969, 39.91702], [116.17978, 39.91691], [116.17986, 39.91677], [116.17998, 39.91656], [116.18016, 39.91618], [116.18029, 39.91588], [116.18041, 39.91551], [116.18049, 39.91525], [116.18058, 39.91485], [116.18058, 39.91466], [116.18061, 39.90752], [116.18066, 39.90713], [116.18077, 39.90688], [116.18092, 39.90668], [116.18112, 39.9065], [116.18136, 39.90634], [116.18158, 39.90625], [116.1819, 39.90616], [116.18251, 39.90612], [116.1843, 39.90613], [116.1929, 39.90614], [116.19896, 39.90613], [116.20403, 39.90614], [116.20445, 39.90615], [116.20459, 39.90615], [116.20649, 39.90614], [116.22836, 39.90617], [116.2288, 39.90616], [116.22968, 39.90616], [116.23043, 39.90616], [116.23087, 39.90617], [116.24557, 39.90618], [116.24562, 39.90618], [116.24599, 39.90617], [116.2469, 39.90617], [116.24768, 39.90617], [116.24802, 39.90618], [116.26686, 39.90621], [116.26721, 39.90618], [116.26804, 39.90618], [116.26887, 39.90618], [116.2692, 39.90621], [116.28754, 39.90621], [116.28795, 39.90618], [116.28877, 39.90618], [116.28958, 39.90619], [116.29001, 39.90621], [116.30039, 39.90619], [116.30087, 39.90616], [116.30305, 39.90615], [116.30413, 39.90614], [116.305, 39.90614], [116.30544, 39.90617], [116.31647, 39.90615], [116.31703, 39.9061], [116.31782, 39.90609], [116.31861, 39.90609], [116.31914, 39.90613], [116.32492, 39.90607], [116.33022, 39.90611], [116.33063, 39.90607], [116.3315, 39.90606], [116.33232, 39.90606], [116.33276, 39.90609], [116.3385, 39.90594], [116.34542, 39.90587], [116.34579, 39.90584], [116.34657, 39.90584], [116.34736, 39.90583], [116.34774, 39.90583], [116.34815, 39.90583], [116.3484, 39.90582], [116.34864, 39.90582], [116.35031, 39.9058], [116.35132, 39.9058], [116.35229, 39.9058], [116.35267, 39.90579], [116.35499, 39.90579], [116.35529, 39.90581], [116.36719, 39.90576], [116.36862, 39.90573], [116.36992, 39.90572], [116.37101, 39.90572], [116.37123, 39.90575], [116.37663, 39.90573], [116.38361, 39.90592], [116.38415, 39.90591], [116.38516, 39.90594], [116.38632, 39.90597], [116.38646, 39.90599], [116.39339, 39.90625], [116.39367, 39.90623], [116.39492, 39.90627], [116.39598, 39.9063], [116.39629, 39.90636], [116.4039, 39.90661], [116.40423, 39.90659], [116.40517, 39.90662], [116.40631, 39.90666], [116.40942, 39.90674], [116.41017, 39.90677], [116.41036, 39.90677], [116.41208, 39.90682], [116.41299, 39.90683], [116.41397, 39.90685], [116.41502, 39.90687], [116.41552, 39.90691], [116.42289, 39.90702], [116.42872, 39.9071], [116.4297, 39.90712], [116.4298, 39.90716], [116.43299, 39.90714], [116.43372, 39.90714], [116.4429, 39.90709], [116.44305, 39.90706], [116.44415, 39.90706], [116.44516, 39.90705], [116.44532, 39.90707], [116.45099, 39.90703], [116.45129, 39.90699], [116.45229, 39.90699], [116.4533, 39.90699], [116.45431, 39.90698], [116.45484, 39.90701], [116.46768, 39.90696], [116.4685, 39.90693], [116.46949, 39.90692], [116.47065, 39.90691], [116.47138, 39.90694], [116.47487, 39.90691], [116.4753, 39.90693], [116.47573, 39.90696], [116.48082, 39.90752], [116.48172, 39.90763], [116.48271, 39.90774], [116.48354, 39.90781], [116.48545, 39.9078]]}, "properties": {"kind": "line", "line": "Line 1", "colour": "#a12b2f"}}, {"type": "Feature", "geometry": {"type": "LineString", "coordinates": [[116.29349, 40.06402], [116.29359, 40.06483], [116.29369, 40.06504], [116.29391, 40.06548], [116.29435, 40.06607], [116.29705, 40.06917], [116.29757, 40.06962], [116.29822, 40.07002]]}, "properties": {"kind": "line", "line": "", "colour": "#4a7fb5"}}, {"type": "Feature", "geometry": {"type": "LineString", "coordinates": [[116.29822, 40.07002], [116.2988, 40.07033], [116.29938, 40.07055], [116.29992, 40.07069], [116.30046, 40.07078], [116.30101, 40.07081], [116.30163, 40.07082], [116.30238, 40.07071], [116.30302, 40.07054], [116.30365, 40.07031]]}, "properties": {"kind": "line", "line": "", "colour": "#4a7fb5"}}, {"type": "Feature", "geometry": {"type": "LineString", "coordinates": [[116.42756, 39.95245], [116.42757, 39.95215], [116.42761, 39.95173], [116.42768, 39.95126], [116.42787, 39.9506], [116.42804, 39.95008], [116.42817, 39.94973], [116.42836, 39.94928], [116.42847, 39.94887], [116.42854, 39.94845], [116.42854, 39.94806], [116.42844, 39.94767], [116.42832, 39.94742], [116.42818, 39.94698], [116.4281, 39.94622], [116.42813, 39.94257], [116.42815, 39.94239], [116.42822, 39.94221], [116.42829, 39.94208], [116.42857, 39.94162]]}, "properties": {"kind": "line", "line": "Line 13", "colour": "#f7c800"}}, {"type": "Feature", "geometry": {"type": "LineString", "coordinates": [[116.31185, 40.03598], [116.31143, 40.03652]]}, "properties": {"kind": "line", "line": "", "colour": "#F9E700"}}, {"type": "Feature", "geometry": {"type": "LineString", "coordinates": [[116.3878, 39.9764], [116.38784, 39.97553], [116.38787, 39.97514], [116.38796, 39.97403], [116.38826, 39.96711], [116.38849, 39.96183], [116.38851, 39.95557], [116.38845, 39.95452], [116.38829, 39.95341], [116.38812, 39.95118], [116.38778, 39.94887], [116.38757, 39.94673], [116.38762, 39.94524], [116.38815, 39.94137], [116.38827, 39.94091], [116.38835, 39.94063], [116.3889, 39.93956], [116.38945, 39.93877], [116.38978, 39.9383], [116.38993, 39.93768], [116.39, 39.93651], [116.39004, 39.93595], [116.39007, 39.93545], [116.39011, 39.93531], [116.39033, 39.93425], [116.39048, 39.93396], [116.39058, 39.93381], [116.39083, 39.93349], [116.39159, 39.93312], [116.39271, 39.93279], [116.39428, 39.93245], [116.39548, 39.93227], [116.39769, 39.93227], [116.39878, 39.93228], [116.39954, 39.93227], [116.40081, 39.93219], [116.4018, 39.93199], [116.4022, 39.93185], [116.40244, 39.93165], [116.40254, 39.93133], [116.40257, 39.93083], [116.4026, 39.93002], [116.40264, 39.92978], [116.40274, 39.92941], [116.40298, 39.92893], [116.4032, 39.92843], [116.4034, 39.92796], [116.40367, 39.92742], [116.40402, 39.92665], [116.40426, 39.92618], [116.40438, 39.92583], [116.40444, 39.92554], [116.40449, 39.92317]]}, "properties": {"kind": "line", "line": "Line 8", "colour": "#009b77"}}, {"type": "Feature", "geometry": {"type": "LineString", "coordinates": [[116.28447, 39.97312], [116.28504, 39.97315], [116.28617, 39.97321], [116.2863, 39.97322], [116.28652, 39.97323]]}, "properties": {"kind": "line", "line": "", "colour": "#0092C7"}}, {"type": "Feature", "geometry": {"type": "LineString", "coordinates": [[116.41079, 39.99267], [116.41081, 39.99368], [116.41081, 39.9947], [116.41083, 39.99503], [116.411, 39.99639], [116.41112, 39.99734], [116.41118, 39.99767], [116.41127, 39.99829], [116.41136, 39.99896], [116.41143, 39.99977], [116.41143, 40.00047], [116.41137, 40.001], [116.41123, 40.0015], [116.41115, 40.00197], [116.41106, 40.00254], [116.41096, 40.00314], [116.41085, 40.00375], [116.41082, 40.00392], [116.41057, 40.00558], [116.41018, 40.0082], [116.41014, 40.0085], [116.41008, 40.00914], [116.41006, 40.00969], [116.41006, 40.01011], [116.41008, 40.01063], [116.41016, 40.01153], [116.41021, 40.01192], [116.41028, 40.01225], [116.41054, 40.01341], [116.41071, 40.01421], [116.411, 40.01547], [116.41129, 40.0169], [116.41138, 40.01779], [116.4114, 40.01807], [116.41143, 40.01839], [116.41144, 40.01883], [116.41144, 40.01994], [116.41144, 40.02215], [116.41149, 40.0233], [116.41148, 40.02362], [116.41151, 40.0239], [116.41154, 40.02409], [116.41157, 40.02426], [116.41162, 40.02448], [116.41175, 40.02517], [116.41184, 40.02563], [116.41185, 40.02579], [116.41187, 40.02678], [116.41189, 40.02769], [116.41191, 40.02837], [116.41193, 40.02902], [116.41193, 40.02962], [116.41193, 40.02993], [116.41191, 40.03028], [116.41188, 40.03059], [116.41183, 40.03092], [116.41175, 40.03127], [116.41147, 40.03244], [116.4112, 40.03362], [116.41114, 40.03377], [116.41106, 40.034], [116.41094, 40.03423], [116.41081, 40.03445], [116.41065, 40.03467], [116.41048, 40.03491], [116.41001, 40.03555], [116.40989, 40.03577], [116.40977, 40.03602], [116.40967, 40.03623], [116.4096, 40.03646], [116.40955, 40.03667], [116.40951, 40.03688], [116.40941, 40.03731], [116.40923, 40.03818], [116.40911, 40.03871], [116.40905, 40.0389], [116.40896, 40.03918], [116.40886, 40.03948], [116.40872, 40.03978], [116.40863, 40.03995], [116.40833, 40.0405], [116.40802, 40.04107], [116.40699, 40.04288], [116.40677, 40.04321], [116.40654, 40.04348], [116.40548, 40.04465], [116.4053, 40.04495], [116.40517, 40.0452], [116.40508, 40.04541], [116.40499, 40.04571], [116.40495, 40.04589], [116.40492, 40.04607], [116.40491, 40.04623], [116.4049, 40.04641], [116.40482, 40.04779]]}, "properties": {"kind": "line", "line": "Line 5", "colour": "#a6228c"}}, {"type": "Feature", "geometry": {"type": "LineString", "coordinates": [[116.59053, 40.03568], [116.59087, 40.03568], [116.59118, 40.03569], [116.59207, 40.03571], [116.59242, 40.03573], [116.59273, 40.03575], [116.59304, 40.03579], [116.59333, 40.03584], [116.59367, 40.03592], [116.59393, 40.03598], [116.59423, 40.03607], [116.59466, 40.03623], [116.59495, 40.03636], [116.59529, 40.03652], [116.59566, 40.03673], [116.59595, 40.03692], [116.59622, 40.03714], [116.59644, 40.03732], [116.59669, 40.03757], [116.59694, 40.03786], [116.59717, 40.03817], [116.59727, 40.03833], [116.59736, 40.03847], [116.59745, 40.03865], [116.59752, 40.03878]]}, "properties": {"kind": "line", "line": "Airport Express", "colour": "#a28e6b"}}, {"type": "Feature", "geometry": {"type": "LineString", "coordinates": [[116.36779, 39.90242], [116.36793, 39.89839], [116.36796, 39.89763], [116.36801, 39.89477], [116.36812, 39.88879], [116.36811, 39.8879], [116.36811, 39.88683], [116.36805, 39.88214], [116.36808, 39.87743], [116.36809, 39.87657], [116.36808, 39.87328], [116.3683, 39.8724], [116.36855, 39.87193], [116.36892, 39.87154], [116.36981, 39.87108], [116.3705, 39.87075], [116.37096, 39.8702], [116.37113, 39.86958], [116.37138, 39.86698], [116.37157, 39.86636], [116.37218, 39.86526], [116.37239, 39.86479], [116.37252, 39.86418], [116.37264, 39.86349], [116.37277, 39.86279], [116.37277, 39.86186], [116.37257, 39.86132], [116.37223, 39.86077], [116.37175, 39.86028], [116.36636, 39.85616], [116.36563, 39.8556], [116.36537, 39.85526], [116.36519, 39.85477], [116.36509, 39.85164], [116.36485, 39.8444], [116.36483, 39.84339], [116.36469, 39.83658], [116.36468, 39.83627], [116.36467, 39.83623]]}, "properties": {"kind": "line", "line": "Line 4", "colour": "#008e9c"}}, {"type": "Feature", "geometry": {"type": "LineString", "coordinates": [[116.26433, 40.00775], [116.26417, 40.00837], [116.2641, 40.00914], [116.26406, 40.01003], [116.26406, 40.01032], [116.26403, 40.01103]]}, "properties": {"kind": "line", "line": "Line 4", "colour": "#008e9c"}}, {"type": "Feature", "geometry": {"type": "LineString", "coordinates": [[116.42558, 39.96782], [116.42561, 39.96698], [116.42564, 39.96636], [116.42567, 39.96583], [116.4257, 39.96524], [116.42569, 39.96478], [116.42569, 39.9643], [116.42578, 39.96141], [116.42582, 39.96077], [116.42588, 39.96042], [116.42592, 39.96007], [116.42602, 39.95962], [116.42611, 39.95917], [116.42625, 39.95839]]}, "properties": {"kind": "line", "line": "", "colour": "#F9E700"}}, {"type": "Feature", "geometry": {"type": "LineString", "coordinates": [[116.42555, 39.96844], [116.42558, 39.96782]]}, "properties": {"kind": "line", "line": "", "colour": "#F9E700"}}, {"type": "Feature", "geometry": {"type": "LineString", "coordinates": [[116.33123, 40.00398], [116.33108, 40.00552], [116.33104, 40.00594], [116.33092, 40.00641], [116.33077, 40.00685], [116.33059, 40.00725], [116.33039, 40.0076], [116.33011, 40.00804], [116.3298, 40.00845], [116.32956, 40.00876], [116.32927, 40.00904], [116.32798, 40.0102], [116.32504, 40.01282], [116.32311, 40.01449], [116.32183, 40.01562], [116.32166, 40.01577], [116.32161, 40.01581]]}, "properties": {"kind": "line", "line": "", "colour": "#F9E700"}}, {"type": "Feature", "geometry": {"type": "LineString", "coordinates": [[116.39792, 40.05439], [116.40289, 40.05231], [116.40435, 40.05169], [116.40503, 40.05141], [116.40573, 40.05112], [116.41206, 40.04845]]}, "properties": {"kind": "line", "line": "Line 13", "colour": "#f7c800"}}, {"type": "Feature", "geometry": {"type": "LineString", "coordinates": [[116.30365, 40.07031], [116.30415, 40.07009], [116.30462, 40.06988], [116.30507, 40.06975], [116.3055, 40.06966], [116.30607, 40.06962], [116.30663, 40.06961], [116.30803, 40.06961], [116.30976, 40.0696], [116.31235, 40.06956], [116.31319, 40.06955], [116.31397, 40.06954], [116.3159, 40.0695], [116.32214, 40.0694]]}, "properties": {"kind": "line", "line": "", "colour": "#4a7fb5"}}, {"type": "Feature", "geometry": {"type": "LineString", "coordinates": [[116.33908, 40.06926], [116.33962, 40.06926], [116.34017, 40.06928], [116.34063, 40.06933], [116.34123, 40.06941], [116.34154, 40.06946], [116.34179, 40.06949], [116.34212, 40.06951], [116.34256, 40.06952], [116.34518, 40.06948], [116.3456, 40.06946], [116.34607, 40.06943], [116.34653, 40.06937], [116.34708, 40.06931], [116.34776, 40.06923], [116.34815, 40.06919], [116.34857, 40.06918], [116.35045, 40.06917], [116.35134, 40.06916]]}, "properties": {"kind": "line", "line": "Line 13", "colour": "#f7c800"}}, {"type": "Feature", "geometry": {"type": "LineString", "coordinates": [[116.35256, 40.06915], [116.35299, 40.06915], [116.3538, 40.06913], [116.35455, 40.06913], [116.35539, 40.06912], [116.35554, 40.06912]]}, "properties": {"kind": "line", "line": "Line 13", "colour": "#f7c800"}}, {"type": "Feature", "geometry": {"type": "LineString", "coordinates": [[116.41648, 40.04656], [116.42409, 40.0433], [116.42506, 40.04293], [116.42581, 40.04263]]}, "properties": {"kind": "line", "line": "", "colour": "#F9E700"}}, {"type": "Feature", "geometry": {"type": "LineString", "coordinates": [[116.44799, 40.03344], [116.44866, 40.0333], [116.44929, 40.03317], [116.44987, 40.03299], [116.45026, 40.03285], [116.45063, 40.03267], [116.45105, 40.03239], [116.45142, 40.03208], [116.45176, 40.03173], [116.45202, 40.03142], [116.45237, 40.03098], [116.45262, 40.03065], [116.45283, 40.03031], [116.45302, 40.0299], [116.45313, 40.02951], [116.45317, 40.02916], [116.45319, 40.02882], [116.4531, 40.02711], [116.45299, 40.0257], [116.45294, 40.02532], [116.45287, 40.02499], [116.45278, 40.02466], [116.45255, 40.02397]]}, "properties": {"kind": "line", "line": "Line 13", "colour": "#f7c800"}}, {"type": "Feature", "geometry": {"type": "LineString", "coordinates": [[116.42581, 40.04263], [116.42642, 40.04239]]}, "properties": {"kind": "line", "line": "Line 13", "colour": "#f7c800"}}, {"type": "Feature", "geometry": {"type": "LineString", "coordinates": [[116.42642, 40.04239], [116.42667, 40.04227], [116.42755, 40.04191], [116.42828, 40.0416], [116.42892, 40.04135], [116.43002, 40.04089], [116.43045, 40.0407], [116.43202, 40.04], [116.43231, 40.03986], [116.43262, 40.03972], [116.43289, 40.03958], [116.43328, 40.03938], [116.44595, 40.03402], [116.44649, 40.03381], [116.44713, 40.03363], [116.44799, 40.03344]]}, "properties": {"kind": "line", "line": "Line 13", "colour": "#f7c800"}}, {"type": "Feature", "geometry": {"type": "LineString", "coordinates": [[116.451, 40.01927], [116.44998, 40.01626], [116.4488, 40.0127], [116.44749, 40.00882], [116.44697, 40.00692]]}, "properties": {"kind": "line", "line": "Line 13", "colour": "#f7c800"}}, {"type": "Feature", "geometry": {"type": "LineString", "coordinates": [[116.45107, 40.01954], [116.451, 40.01927]]}, "properties": {"kind": "line", "line": "Line 13", "colour": "#f7c800"}}, {"type": "Feature", "geometry": {"type": "LineString", "coordinates": [[116.44688, 40.00668], [116.44668, 40.00606], [116.44579, 40.00342], [116.44499, 40.00105]]}, "properties": {"kind": "line", "line": "Line 13", "colour": "#f7c800"}}, {"type": "Feature", "geometry": {"type": "LineString", "coordinates": [[116.44697, 40.00692], [116.44688, 40.00668]]}, "properties": {"kind": "line", "line": "Line 13", "colour": "#f7c800"}}, {"type": "Feature", "geometry": {"type": "LineString", "coordinates": [[116.44499, 40.00105], [116.44481, 40.00043]]}, "properties": {"kind": "line", "line": "Line 13", "colour": "#f7c800"}}, {"type": "Feature", "geometry": {"type": "LineString", "coordinates": [[116.44481, 40.00043], [116.44441, 39.99927], [116.44407, 39.99845], [116.44369, 39.99761], [116.44324, 39.99679], [116.44245, 39.99557], [116.44149, 39.9942], [116.4411, 39.99361], [116.44072, 39.99302], [116.44065, 39.99291], [116.44054, 39.99275], [116.43912, 39.99056], [116.43733, 39.98788], [116.43716, 39.98762]]}, "properties": {"kind": "line", "line": "Line 13", "colour": "#f7c800"}}, {"type": "Feature", "geometry": {"type": "LineString", "coordinates": [[116.60685, 40.03802], [116.6065, 40.03778], [116.60617, 40.03757], [116.60591, 40.0374], [116.60562, 40.03722], [116.60556, 40.03719], [116.60535, 40.03708], [116.60505, 40.03695], [116.60475, 40.03682], [116.6044, 40.03671], [116.60404, 40.03662], [116.60369, 40.03655], [116.60335, 40.03651], [116.60305, 40.03649], [116.60272, 40.03649], [116.60241, 40.03649], [116.60212, 40.03651], [116.60182, 40.03655], [116.60156, 40.03659], [116.60119, 40.03669], [116.60088, 40.03678], [116.60049, 40.03692], [116.60025, 40.03704], [116.60002, 40.03716], [116.59978, 40.0373], [116.59955, 40.03745], [116.59932, 40.03763], [116.59915, 40.03777], [116.59894, 40.03797], [116.59875, 40.03819], [116.59861, 40.03841]]}, "properties": {"kind": "line", "line": "Airport Express", "colour": "#a28e6b"}}, {"type": "Feature", "geometry": {"type": "LineString", "coordinates": [[116.4072, 40.05607], [116.40719, 40.05557], [116.40724, 40.05487], [116.40726, 40.0545], [116.40726, 40.05434], [116.40726, 40.0542], [116.40723, 40.054], [116.40718, 40.05377], [116.4071, 40.05352], [116.40702, 40.0533], [116.40695, 40.05313], [116.40685, 40.05293], [116.40675, 40.05278], [116.40661, 40.05261], [116.40648, 40.05248], [116.4063, 40.05233], [116.4061, 40.0522], [116.40591, 40.05209], [116.40568, 40.05199], [116.40547, 40.05192], [116.40524, 40.05188], [116.40498, 40.05185], [116.4047, 40.05184], [116.4044, 40.05185], [116.40423, 40.05187], [116.40386, 40.05197], [116.4035, 40.05209]]}, "properties": {"kind": "line", "line": "", "colour": "#4a7fb5"}}, {"type": "Feature", "geometry": {"type": "LineString", "coordinates": [[116.40679, 40.08209], [116.40674, 40.08287], [116.40673, 40.08301], [116.40672, 40.08309], [116.40666, 40.08382], [116.40668, 40.08392]]}, "properties": {"kind": "line", "line": "Line 5", "colour": "#a6228c"}}, {"type": "Feature", "geometry": {"type": "LineString", "coordinates": [[116.60609, 40.07454], [116.60615, 40.0741]]}, "properties": {"kind": "line", "line": "Airport Express", "colour": "#a28e6b"}}, {"type": "Feature", "geometry": {"type": "LineString", "coordinates": [[116.60904, 40.05656], [116.60892, 40.05731]]}, "properties": {"kind": "line", "line": "Airport Express", "colour": "#a28e6b"}}, {"type": "Feature", "geometry": {"type": "LineString", "coordinates": [[116.58568, 39.80251], [116.58619, 39.80295], [116.59527, 39.81075], [116.59615, 39.81153]]}, "properties": {"kind": "line", "line": "Yizhuang Line", "colour": "#d40f5a"}}, {"type": "Feature", "geometry": {"type": "LineString", "coordinates": [[116.56352, 39.78598], [116.56573, 39.78709], [116.56717, 39.78783], [116.56799, 39.78829], [116.5686, 39.78869], [116.56946, 39.7893], [116.57099, 39.7904], [116.57192, 39.79102], [116.5728, 39.79169], [116.57469, 39.7932], [116.57533, 39.79372], [116.58568, 39.80251]]}, "properties": {"kind": "line", "line": "", "colour": "#4a7fb5"}}, {"type": "Feature", "geometry": {"type": "LineString", "coordinates": [[116.52152, 40.03437], [116.52231, 40.03471], [116.52275, 40.03496], [116.52299, 40.0351], [116.52326, 40.03528], [116.52354, 40.03548], [116.52384, 40.0357], [116.52422, 40.03601], [116.52449, 40.03624], [116.52471, 40.03648], [116.52495, 40.03675], [116.52517, 40.03699], [116.52536, 40.03724], [116.52557, 40.03754], [116.52592, 40.03811], [116.52638, 40.039], [116.52705, 40.0403], [116.52787, 40.04195], [116.52815, 40.04247], [116.52863, 40.04334], [116.5289, 40.0439], [116.52919, 40.04448], [116.53022, 40.04664], [116.53049, 40.04718], [116.53065, 40.04745], [116.53078, 40.04766], [116.53169, 40.04911], [116.53355, 40.05212], [116.53387, 40.05259], [116.53412, 40.05296], [116.53436, 40.05324], [116.53462, 40.05353], [116.53495, 40.05386], [116.53511, 40.05401], [116.53525, 40.05414], [116.53539, 40.05427], [116.53558, 40.05443], [116.5359, 40.0547], [116.53618, 40.05491], [116.53635, 40.05503], [116.53653, 40.05515], [116.53675, 40.05528], [116.53716, 40.05553], [116.53771, 40.05585], [116.5417, 40.05807], [116.54191, 40.0582], [116.54214, 40.05834], [116.54234, 40.05847], [116.54256, 40.05861], [116.5428, 40.05879], [116.54303, 40.05897], [116.54322, 40.05912], [116.54673, 40.0622], [116.54708, 40.06255], [116.54733, 40.06281], [116.54746, 40.06297], [116.54759, 40.06313], [116.54772, 40.0633], [116.54786, 40.06347], [116.54799, 40.06368], [116.54811, 40.06388], [116.54831, 40.06426], [116.54847, 40.0646], [116.54861, 40.06495], [116.54871, 40.06524], [116.54879, 40.06555], [116.54885, 40.0658], [116.54904, 40.06677], [116.54912, 40.06731], [116.54919, 40.06765], [116.54934, 40.06828], [116.54946, 40.0689], [116.54957, 40.0695], [116.54961, 40.07], [116.54964, 40.07021], [116.54966, 40.07044], [116.54971, 40.07071], [116.55155, 40.08143], [116.55161, 40.0817], [116.55184, 40.08272], [116.55194, 40.08334], [116.55203, 40.08394], [116.55214, 40.08485], [116.55222, 40.08536], [116.55307, 40.09043], [116.55596, 40.10712], [116.55601, 40.10739], [116.55609, 40.10772], [116.55616, 40.10797], [116.55623, 40.10821], [116.55632, 40.10847], [116.55641, 40.10873], [116.5565, 40.10899], [116.55663, 40.10933], [116.55682, 40.10985], [116.55692, 40.11013], [116.55708, 40.11056], [116.55715, 40.11074], [116.55724, 40.11094], [116.55732, 40.11111], [116.5574, 40.11125], [116.55748, 40.1114], [116.55757, 40.11156], [116.55768, 40.11175], [116.55779, 40.11191], [116.55792, 40.11209], [116.55817, 40.11245], [116.55854, 40.11298], [116.55894, 40.11357], [116.56064, 40.11604], [116.56138, 40.11708], [116.56161, 40.11737], [116.5619, 40.11773], [116.56216, 40.11799], [116.5624, 40.11823], [116.56521, 40.12046], [116.56753, 40.1223], [116.57024, 40.12444], [116.57065, 40.12476], [116.57099, 40.12501], [116.57127, 40.1252], [116.57151, 40.12534], [116.57175, 40.12549], [116.57201, 40.12564], [116.57237, 40.12582], [116.57269, 40.12597], [116.57313, 40.12615], [116.57362, 40.12633], [116.57416, 40.1265], [116.57462, 40.12662], [116.57539, 40.12678], [116.57569, 40.12682], [116.576, 40.12686], [116.57635, 40.1269], [116.57675, 40.12693], [116.57722, 40.12695], [116.57804, 40.12696], [116.59317, 40.12715], [116.59682, 40.12721]]}, "properties": {"kind": "line", "line": "Line 15", "colour": "#653279"}}, {"type": "Feature", "geometry": {"type": "LineString", "coordinates": [[116.28128, 39.80478], [116.28203, 39.80505], [116.28362, 39.80571], [116.28388, 39.80582], [116.28548, 39.80643], [116.28649, 39.80682], [116.28673, 39.80692], [116.28705, 39.80702], [116.28741, 39.80712], [116.28776, 39.80719], [116.28813, 39.80726], [116.29376, 39.80802], [116.29443, 39.80813], [116.29489, 39.80826], [116.29526, 39.80842], [116.29563, 39.80861], [116.29589, 39.80888], [116.29601, 39.80913], [116.29613, 39.80944], [116.29624, 39.80996], [116.29626, 39.81055]]}, "properties": {"kind": "line", "line": "Fangshan Line", "colour": "#d4802a"}}, {"type": "Feature", "geometry": {"type": "LineString", "coordinates": [[116.4429, 39.99443], [116.44388, 39.99468]]}, "properties": {"kind": "line", "line": "", "colour": "#4a7fb5"}}, {"type": "Feature", "geometry": {"type": "LineString", "coordinates": [[116.32335, 39.78181], [116.32345, 39.78114], [116.32386, 39.77891], [116.32406, 39.7767], [116.32423, 39.77481], [116.32425, 39.77457], [116.32438, 39.77303], [116.32452, 39.77148], [116.32551, 39.76314], [116.32558, 39.76228], [116.32564, 39.76143], [116.32591, 39.75279], [116.32592, 39.7518], [116.32593, 39.75025], [116.32625, 39.74175], [116.32634, 39.73948], [116.32648, 39.73042], [116.32661, 39.7215], [116.32663, 39.72095], [116.3266, 39.72061], [116.32652, 39.72028], [116.32632, 39.71992], [116.32602, 39.71957], [116.3256, 39.71925], [116.32485, 39.7188], [116.32416, 39.71849], [116.32342, 39.71831], [116.32044, 39.71795], [116.31602, 39.71733], [116.31481, 39.7171], [116.31391, 39.71676], [116.31326, 39.71638], [116.31276, 39.716], [116.31238, 39.7155], [116.31217, 39.71496], [116.31204, 39.71434], [116.31216, 39.71376], [116.31244, 39.71279], [116.31262, 39.71213], [116.31286, 39.7115], [116.31298, 39.7111], [116.31314, 39.71032], [116.31509, 39.70653], [116.31619, 39.70027], [116.31563, 39.68512], [116.31558, 39.68352], [116.31547, 39.68267], [116.314, 39.67717], [116.31388, 39.67034], [116.31387, 39.66899], [116.31383, 39.66783]]}, "properties": {"kind": "line", "line": "", "colour": "#4a7fb5"}}, {"type": "Feature", "geometry": {"type": "LineString", "coordinates": [[116.29587, 39.81075], [116.29585, 39.81048], [116.29581, 39.81009], [116.29569, 39.8095], [116.29556, 39.80914], [116.29541, 39.8089], [116.2952, 39.8087], [116.29488, 39.80852], [116.29456, 39.8084], [116.2942, 39.80831], [116.2881, 39.80733], [116.28773, 39.80726], [116.28741, 39.80719], [116.28706, 39.80708], [116.28672, 39.80696], [116.28647, 39.80686], [116.28546, 39.80647], [116.28412, 39.80595], [116.2836, 39.80574], [116.28201, 39.8051], [116.28125, 39.80483]]}, "properties": {"kind": "line", "line": "Fangshan Line", "colour": "#d4802a"}}, {"type": "Feature", "geometry": {"type": "LineString", "coordinates": [[116.28125, 39.80483], [116.28035, 39.80453], [116.27935, 39.80423], [116.27849, 39.80397], [116.27794, 39.80378], [116.27741, 39.80358], [116.27297, 39.80163], [116.27239, 39.80137], [116.27171, 39.80111], [116.27107, 39.8009], [116.27047, 39.80073], [116.26982, 39.80057], [116.26929, 39.80046], [116.26881, 39.80036], [116.26819, 39.80027], [116.25726, 39.79912], [116.25619, 39.79899], [116.25551, 39.79888], [116.24321, 39.79683], [116.24119, 39.79647], [116.24005, 39.79632], [116.23903, 39.79621], [116.23825, 39.79615], [116.22335, 39.79538], [116.22254, 39.79531], [116.22154, 39.79518], [116.21988, 39.7949], [116.21951, 39.79484], [116.21912, 39.79478], [116.21848, 39.79468], [116.21791, 39.79458], [116.21727, 39.79447], [116.21388, 39.79386], [116.21342, 39.79378], [116.21278, 39.79365], [116.21211, 39.79353], [116.21147, 39.7934], [116.21115, 39.79332], [116.21084, 39.79323], [116.21059, 39.79313], [116.21034, 39.79303], [116.21016, 39.79295], [116.20999, 39.79287], [116.20979, 39.79277], [116.20962, 39.79267], [116.20943, 39.79255], [116.20925, 39.79242], [116.20907, 39.79229], [116.20889, 39.79215], [116.20866, 39.79193], [116.20846, 39.79172], [116.20826, 39.79147], [116.20807, 39.79121], [116.2079, 39.79092], [116.20778, 39.79066], [116.2077, 39.79048], [116.20763, 39.79026], [116.20756, 39.78998], [116.20752, 39.78976], [116.2075, 39.78957], [116.20749, 39.78931], [116.2075, 39.78906], [116.20754, 39.78866], [116.20766, 39.78826], [116.20894, 39.78485], [116.20929, 39.78372], [116.20947, 39.78316], [116.20964, 39.78255], [116.21004, 39.78107], [116.21015, 39.78053], [116.21028, 39.77989], [116.21037, 39.77936], [116.21051, 39.77858], [116.21072, 39.7772], [116.21104, 39.77519], [116.21157, 39.77143], [116.21168, 39.7708], [116.21187, 39.7701], [116.21194, 39.76963], [116.21222, 39.76593], [116.21216, 39.76554], [116.21199, 39.76502], [116.21184, 39.76475], [116.21166, 39.76448], [116.21134, 39.76409]]}, "properties": {"kind": "line", "line": "Fangshan Line", "colour": "#d4802a"}}, {"type": "Feature", "geometry": {"type": "LineString", "coordinates": [[116.30036, 40.05119], [116.30009, 40.0517], [116.29982, 40.05221]]}, "properties": {"kind": "line", "line": "Changping Line", "colour": "#e56db1"}}, {"type": "Feature", "geometry": {"type": "LineString", "coordinates": [[116.29943, 40.05279], [116.29968, 40.05247]]}, "properties": {"kind": "line", "line": "", "colour": "#ecb2e9"}}, {"type": "Feature", "geometry": {"type": "LineString", "coordinates": [[116.26918, 40.17745], [116.27003, 40.17436], [116.27032, 40.17333], [116.27059, 40.17257], [116.27106, 40.17129], [116.272, 40.16895], [116.27216, 40.16851], [116.27231, 40.16811], [116.2725, 40.16758], [116.27273, 40.16707], [116.27298, 40.1665], [116.27398, 40.16416], [116.27431, 40.16338], [116.27455, 40.16282], [116.27472, 40.16245], [116.27488, 40.16206], [116.27521, 40.16132], [116.27541, 40.16087], [116.27634, 40.15858], [116.27679, 40.15755], [116.27733, 40.15627], [116.27812, 40.15456], [116.27895, 40.15291], [116.27967, 40.15141], [116.28074, 40.14929], [116.28088, 40.14902], [116.281, 40.14881], [116.28109, 40.14866], [116.28131, 40.14838], [116.28149, 40.14815], [116.28167, 40.14796], [116.2822, 40.14746], [116.28272, 40.14701], [116.28324, 40.14655], [116.28381, 40.14606], [116.28403, 40.14585], [116.28425, 40.14564], [116.28444, 40.14541], [116.28464, 40.14519], [116.28481, 40.14496], [116.28497, 40.14472], [116.28513, 40.14448], [116.28529, 40.14421], [116.28627, 40.14224], [116.28646, 40.14181], [116.28658, 40.14143], [116.28666, 40.14116], [116.2867, 40.14093], [116.28752, 40.13607], [116.28755, 40.13585], [116.28769, 40.13483], [116.28771, 40.13456], [116.28783, 40.13273], [116.28785, 40.13177], [116.28787, 40.13147], [116.28789, 40.13121], [116.28789, 40.13096], [116.28788, 40.13073], [116.28784, 40.13025], [116.2878, 40.12967], [116.28776, 40.1291], [116.28774, 40.12867], [116.28774, 40.12843], [116.28776, 40.12815], [116.28778, 40.12799], [116.28781, 40.1278], [116.28785, 40.12762], [116.2879, 40.12745], [116.28799, 40.12722], [116.28807, 40.12706], [116.28815, 40.1269], [116.28826, 40.12673], [116.28836, 40.12657], [116.2885, 40.12638], [116.28867, 40.12619], [116.28882, 40.12603], [116.28899, 40.12588], [116.28916, 40.12573], [116.28935, 40.12559], [116.28956, 40.12544], [116.28979, 40.1253], [116.29001, 40.12516], [116.29028, 40.12504], [116.29052, 40.12493], [116.2908, 40.12483], [116.29111, 40.12473], [116.29145, 40.12464], [116.29176, 40.12458], [116.29209, 40.12452], [116.29241, 40.12449], [116.29265, 40.12447], [116.29361, 40.12444], [116.2963, 40.12437], [116.29687, 40.12432], [116.29735, 40.12424], [116.29798, 40.12409], [116.29844, 40.12392], [116.2989, 40.12373], [116.29927, 40.12351], [116.29962, 40.12328], [116.29996, 40.12299], [116.30025, 40.12268], [116.3005, 40.12237], [116.30076, 40.122], [116.30096, 40.12166], [116.30111, 40.12131], [116.30125, 40.12088], [116.30227, 40.11778], [116.30257, 40.11688], [116.30273, 40.11642], [116.30342, 40.11413], [116.3036, 40.11354], [116.3041, 40.11194], [116.30421, 40.11157], [116.30444, 40.11103], [116.30472, 40.11048], [116.30503, 40.10986], [116.30516, 40.1096], [116.30533, 40.10921], [116.30548, 40.10884], [116.30563, 40.10835], [116.3059, 40.10753], [116.30672, 40.105], [116.30714, 40.10371], [116.30738, 40.10299], [116.30762, 40.10226], [116.3078, 40.10169], [116.30804, 40.10096], [116.30811, 40.10075], [116.30826, 40.10029], [116.30833, 40.10008], [116.30837, 40.09991], [116.3084, 40.09972], [116.30841, 40.09953], [116.30841, 40.09931], [116.3084, 40.09909], [116.30839, 40.09892], [116.30833, 40.0987], [116.30827, 40.0985], [116.30818, 40.09829], [116.30808, 40.09811], [116.30796, 40.09792], [116.30777, 40.09767], [116.30761, 40.09749], [116.30742, 40.09731], [116.30724, 40.09716], [116.30703, 40.097], [116.30686, 40.09689], [116.30659, 40.09674], [116.30631, 40.0966], [116.30589, 40.09643], [116.30548, 40.09633], [116.3051, 40.09627], [116.30435, 40.09615], [116.30389, 40.09607], [116.30325, 40.09598], [116.30257, 40.09589], [116.30218, 40.09584], [116.30177, 40.09576], [116.30132, 40.09567], [116.30104, 40.09561], [116.30002, 40.09539], [116.29797, 40.09485], [116.29715, 40.09464], [116.29672, 40.09454], [116.29637, 40.09447], [116.29568, 40.09438], [116.29535, 40.09435], [116.29497, 40.09433], [116.29459, 40.09432], [116.29391, 40.09431], [116.29353, 40.0943], [116.29313, 40.09428], [116.2928, 40.09424], [116.29242, 40.09419], [116.29123, 40.09403], [116.29036, 40.09391], [116.29011, 40.09388], [116.28967, 40.09384], [116.28947, 40.09382], [116.28894, 40.09375], [116.28817, 40.09363], [116.2874, 40.09351], [116.2872, 40.09348], [116.28695, 40.09344], [116.28672, 40.09338], [116.28648, 40.09331], [116.28619, 40.09322], [116.28561, 40.093], [116.28305, 40.09196], [116.28268, 40.09181], [116.28244, 40.0917], [116.2822, 40.09159], [116.28193, 40.09145], [116.28165, 40.09128], [116.28141, 40.0911], [116.28119, 40.09094], [116.28095, 40.09073], [116.28072, 40.09048], [116.28055, 40.09028], [116.28035, 40.09001], [116.28019, 40.08972], [116.28005, 40.08942], [116.27995, 40.08917], [116.27987, 40.08888], [116.2798, 40.08854], [116.27978, 40.08827], [116.27978, 40.08797], [116.27981, 40.08767], [116.27985, 40.08744], [116.27992, 40.08718], [116.28002, 40.0869], [116.28016, 40.08656], [116.28309, 40.07963], [116.28326, 40.07924], [116.28339, 40.07899], [116.28351, 40.07878], [116.28369, 40.07854], [116.28385, 40.07831], [116.28402, 40.0781], [116.28425, 40.07782], [116.28584, 40.07592], [116.28752, 40.07394], [116.289, 40.07188], [116.28942, 40.07128], [116.28969, 40.0708], [116.28972, 40.07074]]}, "properties": {"kind": "line", "line": "Changping Line", "colour": "#e56db1"}}, {"type": "Feature", "geometry": {"type": "LineString", "coordinates": [[116.34625, 39.94244], [116.34627, 39.94234], [116.34629, 39.94224]]}, "properties": {"kind": "line", "line": "", "colour": "#4a7fb5"}}, {"type": "Feature", "geometry": {"type": "LineString", "coordinates": [[116.31882, 40.01976], [116.31856, 40.02042], [116.31828, 40.02111], [116.31769, 40.02267], [116.31705, 40.0243], [116.31551, 40.02827], [116.3152, 40.02908]]}, "properties": {"kind": "line", "line": "", "colour": "#F9E700"}}, {"type": "Feature", "geometry": {"type": "LineString", "coordinates": [[116.31514, 40.02934], [116.31481, 40.03016], [116.31463, 40.03049]]}, "properties": {"kind": "line", "line": "", "colour": "#F9E700"}}, {"type": "Feature", "geometry": {"type": "LineString", "coordinates": [[116.31524, 40.02908], [116.31514, 40.02934]]}, "properties": {"kind": "line", "line": "", "colour": "#F9E700"}}, {"type": "Feature", "geometry": {"type": "LineString", "coordinates": [[116.34621, 39.94242], [116.34627, 39.94234], [116.34633, 39.94226]]}, "properties": {"kind": "line", "line": "", "colour": "#4a7fb5"}}, {"type": "Feature", "geometry": {"type": "LineString", "coordinates": [[116.31916, 40.01888], [116.31882, 40.01976]]}, "properties": {"kind": "line", "line": "", "colour": "#F9E700"}}, {"type": "Feature", "geometry": {"type": "LineString", "coordinates": [[116.34715, 39.94043], [116.34652, 39.94206], [116.34638, 39.94235], [116.34626, 39.94256], [116.34608, 39.94289]]}, "properties": {"kind": "line", "line": "Line 13", "colour": "#f7c800"}}, {"type": "Feature", "geometry": {"type": "LineString", "coordinates": [[116.31143, 40.03652], [116.31044, 40.03773], [116.31015, 40.03807], [116.30989, 40.03838], [116.30985, 40.03843], [116.30873, 40.03981], [116.30753, 40.04129], [116.30752, 40.0413], [116.30702, 40.04196], [116.30675, 40.04234], [116.30636, 40.04293], [116.30572, 40.04382], [116.30526, 40.04444], [116.3043, 40.04551], [116.30398, 40.04586], [116.30383, 40.04603], [116.3028, 40.04737], [116.30248, 40.04781], [116.302, 40.04854], [116.30147, 40.04956]]}, "properties": {"kind": "line", "line": "Line 13", "colour": "#f7c800"}}, {"type": "Feature", "geometry": {"type": "LineString", "coordinates": [[116.32214, 40.0694], [116.32354, 40.0694], [116.32502, 40.06939], [116.32571, 40.06938], [116.3272, 40.06936], [116.32847, 40.06935]]}, "properties": {"kind": "line", "line": "Line 13", "colour": "#f7c800"}}, {"type": "Feature", "geometry": {"type": "LineString", "coordinates": [[116.32847, 40.06935], [116.32897, 40.06934]]}, "properties": {"kind": "line", "line": "Line 13", "colour": "#f7c800"}}, {"type": "Feature", "geometry": {"type": "LineString", "coordinates": [[116.30002, 40.05227], [116.29999, 40.05232], [116.2988, 40.0545], [116.29845, 40.05518]]}, "properties": {"kind": "line", "line": "", "colour": "#F9E700"}}, {"type": "Feature", "geometry": {"type": "LineString", "coordinates": [[116.32905, 40.06934], [116.32925, 40.06934], [116.32988, 40.06933], [116.33069, 40.06933], [116.33163, 40.06932], [116.33284, 40.06931]]}, "properties": {"kind": "line", "line": "Line 13", "colour": "#f7c800"}}, {"type": "Feature", "geometry": {"type": "LineString", "coordinates": [[116.30147, 40.04956], [116.30135, 40.04982]]}, "properties": {"kind": "line", "line": "", "colour": "#F9E700"}}, {"type": "Feature", "geometry": {"type": "LineString", "coordinates": [[116.43648, 39.98648], [116.43708, 39.98743]]}, "properties": {"kind": "line", "line": "Line 13", "colour": "#f7c800"}}, {"type": "Feature", "geometry": {"type": "LineString", "coordinates": [[116.42634, 39.95793], [116.42647, 39.95741], [116.4266, 39.9568], [116.42671, 39.95621], [116.42681, 39.95553], [116.42687, 39.95519], [116.427, 39.95477], [116.42717, 39.95431], [116.42727, 39.95408], [116.42736, 39.95388], [116.42745, 39.95364], [116.4275, 39.95342], [116.42756, 39.953], [116.42756, 39.95245]]}, "properties": {"kind": "line", "line": "", "colour": "#F9E700"}}, {"type": "Feature", "geometry": {"type": "LineString", "coordinates": [[116.42584, 40.04266], [116.42508, 40.04296], [116.42412, 40.04333], [116.41651, 40.04659]]}, "properties": {"kind": "line", "line": "", "colour": "#F9E700"}}, {"type": "Feature", "geometry": {"type": "LineString", "coordinates": [[116.44803, 40.03348], [116.44718, 40.03368], [116.44654, 40.03385], [116.44602, 40.03406], [116.43342, 40.03939], [116.43303, 40.03958], [116.43261, 40.03979], [116.43208, 40.04004], [116.4307, 40.04063], [116.42895, 40.04138], [116.42832, 40.04164], [116.42758, 40.04195], [116.42664, 40.04234], [116.42644, 40.04242]]}, "properties": {"kind": "line", "line": "Line 13", "colour": "#f7c800"}}, {"type": "Feature", "geometry": {"type": "LineString", "coordinates": [[116.42629, 39.9584], [116.42616, 39.95917], [116.42607, 39.95963], [116.42597, 39.96007], [116.42592, 39.96042], [116.42587, 39.96077], [116.42584, 39.96141], [116.42573, 39.9643], [116.42573, 39.96478], [116.42574, 39.96524], [116.4257, 39.9661], [116.42569, 39.96636], [116.42567, 39.96699], [116.42564, 39.96782]]}, "properties": {"kind": "line", "line": "", "colour": "#F9E700"}}, {"type": "Feature", "geometry": {"type": "LineString", "coordinates": [[116.42897, 39.97512], [116.42932, 39.97567]]}, "properties": {"kind": "line", "line": "Line 13", "colour": "#f7c800"}}, {"type": "Feature", "geometry": {"type": "LineString", "coordinates": [[116.4355, 39.98504], [116.4353, 39.98474]]}, "properties": {"kind": "line", "line": "Line 13", "colour": "#f7c800"}}, {"type": "Feature", "geometry": {"type": "LineString", "coordinates": [[116.4372, 39.98761], [116.43736, 39.98787], [116.43915, 39.99055], [116.4406, 39.99274], [116.4407, 39.99289], [116.44077, 39.993], [116.44116, 39.99359], [116.44156, 39.99418], [116.44252, 39.99555], [116.44329, 39.99678], [116.44374, 39.99761], [116.44411, 39.99845], [116.44446, 39.99927], [116.44486, 40.00043]]}, "properties": {"kind": "line", "line": "Line 13", "colour": "#f7c800"}}, {"type": "Feature", "geometry": {"type": "LineString", "coordinates": [[116.36185, 40.06897], [116.36136, 40.06903]]}, "properties": {"kind": "line", "line": "", "colour": "#F9E700"}}, {"type": "Feature", "geometry": {"type": "LineString", "coordinates": [[116.42717, 39.97244], [116.42741, 39.97282]]}, "properties": {"kind": "line", "line": "", "colour": "#F9E700"}}, {"type": "Feature", "geometry": {"type": "LineString", "coordinates": [[116.45113, 40.01954], [116.45156, 40.02081], [116.45161, 40.02098], [116.45206, 40.02225], [116.4526, 40.02396]]}, "properties": {"kind": "line", "line": "Line 13", "colour": "#f7c800"}}, {"type": "Feature", "geometry": {"type": "LineString", "coordinates": [[116.42738, 39.97283], [116.42713, 39.97245]]}, "properties": {"kind": "line", "line": "", "colour": "#F9E700"}}, {"type": "Feature", "geometry": {"type": "LineString", "coordinates": [[116.42761, 39.95245], [116.42761, 39.953], [116.42754, 39.95342], [116.42748, 39.95364], [116.4274, 39.95388], [116.4273, 39.95409], [116.42721, 39.95433], [116.42704, 39.95479], [116.42691, 39.95519], [116.42685, 39.95553], [116.42675, 39.95621], [116.42664, 39.95681], [116.42652, 39.95741], [116.42639, 39.95793]]}, "properties": {"kind": "line", "line": "", "colour": "#F9E700"}}, {"type": "Feature", "geometry": {"type": "LineString", "coordinates": [[116.42713, 39.97245], [116.42613, 39.97077], [116.42601, 39.97052], [116.42589, 39.97028], [116.4258, 39.97003], [116.42572, 39.96981], [116.42567, 39.96961], [116.42563, 39.96944], [116.42556, 39.96897], [116.42555, 39.96844]]}, "properties": {"kind": "line", "line": "Line 13", "colour": "#f7c800"}}, {"type": "Feature", "geometry": {"type": "LineString", "coordinates": [[116.41209, 40.04848], [116.40575, 40.05115], [116.40505, 40.05143], [116.40437, 40.05172], [116.4035, 40.05209], [116.40327, 40.05219], [116.39791, 40.05443]]}, "properties": {"kind": "line", "line": "Line 13", "colour": "#f7c800"}}, {"type": "Feature", "geometry": {"type": "LineString", "coordinates": [[116.43533, 39.98473], [116.43552, 39.98503]]}, "properties": {"kind": "line", "line": "Line 13", "colour": "#f7c800"}}, {"type": "Feature", "geometry": {"type": "LineString", "coordinates": [[116.44486, 40.00043], [116.44506, 40.00108]]}, "properties": {"kind": "line", "line": "Line 13", "colour": "#f7c800"}}, {"type": "Feature", "geometry": {"type": "LineString", "coordinates": [[116.43618, 39.98609], [116.4357, 39.98534], [116.4355, 39.98504]]}, "properties": {"kind": "line", "line": "Line 13", "colour": "#f7c800"}}, {"type": "Feature", "geometry": {"type": "LineString", "coordinates": [[116.42929, 39.97568], [116.42893, 39.97514]]}, "properties": {"kind": "line", "line": "Line 13", "colour": "#f7c800"}}, {"type": "Feature", "geometry": {"type": "LineString", "coordinates": [[116.42741, 39.97282], [116.42799, 39.97364], [116.42897, 39.97512]]}, "properties": {"kind": "line", "line": "Line 13", "colour": "#f7c800"}}, {"type": "Feature", "geometry": {"type": "LineString", "coordinates": [[116.35134, 40.06921], [116.35045, 40.06921], [116.34857, 40.06923], [116.34815, 40.06925], [116.34776, 40.06928], [116.34708, 40.06935], [116.34655, 40.06941], [116.34608, 40.06947], [116.3456, 40.06951], [116.34518, 40.06953], [116.34256, 40.06955], [116.3421, 40.06955], [116.34179, 40.06952], [116.34153, 40.06949], [116.34121, 40.06945], [116.34063, 40.06936], [116.34016, 40.06932], [116.33962, 40.0693], [116.33908, 40.0693]]}, "properties": {"kind": "line", "line": "Line 13", "colour": "#f7c800"}}, {"type": "Feature", "geometry": {"type": "LineString", "coordinates": [[116.43622, 39.98607], [116.43648, 39.98648]]}, "properties": {"kind": "line", "line": "Line 13", "colour": "#f7c800"}}, {"type": "Feature", "geometry": {"type": "LineString", "coordinates": [[116.44702, 40.00691], [116.44755, 40.00881], [116.44886, 40.01269], [116.45003, 40.01625], [116.45084, 40.01865], [116.45105, 40.01928]]}, "properties": {"kind": "line", "line": "Line 13", "colour": "#f7c800"}}, {"type": "Feature", "geometry": {"type": "LineString", "coordinates": [[116.42625, 39.95839], [116.42634, 39.95793]]}, "properties": {"kind": "line", "line": "", "colour": "#F9E700"}}, {"type": "Feature", "geometry": {"type": "LineString", "coordinates": [[116.39791, 40.05443], [116.39333, 40.05636]]}, "properties": {"kind": "line", "line": "", "colour": "#F9E700"}}, {"type": "Feature", "geometry": {"type": "LineString", "coordinates": [[116.42893, 39.97514], [116.42795, 39.97365], [116.42738, 39.97283]]}, "properties": {"kind": "line", "line": "Line 13", "colour": "#f7c800"}}, {"type": "Feature", "geometry": {"type": "LineString", "coordinates": [[116.36185, 40.06893], [116.36244, 40.06886], [116.36307, 40.06875], [116.36394, 40.06854], [116.36484, 40.0683], [116.36563, 40.068], [116.36639, 40.06769], [116.36829, 40.06689], [116.37237, 40.06517]]}, "properties": {"kind": "line", "line": "Line 13", "colour": "#f7c800"}}, {"type": "Feature", "geometry": {"type": "LineString", "coordinates": [[116.42644, 40.04242], [116.42584, 40.04266]]}, "properties": {"kind": "line", "line": "Line 13", "colour": "#f7c800"}}, {"type": "Feature", "geometry": {"type": "LineString", "coordinates": [[116.4526, 40.02396], [116.45283, 40.02465], [116.45291, 40.02498], [116.45299, 40.02531], [116.45304, 40.0257], [116.45314, 40.02711], [116.45324, 40.02881], [116.45323, 40.02915], [116.45317, 40.02951], [116.45306, 40.02991], [116.45288, 40.03033], [116.45266, 40.03066], [116.45241, 40.03099], [116.45206, 40.03144], [116.45179, 40.03176], [116.45145, 40.03211], [116.45107, 40.03241], [116.45065, 40.03268], [116.45028, 40.03286], [116.44989, 40.03302], [116.4493, 40.0332], [116.44867, 40.03333], [116.44803, 40.03348]]}, "properties": {"kind": "line", "line": "Line 13", "colour": "#f7c800"}}, {"type": "Feature", "geometry": {"type": "LineString", "coordinates": [[116.34584, 39.94335], [116.34596, 39.94317]]}, "properties": {"kind": "line", "line": "", "colour": "#4a7fb5"}}, {"type": "Feature", "geometry": {"type": "LineString", "coordinates": [[116.43644, 39.9865], [116.43618, 39.98609]]}, "properties": {"kind": "line", "line": "Line 13", "colour": "#f7c800"}}, {"type": "Feature", "geometry": {"type": "LineString", "coordinates": [[116.42564, 39.96782], [116.42559, 39.96844]]}, "properties": {"kind": "line", "line": "", "colour": "#F9E700"}}, {"type": "Feature", "geometry": {"type": "LineString", "coordinates": [[116.29817, 40.07007], [116.29774, 40.06981], [116.29745, 40.06964], [116.29693, 40.0692], [116.29427, 40.06611], [116.29383, 40.06551], [116.29361, 40.06504], [116.29352, 40.06484], [116.29344, 40.06403]]}, "properties": {"kind": "line", "line": "", "colour": "#4a7fb5"}}, {"type": "Feature", "geometry": {"type": "LineString", "coordinates": [[116.43708, 39.98743], [116.4372, 39.98761]]}, "properties": {"kind": "line", "line": "", "colour": "#F9E700"}}, {"type": "Feature", "geometry": {"type": "LineString", "coordinates": [[116.45105, 40.01928], [116.45113, 40.01954]]}, "properties": {"kind": "line", "line": "Line 13", "colour": "#f7c800"}}, {"type": "Feature", "geometry": {"type": "LineString", "coordinates": [[116.32214, 40.06944], [116.3159, 40.06954], [116.31397, 40.06959], [116.31319, 40.06959], [116.31235, 40.0696], [116.30977, 40.06964], [116.30803, 40.06964], [116.30664, 40.06965], [116.30607, 40.06966], [116.30598, 40.06967], [116.3055, 40.06971], [116.3051, 40.06979], [116.30465, 40.06992], [116.30417, 40.07012], [116.30367, 40.07035]]}, "properties": {"kind": "line", "line": "", "colour": "#4a7fb5"}}, {"type": "Feature", "geometry": {"type": "LineString", "coordinates": [[116.42667, 40.04227], [116.42684, 40.04218], [116.42715, 40.04201], [116.42735, 40.04189], [116.42753, 40.0418]]}, "properties": {"kind": "line", "line": "", "colour": "#F9E700"}}, {"type": "Feature", "geometry": {"type": "LineString", "coordinates": [[116.42559, 39.96844], [116.42562, 39.96896], [116.42568, 39.96944], [116.42578, 39.96985], [116.42599, 39.97036], [116.42619, 39.97076], [116.42717, 39.97244]]}, "properties": {"kind": "line", "line": "Line 13", "colour": "#f7c800"}}, {"type": "Feature", "geometry": {"type": "LineString", "coordinates": [[116.43716, 39.98762], [116.43705, 39.98744]]}, "properties": {"kind": "line", "line": "", "colour": "#F9E700"}}, {"type": "Feature", "geometry": {"type": "LineString", "coordinates": [[116.36136, 40.06903], [116.36105, 40.06906], [116.36068, 40.06909], [116.36034, 40.06911], [116.35975, 40.06912], [116.35732, 40.06915], [116.35653, 40.06916], [116.35612, 40.06916], [116.35554, 40.06917]]}, "properties": {"kind": "line", "line": "Line 13", "colour": "#f7c800"}}, {"type": "Feature", "geometry": {"type": "LineString", "coordinates": [[116.45255, 40.02397], [116.45201, 40.02225], [116.45155, 40.02099], [116.45131, 40.02026], [116.45107, 40.01954]]}, "properties": {"kind": "line", "line": "Line 13", "colour": "#f7c800"}}, {"type": "Feature", "geometry": {"type": "LineString", "coordinates": [[116.40289, 40.05231], [116.40327, 40.05219]]}, "properties": {"kind": "line", "line": "Line 13", "colour": "#f7c800"}}, {"type": "Feature", "geometry": {"type": "LineString", "coordinates": [[116.43006, 39.97675], [116.43219, 39.97999], [116.43327, 39.98163], [116.4344, 39.98332], [116.43533, 39.98473]]}, "properties": {"kind": "line", "line": "Line 13", "colour": "#f7c800"}}, {"type": "Feature", "geometry": {"type": "LineString", "coordinates": [[116.30367, 40.07035], [116.30303, 40.07057], [116.30239, 40.07076], [116.30164, 40.07087], [116.30101, 40.07088], [116.30046, 40.07084], [116.2999, 40.07075], [116.29935, 40.0706], [116.29876, 40.07038], [116.29817, 40.07007]]}, "properties": {"kind": "line", "line": "", "colour": "#4a7fb5"}}, {"type": "Feature", "geometry": {"type": "LineString", "coordinates": [[116.43552, 39.98503], [116.43574, 39.98534], [116.43622, 39.98607]]}, "properties": {"kind": "line", "line": "Line 13", "colour": "#f7c800"}}, {"type": "Feature", "geometry": {"type": "LineString", "coordinates": [[116.33908, 40.0693], [116.33524, 40.06934], [116.335, 40.06934], [116.33469, 40.06936], [116.33441, 40.06937], [116.33398, 40.06941], [116.3336, 40.06947], [116.33329, 40.0695], [116.33307, 40.06952], [116.33277, 40.06953], [116.33257, 40.06953]]}, "properties": {"kind": "line", "line": "Line 13", "colour": "#f7c800"}}, {"type": "Feature", "geometry": {"type": "LineString", "coordinates": [[116.44506, 40.00108], [116.44585, 40.00342], [116.44672, 40.00605], [116.44694, 40.00668]]}, "properties": {"kind": "line", "line": "Line 13", "colour": "#f7c800"}}, {"type": "Feature", "geometry": {"type": "LineString", "coordinates": [[116.44694, 40.00668], [116.44702, 40.00691]]}, "properties": {"kind": "line", "line": "Line 13", "colour": "#f7c800"}}, {"type": "Feature", "geometry": {"type": "LineString", "coordinates": [[116.4353, 39.98474], [116.43436, 39.98333], [116.43323, 39.98164], [116.43216, 39.98], [116.43001, 39.97677]]}, "properties": {"kind": "line", "line": "Line 13", "colour": "#f7c800"}}, {"type": "Feature", "geometry": {"type": "LineString", "coordinates": [[116.42753, 40.0418], [116.42823, 40.04151], [116.42884, 40.04126], [116.42905, 40.04117], [116.42938, 40.04109], [116.42968, 40.041], [116.43002, 40.04089]]}, "properties": {"kind": "line", "line": "", "colour": "#F9E700"}}, {"type": "Feature", "geometry": {"type": "LineString", "coordinates": [[116.36134, 40.06899], [116.36185, 40.06893]]}, "properties": {"kind": "line", "line": "", "colour": "#F9E700"}}, {"type": "Feature", "geometry": {"type": "LineString", "coordinates": [[116.43705, 39.98744], [116.43644, 39.9865]]}, "properties": {"kind": "line", "line": "Line 13", "colour": "#f7c800"}}, {"type": "Feature", "geometry": {"type": "LineString", "coordinates": [[116.42639, 39.95793], [116.42629, 39.9584]]}, "properties": {"kind": "line", "line": "", "colour": "#F9E700"}}, {"type": "Feature", "geometry": {"type": "LineString", "coordinates": [[116.31912, 40.01887], [116.31932, 40.0184], [116.31953, 40.01798], [116.31975, 40.01763], [116.32009, 40.01718], [116.32045, 40.0168], [116.32089, 40.0164], [116.32116, 40.01616]]}, "properties": {"kind": "line", "line": "", "colour": "#F9E700"}}, {"type": "Feature", "geometry": {"type": "LineString", "coordinates": [[116.33117, 40.00397], [116.33125, 40.00234], [116.33129, 40.00106], [116.3315, 39.99539], [116.33157, 39.99384], [116.33165, 39.99228], [116.33168, 39.99158], [116.3317, 39.99094], [116.33171, 39.99038], [116.33176, 39.98939], [116.33184, 39.98739], [116.33186, 39.98663], [116.33188, 39.98646], [116.33194, 39.98588], [116.33201, 39.98543], [116.33216, 39.98455], [116.33227, 39.98387], [116.33298, 39.97989]]}, "properties": {"kind": "line", "line": "", "colour": "#F9E700"}}, {"type": "Feature", "geometry": {"type": "LineString", "coordinates": [[116.30131, 40.0498], [116.30143, 40.04954]]}, "properties": {"kind": "line", "line": "", "colour": "#F9E700"}}, {"type": "Feature", "geometry": {"type": "LineString", "coordinates": [[116.30143, 40.04954], [116.30195, 40.04852], [116.30243, 40.04779], [116.30277, 40.04734], [116.30377, 40.04603], [116.30393, 40.04584], [116.30426, 40.04548], [116.30522, 40.04441], [116.30569, 40.04379], [116.30631, 40.04293], [116.30673, 40.04231], [116.30714, 40.04173], [116.30744, 40.04127], [116.30746, 40.04125], [116.30864, 40.03976], [116.30974, 40.03838], [116.30976, 40.03836], [116.31029, 40.03784], [116.31065, 40.0374], [116.31139, 40.0365]]}, "properties": {"kind": "line", "line": "Line 13", "colour": "#f7c800"}}, {"type": "Feature", "geometry": {"type": "LineString", "coordinates": [[116.31507, 40.02932], [116.31517, 40.02907]]}, "properties": {"kind": "line", "line": "", "colour": "#F9E700"}}, {"type": "Feature", "geometry": {"type": "LineString", "coordinates": [[116.3188, 40.01975], [116.31912, 40.01887]]}, "properties": {"kind": "line", "line": "", "colour": "#F9E700"}}, {"type": "Feature", "geometry": {"type": "LineString", "coordinates": [[116.29344, 40.06403], [116.29344, 40.06356], [116.29354, 40.06308], [116.29374, 40.06255], [116.29405, 40.06203], [116.29435, 40.06168], [116.29472, 40.06128], [116.29503, 40.06095], [116.29527, 40.06066], [116.29551, 40.06031], [116.29584, 40.05971], [116.29653, 40.05844], [116.2978, 40.05619], [116.29817, 40.05554]]}, "properties": {"kind": "line", "line": "", "colour": "#F9E700"}}, {"type": "Feature", "geometry": {"type": "LineString", "coordinates": [[116.31182, 40.03596], [116.31227, 40.03535], [116.31268, 40.03471], [116.31304, 40.03408], [116.3134, 40.03339], [116.31384, 40.03233], [116.31386, 40.03227], [116.31407, 40.03176], [116.31428, 40.03123], [116.31441, 40.03093], [116.3146, 40.03047], [116.31473, 40.03015], [116.31507, 40.02932]]}, "properties": {"kind": "line", "line": "", "colour": "#F9E700"}}, {"type": "Feature", "geometry": {"type": "LineString", "coordinates": [[116.31517, 40.02907], [116.31546, 40.02826], [116.31701, 40.02429], [116.3172, 40.0238], [116.31765, 40.02266], [116.31825, 40.0211], [116.31853, 40.02041], [116.3188, 40.01975]]}, "properties": {"kind": "line", "line": "", "colour": "#F9E700"}}, {"type": "Feature", "geometry": {"type": "LineString", "coordinates": [[116.31139, 40.0365], [116.31182, 40.03596]]}, "properties": {"kind": "line", "line": "", "colour": "#F9E700"}}, {"type": "Feature", "geometry": {"type": "LineString", "coordinates": [[116.32746, 40.06956], [116.32732, 40.06956], [116.32712, 40.06956], [116.32683, 40.06956], [116.3266, 40.06955], [116.32637, 40.06953], [116.32614, 40.06951], [116.32587, 40.06949], [116.32562, 40.06946], [116.32538, 40.06944], [116.32514, 40.06943], [116.32488, 40.06942], [116.32454, 40.06942], [116.32358, 40.06943], [116.32214, 40.06944]]}, "properties": {"kind": "line", "line": "Line 13", "colour": "#f7c800"}}, {"type": "Feature", "geometry": {"type": "LineString", "coordinates": [[116.32897, 40.06954], [116.32847, 40.06955]]}, "properties": {"kind": "line", "line": "Line 13", "colour": "#f7c800"}}, {"type": "Feature", "geometry": {"type": "LineString", "coordinates": [[116.41239, 39.90776], [116.41195, 39.91467], [116.41192, 39.91541], [116.41189, 39.91616], [116.41178, 39.91996], [116.41182, 39.92169], [116.41179, 39.92229], [116.41176, 39.92301], [116.41173, 39.92395], [116.41143, 39.93153], [116.41139, 39.93229], [116.41136, 39.933], [116.41124, 39.93683], [116.41103, 39.9382], [116.41101, 39.93875], [116.41098, 39.93941], [116.41097, 39.94007], [116.41094, 39.94076], [116.41049, 39.94355], [116.4104, 39.94406], [116.41027, 39.94628], [116.41024, 39.94697], [116.41018, 39.94837], [116.41018, 39.94867], [116.41021, 39.94896], [116.41035, 39.94922], [116.41064, 39.94945], [116.41242, 39.95067], [116.41261, 39.95086], [116.41272, 39.95106], [116.41274, 39.9513], [116.41272, 39.95157], [116.41236, 39.95658], [116.41232, 39.9574], [116.41229, 39.95808], [116.41229, 39.95819], [116.41192, 39.96598], [116.41189, 39.96668], [116.41185, 39.96736], [116.4116, 39.97228], [116.41158, 39.97272], [116.41145, 39.97523], [116.41143, 39.97596], [116.41141, 39.97663], [116.41111, 39.98237], [116.41093, 39.98618], [116.41075, 39.98948]]}, "properties": {"kind": "line", "line": "Line 5", "colour": "#a6228c"}}, {"type": "Feature", "geometry": {"type": "LineString", "coordinates": [[116.3151, 40.02933], [116.31463, 40.03049], [116.31453, 40.03074], [116.31432, 40.03124], [116.3141, 40.03177], [116.3139, 40.03229], [116.31388, 40.03234], [116.31344, 40.03339], [116.31272, 40.03473], [116.31232, 40.03535], [116.31185, 40.03598]]}, "properties": {"kind": "line", "line": "", "colour": "#F9E700"}}, {"type": "Feature", "geometry": {"type": "LineString", "coordinates": [[116.3152, 40.02908], [116.3151, 40.02933]]}, "properties": {"kind": "line", "line": "", "colour": "#F9E700"}}, {"type": "Feature", "geometry": {"type": "LineString", "coordinates": [[116.31441, 40.03093], [116.31453, 40.03074]]}, "properties": {"kind": "line", "line": "", "colour": "#4a7fb5"}}, {"type": "Feature", "geometry": {"type": "LineString", "coordinates": [[116.31551, 40.02827], [116.31541, 40.02865], [116.31524, 40.02908]]}, "properties": {"kind": "line", "line": "", "colour": "#F9E700"}}, {"type": "Feature", "geometry": {"type": "LineString", "coordinates": [[116.4407, 39.99289], [116.44054, 39.99275]]}, "properties": {"kind": "line", "line": "", "colour": "#F9E700"}}, {"type": "Feature", "geometry": {"type": "LineString", "coordinates": [[116.44065, 39.99291], [116.4406, 39.99274]]}, "properties": {"kind": "line", "line": "", "colour": "#F9E700"}}, {"type": "Feature", "geometry": {"type": "LineString", "coordinates": [[116.59861, 40.03841], [116.59847, 40.03863], [116.59838, 40.0388], [116.59826, 40.03901], [116.59819, 40.0392], [116.59814, 40.03935], [116.59809, 40.0396], [116.59804, 40.03989], [116.59799, 40.04018]]}, "properties": {"kind": "line", "line": "Airport Express", "colour": "#a28e6b"}}, {"type": "Feature", "geometry": {"type": "LineString", "coordinates": [[116.59752, 40.03878], [116.59757, 40.03893], [116.59764, 40.0391], [116.59769, 40.03926], [116.59772, 40.03942], [116.59776, 40.0396], [116.59779, 40.03983], [116.5978, 40.04001]]}, "properties": {"kind": "line", "line": "Airport Express", "colour": "#a28e6b"}}, {"type": "Feature", "geometry": {"type": "LineString", "coordinates": [[116.59799, 40.04018], [116.59787, 40.04108], [116.5976, 40.04475], [116.59731, 40.04542], [116.58878, 40.05355], [116.58849, 40.05413], [116.58567, 40.07227], [116.5857, 40.07274], [116.58719, 40.07708], [116.58722, 40.07729], [116.5872, 40.07754]]}, "properties": {"kind": "line", "line": "Airport Express", "colour": "#a28e6b"}}, {"type": "Feature", "geometry": {"type": "LineString", "coordinates": [[116.5978, 40.04001], [116.59779, 40.04037], [116.59773, 40.04109], [116.59748, 40.04474], [116.5972, 40.0454], [116.58868, 40.05351], [116.58837, 40.05413], [116.58829, 40.05465], [116.58559, 40.07227], [116.58563, 40.07276], [116.58711, 40.07708], [116.58715, 40.0773], [116.58716, 40.0774], [116.5872, 40.07754]]}, "properties": {"kind": "line", "line": "Airport Express", "colour": "#a28e6b"}}, {"type": "Feature", "geometry": {"type": "LineString", "coordinates": [[116.49751, 40.00145], [116.49826, 40.00213]]}, "properties": {"kind": "line", "line": "Airport Express", "colour": "#a28e6b"}}, {"type": "Feature", "geometry": {"type": "LineString", "coordinates": [[116.48545, 39.90784], [116.48353, 39.90786], [116.48268, 39.9078], [116.48171, 39.90769], [116.4808, 39.90757], [116.47572, 39.90699], [116.4753, 39.90696], [116.47487, 39.90694], [116.47137, 39.90697], [116.47065, 39.90699], [116.46949, 39.907], [116.46849, 39.90701], [116.46768, 39.90698], [116.45485, 39.90705], [116.45432, 39.90709], [116.45329, 39.90709], [116.45229, 39.90709], [116.45189, 39.90709], [116.45129, 39.9071], [116.45099, 39.90706], [116.44532, 39.90711], [116.44516, 39.90714], [116.44415, 39.90714], [116.44307, 39.90715], [116.44289, 39.90712], [116.43371, 39.90717], [116.4298, 39.90718], [116.4297, 39.90722], [116.42872, 39.90721], [116.41554, 39.90696], [116.41505, 39.90698], [116.41397, 39.90696], [116.41298, 39.90694], [116.41208, 39.90689], [116.40967, 39.90682], [116.40908, 39.90681], [116.40671, 39.90675], [116.40517, 39.90671], [116.40422, 39.90668], [116.4039, 39.90665], [116.40233, 39.9066], [116.39629, 39.9064], [116.39598, 39.90644], [116.39491, 39.90641], [116.39367, 39.90636], [116.39339, 39.90629], [116.38646, 39.90605], [116.3863, 39.90607], [116.38516, 39.90604], [116.38414, 39.906], [116.3836, 39.90596], [116.37663, 39.90577], [116.37124, 39.90579], [116.37101, 39.90583], [116.3701, 39.90583], [116.36992, 39.90583], [116.36863, 39.90583], [116.36719, 39.9058], [116.3553, 39.90585], [116.35498, 39.90588], [116.35267, 39.90588], [116.35229, 39.90588], [116.35132, 39.90588], [116.35033, 39.90588], [116.34977, 39.90589], [116.34774, 39.90591], [116.34737, 39.90591], [116.34657, 39.90592], [116.34579, 39.90592], [116.34542, 39.90589], [116.3385, 39.90597], [116.33276, 39.90611], [116.33232, 39.90615], [116.3315, 39.90616], [116.33063, 39.90617], [116.33022, 39.90613], [116.32492, 39.9061], [116.31914, 39.90615], [116.31861, 39.90619], [116.31782, 39.90619], [116.31703, 39.90619], [116.31647, 39.90617], [116.30544, 39.90619], [116.30499, 39.90622], [116.30412, 39.90622], [116.30305, 39.90622], [116.30087, 39.90623], [116.3004, 39.90622], [116.29001, 39.90623], [116.28958, 39.90626], [116.28877, 39.90626], [116.28795, 39.90626], [116.28754, 39.90623], [116.2692, 39.90623], [116.26887, 39.90626], [116.26803, 39.90626], [116.26721, 39.90626], [116.26686, 39.90623], [116.24802, 39.90621], [116.24768, 39.90622], [116.2469, 39.90623], [116.24599, 39.90622], [116.24562, 39.90621], [116.24542, 39.90621], [116.23088, 39.90621], [116.23045, 39.90622], [116.22968, 39.90622], [116.2288, 39.90622], [116.22836, 39.9062], [116.20649, 39.90617], [116.20521, 39.90618], [116.20489, 39.90618], [116.19896, 39.90617], [116.1929, 39.90618], [116.1843, 39.90615], [116.18251, 39.90615], [116.18191, 39.9062], [116.1816, 39.90627], [116.18138, 39.90637], [116.18115, 39.90652], [116.18097, 39.90669], [116.18081, 39.90689], [116.1807, 39.90714], [116.18064, 39.90753], [116.18061, 39.91482], [116.18061, 39.91485], [116.18053, 39.91528], [116.18046, 39.91552], [116.18033, 39.91591], [116.1802, 39.91621], [116.18002, 39.91657], [116.1799, 39.9168], [116.17982, 39.91692], [116.17972, 39.91704], [116.17196, 39.92485]]}, "properties": {"kind": "line", "line": "Line 1", "colour": "#a12b2f"}}, {"type": "Feature", "geometry": {"type": "LineString", "coordinates": [[116.15287, 39.9463], [116.15423, 39.94616], [116.15509, 39.94621], [116.15605, 39.94656], [116.15689, 39.9467], [116.15765, 39.94666], [116.15833, 39.94646], [116.15897, 39.94592], [116.15908, 39.94537], [116.15891, 39.94488], [116.15835, 39.94445], [116.15781, 39.94421], [116.1571, 39.94413], [116.15605, 39.94438], [116.15534, 39.94483], [116.15483, 39.94544], [116.1541, 39.94577], [116.15283, 39.94614]]}, "properties": {"kind": "line", "line": "", "colour": "#4a7fb5"}}, {"type": "Feature", "geometry": {"type": "LineString", "coordinates": [[116.34774, 39.90583], [116.34812, 39.90576], [116.34853, 39.90569], [116.34889, 39.90556], [116.34922, 39.90542], [116.34948, 39.90529], [116.34972, 39.90508], [116.34993, 39.90477], [116.3501, 39.90447], [116.35024, 39.9042], [116.35039, 39.90384], [116.35046, 39.90339]]}, "properties": {"kind": "line", "line": "", "colour": "#4a7fb5"}}, {"type": "Feature", "geometry": {"type": "LineString", "coordinates": [[116.34817, 39.90587], [116.34864, 39.90582]]}, "properties": {"kind": "line", "line": "", "colour": "#4a7fb5"}}, {"type": "Feature", "geometry": {"type": "LineString", "coordinates": [[116.34815, 39.90583], [116.34863, 39.90579]]}, "properties": {"kind": "line", "line": "", "colour": "#4a7fb5"}}, {"type": "Feature", "geometry": {"type": "LineString", "coordinates": [[116.34774, 39.90591], [116.34817, 39.90587], [116.3484, 39.90582], [116.34863, 39.90579], [116.34904, 39.90569], [116.34927, 39.9056], [116.34943, 39.90553], [116.34972, 39.90537], [116.35, 39.90515], [116.35023, 39.90487], [116.3505, 39.90448], [116.35061, 39.90417], [116.35065, 39.90387], [116.35064, 39.90353], [116.35056, 39.90311], [116.35052, 39.90285]]}, "properties": {"kind": "line", "line": "", "colour": "#4a7fb5"}}, {"type": "Feature", "geometry": {"type": "LineString", "coordinates": [[116.42761, 39.9397], [116.42761, 39.93911], [116.42768, 39.93886], [116.42783, 39.93487], [116.42792, 39.93406], [116.42796, 39.93327], [116.42791, 39.93287], [116.42792, 39.93229], [116.42792, 39.9322], [116.42793, 39.93169], [116.42802, 39.93134], [116.42836, 39.92394], [116.4283, 39.92364], [116.4283, 39.92305], [116.42831, 39.92244], [116.42839, 39.9221], [116.42887, 39.91249], [116.42944, 39.9086], [116.42947, 39.90782], [116.42949, 39.90717], [116.42951, 39.90656], [116.42952, 39.90617], [116.42948, 39.90587], [116.42943, 39.90564], [116.42938, 39.90546], [116.42929, 39.9053], [116.42921, 39.90516], [116.4291, 39.90504], [116.42898, 39.90492], [116.42885, 39.90479], [116.42872, 39.9047], [116.42854, 39.90459], [116.42845, 39.90454], [116.42842, 39.90453], [116.42742, 39.904], [116.42716, 39.90391], [116.42684, 39.90384], [116.4264, 39.90378], [116.42588, 39.90374], [116.42536, 39.90372], [116.42433, 39.90371], [116.42203, 39.90366], [116.42124, 39.90365], [116.42094, 39.90364], [116.41978, 39.90364], [116.41923, 39.90363], [116.41872, 39.90353], [116.41838, 39.90339], [116.41813, 39.90324], [116.41787, 39.90308], [116.41751, 39.90279], [116.41467, 39.90057], [116.41414, 39.90023], [116.41369, 39.90003], [116.41329, 39.89992], [116.41289, 39.89986], [116.41229, 39.8998], [116.41214, 39.8998], [116.41152, 39.89976], [116.4107, 39.89974], [116.4099, 39.89971], [116.40951, 39.89966], [116.40555, 39.89951], [116.39745, 39.89927], [116.39685, 39.89925], [116.39621, 39.8992], [116.3956, 39.89913], [116.39442, 39.89895], [116.39384, 39.89888], [116.39319, 39.89884], [116.39086, 39.89878], [116.39021, 39.89875], [116.3899, 39.89878], [116.38954, 39.89883], [116.3891, 39.89886], [116.38852, 39.8989], [116.38785, 39.89895], [116.3873, 39.89897], [116.38676, 39.89897], [116.37914, 39.89875], [116.37879, 39.89878], [116.37799, 39.89876], [116.37722, 39.89874], [116.37682, 39.89868], [116.37203, 39.89854], [116.36915, 39.89844], [116.36882, 39.89847], [116.36803, 39.89845], [116.36725, 39.89843], [116.36666, 39.89836], [116.35866, 39.89811], [116.35805, 39.89812], [116.35721, 39.89811], [116.35639, 39.8981], [116.35556, 39.89808], [116.35495, 39.89811], [116.35429, 39.89818], [116.35356, 39.89839], [116.35304, 39.89861], [116.35251, 39.89892], [116.35214, 39.8992], [116.35189, 39.89942], [116.35168, 39.89968], [116.35136, 39.90004], [116.35106, 39.90044], [116.35086, 39.90083], [116.35073, 39.90122], [116.35061, 39.90163], [116.35055, 39.902], [116.35052, 39.90285], [116.35051, 39.90489], [116.35056, 39.90523], [116.35056, 39.90583], [116.35056, 39.90643], [116.3505, 39.90673], [116.35048, 39.91065], [116.35029, 39.91526], [116.3501, 39.92143], [116.35015, 39.92168], [116.35013, 39.92231], [116.35012, 39.92294], [116.35006, 39.92324], [116.34971, 39.93006], [116.34975, 39.93037], [116.34974, 39.93101], [116.34972, 39.93161], [116.34964, 39.93207], [116.34942, 39.93823], [116.34942, 39.93854], [116.3494, 39.93914]]}, "properties": {"kind": "line", "line": "Line 2", "colour": "#006ab7"}}, {"type": "Feature", "geometry": {"type": "LineString", "coordinates": [[116.37203, 39.89854], [116.37225, 39.89857], [116.37247, 39.89858]]}, "properties": {"kind": "line", "line": "", "colour": "#4a7fb5"}}, {"type": "Feature", "geometry": {"type": "LineString", "coordinates": [[116.37185, 39.89849], [116.37203, 39.89854]]}, "properties": {"kind": "line", "line": "", "colour": "#4a7fb5"}}, {"type": "Feature", "geometry": {"type": "LineString", "coordinates": [[116.30289, 39.9062], [116.30278, 39.9062], [116.30091, 39.90621]]}, "properties": {"kind": "line", "line": "", "colour": "#4a7fb5"}}, {"type": "Feature", "geometry": {"type": "LineString", "coordinates": [[116.30305, 39.90622], [116.30289, 39.9062], [116.30284, 39.90619], [116.30278, 39.90618]]}, "properties": {"kind": "line", "line": "", "colour": "#4a7fb5"}}, {"type": "Feature", "geometry": {"type": "LineString", "coordinates": [[116.42742, 39.904], [116.42752, 39.90414], [116.42761, 39.90421], [116.42782, 39.90431], [116.42801, 39.9044], [116.42823, 39.90447], [116.42903, 39.9047], [116.42916, 39.90475], [116.42921, 39.90478], [116.43256, 39.90697], [116.43267, 39.90702]]}, "properties": {"kind": "line", "line": "", "colour": "#4a7fb5"}}, {"type": "Feature", "geometry": {"type": "LineString", "coordinates": [[116.24542, 39.90621], [116.24557, 39.90618]]}, "properties": {"kind": "line", "line": "", "colour": "#4a7fb5"}}, {"type": "Feature", "geometry": {"type": "LineString", "coordinates": [[116.42758, 39.90389], [116.42784, 39.90395], [116.42809, 39.90405], [116.42853, 39.90426], [116.42899, 39.90448], [116.43248, 39.90671], [116.4327, 39.90683], [116.43295, 39.90694], [116.43321, 39.90703], [116.43346, 39.90709], [116.43372, 39.90714]]}, "properties": {"kind": "line", "line": "", "colour": "#4a7fb5"}}, {"type": "Feature", "geometry": {"type": "LineString", "coordinates": [[116.30278, 39.9062], [116.30284, 39.90619], [116.30289, 39.90618], [116.30305, 39.90615]]}, "properties": {"kind": "line", "line": "", "colour": "#4a7fb5"}}, {"type": "Feature", "geometry": {"type": "LineString", "coordinates": [[116.30091, 39.90619], [116.30278, 39.90618], [116.30289, 39.90618]]}, "properties": {"kind": "line", "line": "", "colour": "#4a7fb5"}}, {"type": "Feature", "geometry": {"type": "LineString", "coordinates": [[116.35229, 39.90588], [116.35245, 39.90585], [116.35253, 39.90584], [116.35262, 39.90582]]}, "properties": {"kind": "line", "line": "", "colour": "#4a7fb5"}}, {"type": "Feature", "geometry": {"type": "LineString", "coordinates": [[116.35481, 39.90585], [116.35262, 39.90585], [116.35245, 39.90585]]}, "properties": {"kind": "line", "line": "", "colour": "#4a7fb5"}}, {"type": "Feature", "geometry": {"type": "LineString", "coordinates": [[116.35245, 39.90582], [116.35262, 39.90582], [116.35482, 39.90582]]}, "properties": {"kind": "line", "line": "", "colour": "#4a7fb5"}}, {"type": "Feature", "geometry": {"type": "LineString", "coordinates": [[116.35262, 39.90585], [116.35253, 39.90584], [116.35245, 39.90582], [116.35229, 39.9058]]}, "properties": {"kind": "line", "line": "", "colour": "#4a7fb5"}}, {"type": "Feature", "geometry": {"type": "LineString", "coordinates": [[116.40631, 39.90666], [116.40663, 39.9067], [116.40692, 39.90671], [116.40884, 39.90676], [116.40902, 39.90676], [116.40942, 39.90674]]}, "properties": {"kind": "line", "line": "", "colour": "#4a7fb5"}}, {"type": "Feature", "geometry": {"type": "LineString", "coordinates": [[116.45189, 39.90709], [116.45129, 39.90699]]}, "properties": {"kind": "line", "line": "", "colour": "#4a7fb5"}}, {"type": "Feature", "geometry": {"type": "LineString", "coordinates": [[116.40884, 39.90676], [116.40908, 39.90681]]}, "properties": {"kind": "line", "line": "", "colour": "#4a7fb5"}}, {"type": "Feature", "geometry": {"type": "LineString", "coordinates": [[116.40671, 39.90675], [116.40692, 39.90671]]}, "properties": {"kind": "line", "line": "", "colour": "#4a7fb5"}}, {"type": "Feature", "geometry": {"type": "LineString", "coordinates": [[116.67764, 39.87143], [116.67745, 39.87149], [116.67727, 39.87155], [116.67709, 39.87161], [116.67692, 39.87167], [116.67661, 39.87179], [116.6763, 39.87191], [116.67603, 39.87203], [116.67579, 39.87216], [116.67557, 39.87227], [116.67539, 39.87237], [116.67523, 39.87247], [116.6751, 39.87254], [116.67497, 39.87262], [116.67483, 39.87272], [116.67467, 39.87283], [116.6745, 39.87295], [116.67432, 39.87309], [116.67414, 39.87322], [116.67396, 39.87337], [116.6738, 39.87351], [116.67363, 39.87364], [116.6735, 39.87375], [116.67348, 39.87376], [116.67284, 39.87429], [116.67216, 39.87484], [116.66271, 39.88253], [116.65733, 39.88693], [116.6569, 39.88726], [116.65653, 39.88753], [116.65611, 39.88776], [116.65574, 39.88793], [116.65532, 39.88808], [116.65483, 39.88823], [116.65162, 39.88915], [116.6454, 39.89093], [116.64246, 39.89177], [116.64231, 39.89181], [116.64075, 39.89227], [116.6399, 39.89252], [116.63929, 39.89271], [116.6388, 39.8929], [116.63843, 39.89309], [116.63813, 39.89328], [116.63782, 39.8935], [116.63753, 39.89374], [116.63729, 39.89399], [116.63707, 39.89428], [116.63688, 39.89455], [116.63614, 39.89565], [116.63508, 39.89724]]}, "properties": {"kind": "line", "line": "Batong Line", "colour": "#a12b2f"}}, {"type": "Feature", "geometry": {"type": "LineString", "coordinates": [[116.64246, 39.89177], [116.64269, 39.89169], [116.64286, 39.89163], [116.64302, 39.89157], [116.64317, 39.89153], [116.64456, 39.89112], [116.64523, 39.89093]]}, "properties": {"kind": "line", "line": "", "colour": "#4a7fb5"}}, {"type": "Feature", "geometry": {"type": "LineString", "coordinates": [[116.64456, 39.89112], [116.64477, 39.89108], [116.6451, 39.89101], [116.6454, 39.89093]]}, "properties": {"kind": "line", "line": "", "colour": "#4a7fb5"}}, {"type": "Feature", "geometry": {"type": "LineString", "coordinates": [[116.4048, 40.048], [116.40478, 40.04848], [116.40478, 40.0486], [116.40479, 40.04903], [116.40481, 40.04918], [116.40483, 40.04931], [116.40487, 40.04945], [116.4049, 40.04956], [116.40493, 40.04968], [116.40499, 40.04983], [116.40504, 40.04995], [116.40511, 40.05011], [116.40518, 40.05023], [116.40527, 40.05039], [116.4054, 40.05057], [116.40554, 40.05076], [116.40618, 40.05163], [116.40658, 40.0522], [116.4069, 40.05266], [116.40708, 40.053], [116.40713, 40.05309], [116.40723, 40.0534], [116.40733, 40.05369], [116.40736, 40.05387], [116.40738, 40.05408], [116.40738, 40.05435], [116.40734, 40.0548], [116.40728, 40.05557]]}, "properties": {"kind": "line", "line": "Line 5", "colour": "#a6228c"}}, {"type": "Feature", "geometry": {"type": "LineString", "coordinates": [[116.40724, 40.05557], [116.40731, 40.0548], [116.40735, 40.05434], [116.40734, 40.05407], [116.40732, 40.05386], [116.40729, 40.05369], [116.4072, 40.0534], [116.4071, 40.05309], [116.40706, 40.053], [116.40654, 40.0522], [116.40615, 40.05164], [116.40551, 40.05077], [116.40536, 40.05057], [116.40524, 40.05039], [116.40515, 40.05023], [116.40508, 40.05011], [116.405, 40.04995], [116.40496, 40.04982], [116.4049, 40.04968], [116.40487, 40.04956], [116.40485, 40.04944], [116.40481, 40.0493], [116.40478, 40.04917], [116.40477, 40.04902], [116.40475, 40.04859], [116.40477, 40.04796]]}, "properties": {"kind": "line", "line": "Line 5", "colour": "#a6228c"}}, {"type": "Feature", "geometry": {"type": "LineString", "coordinates": [[116.40477, 40.04779], [116.40484, 40.04641], [116.40485, 40.04623], [116.40487, 40.04607], [116.4049, 40.04589], [116.40494, 40.04569], [116.40502, 40.04539], [116.40512, 40.04517], [116.40525, 40.04492], [116.40544, 40.04463], [116.4065, 40.04346], [116.40672, 40.04319], [116.40694, 40.04285], [116.40797, 40.04106], [116.40828, 40.04049], [116.40859, 40.03993], [116.40867, 40.03977], [116.4088, 40.03946], [116.40891, 40.03917], [116.409, 40.03889], [116.40905, 40.03871], [116.40917, 40.03818], [116.40936, 40.0373], [116.40945, 40.03687], [116.4095, 40.03666], [116.40954, 40.03645], [116.40962, 40.03622], [116.40971, 40.03601], [116.40983, 40.03576], [116.40997, 40.03552], [116.41045, 40.03488], [116.41061, 40.03464], [116.41076, 40.03443], [116.41088, 40.03421], [116.411, 40.03398], [116.41108, 40.03376], [116.41113, 40.03361], [116.4117, 40.03126], [116.41177, 40.03091], [116.41183, 40.03058], [116.41185, 40.03027], [116.41187, 40.02993], [116.41188, 40.02962], [116.41187, 40.02902], [116.41185, 40.02837], [116.41184, 40.02769], [116.41182, 40.02678], [116.4118, 40.0258], [116.41179, 40.02564], [116.41171, 40.02518], [116.41156, 40.02448], [116.41152, 40.02426], [116.41149, 40.02409], [116.41146, 40.0239], [116.41144, 40.02362], [116.41143, 40.0233], [116.4114, 40.02215], [116.41139, 40.01994], [116.4114, 40.01883], [116.41139, 40.01837], [116.41136, 40.01807], [116.41133, 40.01778], [116.41124, 40.0169], [116.41094, 40.01548], [116.41066, 40.01421], [116.41049, 40.01342], [116.41024, 40.01226], [116.41017, 40.01192], [116.41011, 40.01153], [116.41002, 40.01062], [116.41, 40.01011], [116.41, 40.00969], [116.41002, 40.00914], [116.41009, 40.00849], [116.41012, 40.00819], [116.41075, 40.00391], [116.41078, 40.00376], [116.41091, 40.00312], [116.41102, 40.00254], [116.41111, 40.00197], [116.41118, 40.0015], [116.41131, 40.001], [116.41137, 40.00047], [116.41137, 39.99977], [116.41129, 39.99896], [116.41119, 39.99829], [116.41111, 39.99767], [116.41105, 39.99734], [116.41091, 39.99626], [116.4108, 39.99536], [116.41076, 39.99504], [116.41074, 39.99471], [116.41073, 39.99368], [116.41072, 39.99267]]}, "properties": {"kind": "line", "line": "Line 5", "colour": "#a6228c"}}, {"type": "Feature", "geometry": {"type": "LineString", "coordinates": [[116.40728, 40.05557], [116.40719, 40.05657], [116.40706, 40.05829], [116.40675, 40.06172], [116.4066, 40.06456], [116.40654, 40.06513], [116.4065, 40.0657], [116.40617, 40.06966], [116.40615, 40.07008], [116.40614, 40.07051], [116.40615, 40.0708], [116.40619, 40.07128], [116.40624, 40.07161], [116.40655, 40.07317], [116.40667, 40.07378], [116.40678, 40.07441], [116.40708, 40.07613], [116.40717, 40.07687], [116.40717, 40.07717], [116.40715, 40.07768], [116.4071, 40.07852], [116.40704, 40.07934], [116.40697, 40.08006], [116.40696, 40.08017], [116.40686, 40.08122], [116.40684, 40.0815], [116.40679, 40.08209]]}, "properties": {"kind": "line", "line": "Line 5", "colour": "#a6228c"}}, {"type": "Feature", "geometry": {"type": "LineString", "coordinates": [[116.18061, 39.91485], [116.18071, 39.91544]]}, "properties": {"kind": "line", "line": "", "colour": "#4a7fb5"}}, {"type": "Feature", "geometry": {"type": "LineString", "coordinates": [[116.44206, 39.97073], [116.44221, 39.97056]]}, "properties": {"kind": "line", "line": "", "colour": "#4a7fb5"}}, {"type": "Feature", "geometry": {"type": "LineString", "coordinates": [[116.44221, 39.97056], [116.44195, 39.97064]]}, "properties": {"kind": "line", "line": "", "colour": "#4a7fb5"}}, {"type": "Feature", "geometry": {"type": "LineString", "coordinates": [[116.44221, 39.97056], [116.44349, 39.96961]]}, "properties": {"kind": "line", "line": "", "colour": "#4a7fb5"}}, {"type": "Feature", "geometry": {"type": "LineString", "coordinates": [[116.39833, 39.97581], [116.398, 39.97588], [116.39563, 39.97585], [116.39387, 39.97592], [116.39302, 39.97608], [116.39202, 39.97643], [116.39096, 39.97697], [116.39021, 39.97747], [116.38963, 39.97803], [116.38905, 39.97875], [116.38854, 39.9795], [116.3882, 39.98005], [116.38787, 39.98075]]}, "properties": {"kind": "line", "line": "", "colour": "#4a7fb5"}}, {"type": "Feature", "geometry": {"type": "LineString", "coordinates": [[116.3879, 39.98034], [116.38817, 39.97982], [116.38847, 39.97929], [116.38891, 39.97866], [116.3895, 39.97795], [116.39007, 39.97735], [116.39073, 39.97685], [116.3918, 39.97626], [116.39283, 39.97585], [116.39384, 39.97566], [116.39564, 39.97562], [116.39848, 39.97566], [116.39919, 39.97566], [116.40019, 39.97565], [116.40092, 39.97578]]}, "properties": {"kind": "line", "line": "", "colour": "#4a7fb5"}}, {"type": "Feature", "geometry": {"type": "LineString", "coordinates": [[116.41069, 39.98948], [116.41089, 39.98618], [116.41105, 39.98237], [116.41125, 39.97662], [116.41127, 39.97596], [116.41128, 39.97523], [116.41149, 39.97172], [116.41151, 39.97105], [116.41168, 39.96736], [116.41171, 39.96668], [116.41174, 39.96598], [116.41199, 39.96071], [116.41209, 39.95862], [116.41212, 39.95807], [116.41215, 39.95739], [116.41219, 39.95657], [116.41256, 39.95157], [116.41257, 39.95131], [116.41255, 39.95109], [116.41246, 39.95091], [116.41228, 39.95075], [116.41051, 39.94954], [116.4102, 39.94929], [116.41004, 39.949], [116.40999, 39.94867], [116.40999, 39.94836], [116.41008, 39.94697], [116.41011, 39.94628], [116.41021, 39.94405], [116.41074, 39.94076], [116.41076, 39.94006], [116.4108, 39.93941], [116.41082, 39.93875], [116.41085, 39.9382], [116.41105, 39.93683], [116.41119, 39.933], [116.41121, 39.93229], [116.41123, 39.93153], [116.41137, 39.92828], [116.41137, 39.92791], [116.41153, 39.92394], [116.41157, 39.92307], [116.4116, 39.92229], [116.41163, 39.92168], [116.41159, 39.91995], [116.41166, 39.91776]]}, "properties": {"kind": "line", "line": "Line 5", "colour": "#a6228c"}}, {"type": "Feature", "geometry": {"type": "LineString", "coordinates": [[116.51724, 40.0155], [116.51775, 40.01564], [116.51814, 40.01576], [116.52083, 40.01668], [116.52194, 40.01709], [116.52275, 40.01735], [116.52562, 40.0184], [116.5261, 40.01859], [116.52944, 40.01977], [116.53044, 40.02013], [116.53361, 40.02125], [116.53633, 40.02224], [116.53943, 40.02335], [116.54413, 40.02506], [116.54731, 40.02618], [116.54823, 40.0265], [116.55593, 40.02925], [116.55637, 40.02939], [116.55682, 40.02952], [116.55722, 40.02962], [116.55762, 40.02971], [116.55794, 40.02977], [116.55826, 40.02982], [116.55867, 40.02987], [116.56017, 40.03001], [116.5607, 40.03006], [116.56111, 40.0301], [116.56151, 40.03016], [116.56187, 40.03022], [116.5623, 40.03031], [116.56265, 40.03039], [116.56305, 40.03049], [116.56337, 40.03059], [116.56366, 40.0307], [116.56397, 40.03081], [116.56542, 40.0314], [116.56647, 40.03181], [116.56824, 40.03254], [116.5702, 40.03333], [116.5708, 40.03357], [116.57134, 40.03376], [116.57166, 40.03386], [116.5721, 40.03397], [116.57258, 40.03408], [116.57314, 40.03417], [116.57384, 40.03425], [116.57596, 40.03443], [116.57681, 40.0345], [116.5776, 40.03458], [116.57826, 40.03464], [116.57875, 40.03468], [116.57926, 40.03474], [116.5826, 40.0352], [116.58358, 40.03532], [116.58548, 40.03558], [116.5859, 40.03562], [116.58623, 40.03565], [116.58663, 40.03567], [116.58696, 40.03567], [116.5874, 40.03567], [116.58887, 40.03565], [116.59226, 40.03561], [116.60071, 40.03553], [116.60109, 40.03554], [116.60146, 40.03556], [116.60185, 40.03559], [116.60233, 40.03567], [116.60266, 40.03574], [116.60299, 40.03581], [116.60328, 40.0359], [116.60359, 40.036], [116.60389, 40.03612], [116.60418, 40.03624], [116.60448, 40.03638], [116.60473, 40.03651], [116.605, 40.03667], [116.60524, 40.03683], [116.60556, 40.03705], [116.60955, 40.03989], [116.6099, 40.04017], [116.61011, 40.04037], [116.61031, 40.04059], [116.61048, 40.0408], [116.61061, 40.04098], [116.61071, 40.04117], [116.61082, 40.04138], [116.6109, 40.04157], [116.61096, 40.0418], [116.61101, 40.04199], [116.61105, 40.04229], [116.61107, 40.04249], [116.61106, 40.04277], [116.61104, 40.04302], [116.61102, 40.04318], [116.61007, 40.04928]]}, "properties": {"kind": "line", "line": "Airport Express", "colour": "#a28e6b"}}, {"type": "Feature", "geometry": {"type": "LineString", "coordinates": [[116.51722, 40.01554], [116.51098, 40.0134], [116.51046, 40.01308]]}, "properties": {"kind": "line", "line": "Airport Express", "colour": "#a28e6b"}}, {"type": "Feature", "geometry": {"type": "LineString", "coordinates": [[116.5105, 40.01306], [116.51099, 40.01337], [116.51724, 40.0155]]}, "properties": {"kind": "line", "line": "Airport Express", "colour": "#a28e6b"}}, {"type": "Feature", "geometry": {"type": "LineString", "coordinates": [[116.49823, 40.00215], [116.49747, 40.00147]]}, "properties": {"kind": "line", "line": "Airport Express", "colour": "#a28e6b"}}, {"type": "Feature", "geometry": {"type": "LineString", "coordinates": [[116.45584, 39.91528], [116.45584, 39.91595], [116.45572, 39.92139], [116.45575, 39.92198], [116.45574, 39.92232], [116.45574, 39.92252], [116.45573, 39.92271], [116.45584, 39.93166], [116.45587, 39.93224], [116.45586, 39.93298], [116.45633, 39.93855], [116.45636, 39.94025], [116.45638, 39.94814], [116.45638, 39.94922], [116.4563, 39.94985], [116.45608, 39.95058], [116.45573, 39.95124], [116.45531, 39.95174], [116.45492, 39.95215], [116.45436, 39.95257], [116.45092, 39.95478], [116.45055, 39.95505], [116.45024, 39.95541], [116.44998, 39.95586], [116.44982, 39.95621], [116.44974, 39.9566], [116.44969, 39.95691], [116.44965, 39.95728], [116.4497, 39.95763], [116.44976, 39.95792], [116.44991, 39.95823], [116.45009, 39.95849], [116.45031, 39.95879], [116.4508, 39.95922], [116.45142, 39.95976], [116.45198, 39.96026], [116.45234, 39.96063], [116.45264, 39.96104], [116.45286, 39.96151], [116.45299, 39.96196], [116.453, 39.96238], [116.45289, 39.9628], [116.45259, 39.96333], [116.45211, 39.96379], [116.45166, 39.96412], [116.44973, 39.96543], [116.44565, 39.96817]]}, "properties": {"kind": "line", "line": "Line 10", "colour": "#009bc0"}}, {"type": "Feature", "geometry": {"type": "LineString", "coordinates": [[116.44555, 39.96809], [116.44962, 39.96534], [116.45155, 39.96403], [116.45198, 39.96371], [116.45244, 39.96327], [116.45273, 39.96277], [116.45284, 39.96238], [116.45283, 39.96197], [116.45271, 39.96155], [116.45249, 39.96109], [116.45218, 39.96071], [116.45184, 39.96034], [116.45128, 39.95984], [116.45067, 39.95931], [116.45017, 39.95887], [116.44993, 39.95856], [116.44974, 39.95829], [116.44959, 39.95795], [116.44952, 39.95764], [116.44947, 39.95728], [116.44951, 39.95689], [116.44956, 39.95658], [116.44964, 39.95618], [116.44981, 39.95581], [116.45008, 39.95535], [116.45041, 39.95496], [116.4508, 39.95468], [116.45424, 39.95247], [116.45478, 39.95206], [116.45517, 39.95167], [116.45557, 39.95117], [116.4559, 39.95053], [116.45612, 39.94983], [116.45619, 39.94921], [116.45621, 39.94814], [116.45617, 39.94025], [116.45616, 39.93907], [116.45615, 39.93855], [116.45533, 39.93298], [116.45533, 39.93225], [116.45533, 39.93165], [116.45531, 39.92883], [116.45525, 39.92789], [116.45515, 39.9227], [116.45516, 39.92199], [116.4552, 39.91966], [116.45526, 39.91595], [116.45527, 39.91529]]}, "properties": {"kind": "line", "line": "Line 10", "colour": "#009bc0"}}, {"type": "Feature", "geometry": {"type": "LineString", "coordinates": [[116.45496, 39.88152], [116.45503, 39.88134]]}, "properties": {"kind": "line", "line": "", "colour": "#0092C7"}}, {"type": "Feature", "geometry": {"type": "LineString", "coordinates": [[116.39198, 39.84391], [116.39348, 39.84395], [116.39367, 39.84398], [116.39387, 39.844], [116.39428, 39.84401], [116.39448, 39.84402], [116.40625, 39.84441], [116.40742, 39.84445], [116.40867, 39.84449], [116.41333, 39.84485], [116.41888, 39.84478], [116.41964, 39.84472], [116.4204, 39.84465], [116.42242, 39.84464], [116.42519, 39.84464], [116.42569, 39.84464], [116.42634, 39.84464], [116.43165, 39.84439], [116.43428, 39.84442], [116.44215, 39.84452], [116.44346, 39.84453], [116.44419, 39.84458], [116.44548, 39.84468], [116.44653, 39.84482], [116.44723, 39.84503], [116.44784, 39.84521], [116.44826, 39.84558], [116.44852, 39.84586], [116.44863, 39.84634], [116.4486, 39.84705], [116.4484, 39.84779], [116.44813, 39.84865], [116.44761, 39.85069], [116.4473, 39.85213], [116.44704, 39.85312], [116.44679, 39.85394], [116.4465, 39.85509], [116.44608, 39.85653], [116.44588, 39.85755], [116.44597, 39.85805], [116.44621, 39.8586], [116.44645, 39.85895], [116.4477, 39.86016], [116.45293, 39.86444]]}, "properties": {"kind": "line", "line": "Line 10", "colour": "#009bc0"}}, {"type": "Feature", "geometry": {"type": "LineString", "coordinates": [[116.45519, 39.8802], [116.45519, 39.88228]]}, "properties": {"kind": "line", "line": "", "colour": "#0092C7"}}, {"type": "Feature", "geometry": {"type": "LineString", "coordinates": [[116.45527, 39.91529], [116.45511, 39.90856], [116.45511, 39.90788], [116.4551, 39.90721], [116.45511, 39.89685], [116.45513, 39.89283], [116.45513, 39.89217], [116.45498, 39.88308]]}, "properties": {"kind": "line", "line": "", "colour": "#0092C7"}}, {"type": "Feature", "geometry": {"type": "LineString", "coordinates": [[116.38625, 40.01189], [116.38632, 40.01048], [116.38633, 40.0104]]}, "properties": {"kind": "line", "line": "", "colour": "#088A08"}}, {"type": "Feature", "geometry": {"type": "LineString", "coordinates": [[116.38625, 40.0103], [116.38633, 40.0104], [116.38636, 40.01044], [116.38639, 40.01048]]}, "properties": {"kind": "line", "line": "", "colour": "#088A08"}}, {"type": "Feature", "geometry": {"type": "LineString", "coordinates": [[116.38647, 40.01031], [116.38639, 40.0104], [116.38636, 40.01044], [116.38632, 40.01048]]}, "properties": {"kind": "line", "line": "", "colour": "#088A08"}}, {"type": "Feature", "geometry": {"type": "LineString", "coordinates": [[116.38631, 40.01189], [116.38639, 40.01048], [116.38639, 40.0104]]}, "properties": {"kind": "line", "line": "", "colour": "#088A08"}}, {"type": "Feature", "geometry": {"type": "LineString", "coordinates": [[116.38652, 40.0092], [116.38647, 40.01031], [116.38638, 40.0119], [116.3863, 40.0134]]}, "properties": {"kind": "line", "line": "Line 8", "colour": "#009b77"}}, {"type": "Feature", "geometry": {"type": "LineString", "coordinates": [[116.52149, 40.0344], [116.52076, 40.03412], [116.51992, 40.03389], [116.51873, 40.03363], [116.51754, 40.03353], [116.51594, 40.03343], [116.51099, 40.03323], [116.50677, 40.03296], [116.49936, 40.03269], [116.49816, 40.03263], [116.49696, 40.03258], [116.49569, 40.03252], [116.49477, 40.03247], [116.49279, 40.03237], [116.49062, 40.03222], [116.48982, 40.03211], [116.48905, 40.03193], [116.48822, 40.03161], [116.48767, 40.03125], [116.4871, 40.03085], [116.48678, 40.03044], [116.48655, 40.02997], [116.48633, 40.02921], [116.48628, 40.02826], [116.4863, 40.02732], [116.48665, 40.02133], [116.48666, 40.02057], [116.48669, 40.01975], [116.48683, 40.01716], [116.4872, 40.01227], [116.48697, 40.00905], [116.48625, 40.00657], [116.48539, 40.00489], [116.48409, 40.00354], [116.48334, 40.00316], [116.48077, 40.00199], [116.47883, 40.00115], [116.47666, 40.00101], [116.47624, 40.001], [116.47543, 40.001], [116.47453, 40.00097], [116.47328, 40.00096], [116.47001, 40.00092], [116.46954, 40.00091], [116.46798, 40.00042], [116.46336, 39.9967], [116.46276, 39.99619], [116.46234, 39.99601], [116.45678, 39.99595], [116.45082, 39.99582], [116.44895, 39.99576], [116.44716, 39.99557], [116.44443, 39.9949], [116.44387, 39.99472], [116.44048, 39.99395], [116.43778, 39.99372], [116.43412, 39.99348], [116.43284, 39.99356], [116.43225, 39.99368], [116.43153, 39.99436], [116.43068, 39.99552], [116.4302, 39.99732], [116.42954, 39.9984], [116.42889, 39.99905], [116.42784, 39.99954], [116.4259, 39.99973], [116.42511, 39.99981], [116.42421, 39.99991], [116.42306, 39.99998], [116.4223, 40.00008], [116.42062, 40.00066], [116.41867, 40.00118], [116.41656, 40.00162], [116.41636, 40.00165], [116.41579, 40.00168], [116.41359, 40.00165], [116.41248, 40.00163], [116.41174, 40.00161], [116.41117, 40.00159], [116.40417, 40.00132], [116.40162, 40.00125], [116.40027, 40.00125], [116.39462, 40.00121], [116.39454, 40.00114], [116.39045, 40.00105], [116.38958, 40.00103], [116.38619, 40.00101], [116.38533, 40.00099], [116.38444, 40.00097], [116.37294, 40.00056], [116.36307, 40.00021], [116.36205, 40.00019], [116.36091, 40.00016], [116.36051, 40.00015], [116.3491, 39.99982], [116.34664, 39.99974], [116.34395, 39.99966], [116.33863, 39.99948], [116.33448, 39.99933], [116.33425, 39.99933], [116.33363, 39.99931], [116.33272, 39.99929], [116.33255, 39.99929], [116.331, 39.99926]]}, "properties": {"kind": "line", "line": "Line 15", "colour": "#653279"}}, {"type": "Feature", "geometry": {"type": "LineString", "coordinates": [[116.5635, 39.786], [116.56191, 39.78522], [116.5588, 39.78371], [116.55763, 39.78314], [116.55651, 39.78261], [116.55562, 39.78218], [116.54746, 39.77828], [116.54451, 39.7769], [116.53993, 39.77469], [116.53753, 39.7735], [116.53607, 39.77279], [116.53591, 39.77271], [116.53468, 39.77211], [116.53406, 39.77181], [116.53325, 39.77143], [116.53233, 39.77097], [116.53202, 39.77083], [116.53147, 39.77055], [116.53062, 39.77015], [116.53025, 39.76999], [116.53001, 39.7699], [116.52978, 39.76982], [116.52934, 39.7697], [116.52876, 39.76962], [116.52825, 39.76958], [116.52768, 39.7696], [116.5275, 39.76962], [116.52731, 39.76964], [116.52708, 39.76968], [116.52686, 39.76973], [116.5267, 39.76977], [116.52653, 39.76982], [116.52634, 39.76989], [116.52602, 39.77002], [116.52571, 39.77017], [116.52541, 39.77035], [116.52516, 39.77051], [116.5249, 39.77071], [116.52472, 39.77086], [116.52454, 39.77105], [116.52438, 39.77125], [116.51687, 39.7805], [116.51587, 39.78171], [116.50879, 39.79042], [116.50748, 39.79203], [116.49954, 39.80179], [116.49864, 39.8029], [116.49814, 39.80352], [116.49792, 39.80378], [116.49773, 39.804], [116.49751, 39.80421], [116.49727, 39.80442], [116.49704, 39.80463], [116.4968, 39.80483], [116.49655, 39.80501], [116.49629, 39.80519], [116.49597, 39.8054], [116.49562, 39.80561], [116.49519, 39.80583], [116.49494, 39.80596], [116.49464, 39.80609], [116.49432, 39.80621], [116.494, 39.80633], [116.49368, 39.80644], [116.49336, 39.80653], [116.49302, 39.80662], [116.49269, 39.8067], [116.49235, 39.80677], [116.49196, 39.80684], [116.4915, 39.8069], [116.49106, 39.80694], [116.49034, 39.80698], [116.48965, 39.80696], [116.48914, 39.80693], [116.48867, 39.80688], [116.48832, 39.80683], [116.488, 39.80678], [116.48765, 39.80671], [116.48741, 39.80666], [116.48713, 39.80659], [116.48686, 39.80652], [116.48653, 39.80642], [116.48621, 39.80631], [116.48589, 39.80619], [116.48558, 39.80607], [116.48528, 39.80593], [116.48465, 39.80566], [116.48403, 39.80539], [116.48374, 39.80527], [116.47919, 39.80332], [116.47891, 39.8032], [116.4786, 39.80307], [116.47829, 39.80295], [116.47798, 39.80282], [116.47746, 39.80263], [116.47719, 39.80254], [116.4766, 39.80236], [116.47627, 39.80227], [116.47594, 39.80218], [116.47561, 39.80209], [116.47528, 39.80201], [116.47494, 39.80193], [116.47426, 39.80176], [116.47358, 39.8016], [116.46916, 39.8005], [116.46882, 39.80042], [116.46819, 39.80028], [116.46754, 39.80018], [116.46697, 39.80012], [116.46642, 39.80009], [116.46622, 39.80008], [116.46584, 39.80007], [116.46546, 39.80007], [116.46512, 39.80008], [116.46472, 39.80009], [116.46446, 39.80011], [116.46371, 39.8002], [116.4629, 39.80034], [116.46207, 39.8005], [116.4614, 39.80068], [116.46114, 39.80075], [116.45962, 39.80119], [116.45907, 39.80135], [116.45874, 39.80145], [116.45845, 39.80157], [116.45813, 39.80171], [116.45754, 39.80202], [116.45727, 39.80218], [116.45702, 39.80235], [116.45677, 39.80253], [116.45653, 39.80273], [116.4563, 39.80295], [116.4561, 39.80316], [116.4559, 39.80337], [116.45573, 39.8036], [116.45555, 39.80383], [116.4554, 39.80407], [116.45525, 39.80433], [116.45512, 39.80462], [116.45502, 39.80488], [116.45494, 39.80508], [116.45475, 39.80562], [116.45456, 39.80615], [116.45449, 39.80634], [116.45442, 39.80656], [116.45436, 39.80681], [116.45432, 39.8071], [116.45429, 39.80736], [116.4543, 39.80763], [116.45433, 39.8079], [116.45438, 39.80816], [116.45445, 39.80843], [116.45453, 39.80869], [116.4546, 39.80896], [116.45468, 39.80922], [116.45476, 39.80948], [116.45484, 39.80975], [116.4549, 39.80997], [116.45496, 39.81019], [116.45501, 39.81041], [116.45505, 39.81068], [116.45507, 39.81095], [116.45508, 39.81122], [116.45507, 39.8115], [116.45502, 39.81339], [116.45495, 39.81465], [116.45492, 39.81546], [116.45488, 39.816], [116.45469, 39.81803], [116.45467, 39.81827], [116.45465, 39.81853], [116.45462, 39.8188], [116.45459, 39.81908], [116.45449, 39.82019], [116.45446, 39.82078], [116.4545, 39.82145], [116.45456, 39.82203], [116.45459, 39.82233], [116.4546, 39.82258]]}, "properties": {"kind": "line", "line": "Yizhuang Line", "colour": "#d40f5a"}}, {"type": "Feature", "geometry": {"type": "LineString", "coordinates": [[116.45453, 39.82258], [116.45453, 39.82233], [116.45452, 39.82204], [116.45446, 39.82145], [116.45442, 39.82078], [116.45445, 39.82018], [116.45455, 39.81908], [116.45458, 39.8188], [116.45461, 39.81853], [116.45463, 39.81826], [116.45465, 39.81802], [116.45484, 39.816], [116.45487, 39.81546], [116.45491, 39.81465], [116.45498, 39.81339], [116.45503, 39.81149], [116.45504, 39.81122], [116.45503, 39.81095], [116.45501, 39.81068], [116.45497, 39.81042], [116.45492, 39.81019], [116.45486, 39.80997], [116.4548, 39.80976], [116.45472, 39.80949], [116.45464, 39.80923], [116.45456, 39.80897], [116.45449, 39.8087], [116.45441, 39.80843], [116.45434, 39.80816], [116.45429, 39.8079], [116.45425, 39.80763], [116.45425, 39.80736], [116.45428, 39.8071], [116.45432, 39.8068], [116.45438, 39.80656], [116.45445, 39.80634], [116.45452, 39.80614], [116.45471, 39.80561], [116.4549, 39.80507], [116.45498, 39.80487], [116.45508, 39.80461], [116.45521, 39.80432], [116.45537, 39.80406], [116.45552, 39.80382], [116.45569, 39.80358], [116.45587, 39.80336], [116.45606, 39.80314], [116.45626, 39.80293], [116.4565, 39.80271], [116.45674, 39.80251], [116.45699, 39.80233], [116.45725, 39.80216], [116.45752, 39.80199], [116.45811, 39.80169], [116.45843, 39.80155], [116.45873, 39.80143], [116.45905, 39.80132], [116.4596, 39.80116], [116.46113, 39.80072], [116.46139, 39.80065], [116.46206, 39.80047], [116.46289, 39.80031], [116.4637, 39.80017], [116.46446, 39.80008], [116.46471, 39.80006], [116.46512, 39.80004], [116.46546, 39.80004], [116.46584, 39.80004], [116.46622, 39.80005], [116.46642, 39.80005], [116.46697, 39.80008], [116.46755, 39.80015], [116.46821, 39.80025], [116.46884, 39.80039], [116.46917, 39.80046], [116.46982, 39.80062], [116.47253, 39.8013], [116.4736, 39.80156], [116.47427, 39.80173], [116.47495, 39.80189], [116.47529, 39.80198], [116.47563, 39.80206], [116.47596, 39.80214], [116.47629, 39.80223], [116.47662, 39.80233], [116.47721, 39.80251], [116.47748, 39.8026], [116.478, 39.80279], [116.47831, 39.80292], [116.47862, 39.80304], [116.47893, 39.80317], [116.47922, 39.80329], [116.48377, 39.80524], [116.48405, 39.80536], [116.48467, 39.80563], [116.4853, 39.8059], [116.4856, 39.80604], [116.48591, 39.80616], [116.48623, 39.80628], [116.48655, 39.80638], [116.48687, 39.80649], [116.48714, 39.80656], [116.48743, 39.80663], [116.48766, 39.80668], [116.48801, 39.80675], [116.48833, 39.8068], [116.48867, 39.80684], [116.48915, 39.8069], [116.48966, 39.80693], [116.49034, 39.80694], [116.49106, 39.8069], [116.49149, 39.80686], [116.49195, 39.8068], [116.49234, 39.80673], [116.49268, 39.80666], [116.49301, 39.80658], [116.49334, 39.8065], [116.49367, 39.8064], [116.49398, 39.8063], [116.49429, 39.80618], [116.49461, 39.80605], [116.49491, 39.80592], [116.49516, 39.8058], [116.49559, 39.80558], [116.49594, 39.80538], [116.49626, 39.80517], [116.49652, 39.80499], [116.49677, 39.8048], [116.49701, 39.8046], [116.49724, 39.8044], [116.49747, 39.80419], [116.49769, 39.80398], [116.49788, 39.80376], [116.4981, 39.8035], [116.4986, 39.80288], [116.4995, 39.80177], [116.50744, 39.79201], [116.50876, 39.7904], [116.51584, 39.78169], [116.51684, 39.78048], [116.52435, 39.77123], [116.52451, 39.77104], [116.52469, 39.77084], [116.52488, 39.77069], [116.52514, 39.77049], [116.52539, 39.77033], [116.52569, 39.77015], [116.526, 39.77], [116.52632, 39.76987], [116.52651, 39.7698], [116.52668, 39.76974], [116.52685, 39.7697], [116.52707, 39.76965], [116.5273, 39.76961], [116.5275, 39.76959], [116.52768, 39.76957], [116.52825, 39.76955], [116.52877, 39.76958], [116.52935, 39.76967], [116.5298, 39.76978], [116.53004, 39.76986], [116.53027, 39.76995], [116.53065, 39.77012], [116.53149, 39.77052], [116.53204, 39.77079], [116.53296, 39.77124], [116.53408, 39.77179], [116.5347, 39.77209], [116.53592, 39.77269], [116.53636, 39.77289], [116.53757, 39.77347], [116.53996, 39.77466], [116.54453, 39.77686], [116.54748, 39.77825], [116.55565, 39.78214], [116.55654, 39.78257], [116.55765, 39.78311], [116.55882, 39.78368], [116.56193, 39.7852], [116.56352, 39.78598]]}, "properties": {"kind": "line", "line": "Yizhuang Line", "colour": "#d40f5a"}}, {"type": "Feature", "geometry": {"type": "LineString", "coordinates": [[116.33371, 39.97621], [116.3337, 39.97598]]}, "properties": {"kind": "line", "line": "", "colour": "#F9E700"}}, {"type": "Feature", "geometry": {"type": "LineString", "coordinates": [[116.4257, 39.9661], [116.42567, 39.96583]]}, "properties": {"kind": "line", "line": "", "colour": "#4a7fb5"}}, {"type": "Feature", "geometry": {"type": "LineString", "coordinates": [[116.38789, 39.9805], [116.3876, 39.98118]]}, "properties": {"kind": "line", "line": "", "colour": "#4a7fb5"}}, {"type": "Feature", "geometry": {"type": "LineString", "coordinates": [[116.41245, 39.90615], [116.41245, 39.90628], [116.41242, 39.90687], [116.41239, 39.90776]]}, "properties": {"kind": "line", "line": "Line 5", "colour": "#a6228c"}}, {"type": "Feature", "geometry": {"type": "LineString", "coordinates": [[116.41222, 39.90775], [116.41225, 39.90687], [116.41227, 39.90614]]}, "properties": {"kind": "line", "line": "Line 5", "colour": "#a6228c"}}, {"type": "Feature", "geometry": {"type": "LineString", "coordinates": [[116.42201, 39.84439], [116.4211, 39.8444], [116.42017, 39.84448], [116.41937, 39.84458], [116.41884, 39.84465], [116.41833, 39.84474], [116.41789, 39.84485], [116.41756, 39.84499], [116.41731, 39.84515], [116.41707, 39.84533], [116.41691, 39.84548], [116.41675, 39.84565], [116.4166, 39.84582], [116.4165, 39.84599], [116.41637, 39.84621], [116.41625, 39.84647], [116.41612, 39.84667], [116.41603, 39.84701], [116.41595, 39.84736], [116.41592, 39.84776], [116.41575, 39.85505], [116.41571, 39.85595], [116.41567, 39.85683], [116.41555, 39.86347], [116.41553, 39.86412], [116.4155, 39.86478], [116.41524, 39.87005], [116.41476, 39.87949], [116.41468, 39.88134], [116.41467, 39.8816], [116.41465, 39.88226], [116.41462, 39.88291], [116.41459, 39.88323], [116.41446, 39.88367], [116.41429, 39.88403], [116.41345, 39.88563], [116.4131, 39.8863], [116.41296, 39.8867], [116.4129, 39.88711], [116.41287, 39.88742], [116.41281, 39.88896], [116.41274, 39.89077], [116.41273, 39.89104], [116.41271, 39.8917], [116.4127, 39.89235], [116.41246, 39.89882], [116.41244, 39.89949], [116.41242, 39.90014], [116.41243, 39.9044], [116.41245, 39.90615]]}, "properties": {"kind": "line", "line": "Line 5", "colour": "#a6228c"}}, {"type": "Feature", "geometry": {"type": "LineString", "coordinates": [[116.41227, 39.90614], [116.41227, 39.90496], [116.41227, 39.90474], [116.41218, 39.90111], [116.41225, 39.90014], [116.41227, 39.89949], [116.41229, 39.89881], [116.41253, 39.89235], [116.41254, 39.8917], [116.41256, 39.89103], [116.41271, 39.88741], [116.41273, 39.8871], [116.4128, 39.88667], [116.41295, 39.88626], [116.41326, 39.88571], [116.41414, 39.88399], [116.4143, 39.88363], [116.41442, 39.88321], [116.41446, 39.88291], [116.41448, 39.88226], [116.4145, 39.8816], [116.41511, 39.87017], [116.41534, 39.86478], [116.41536, 39.86412], [116.41538, 39.86347], [116.41545, 39.85963], [116.41548, 39.85682], [116.41551, 39.8563], [116.41553, 39.85594], [116.41557, 39.85504], [116.41579, 39.84776], [116.41582, 39.84735], [116.4159, 39.84699], [116.41599, 39.84664], [116.41613, 39.84643], [116.41625, 39.84618], [116.41638, 39.84595], [116.41649, 39.84577], [116.41664, 39.8456], [116.41681, 39.84542], [116.41697, 39.84526], [116.41722, 39.84508], [116.41749, 39.84491], [116.41783, 39.84476], [116.4183, 39.84464], [116.41882, 39.84455], [116.41935, 39.84449], [116.42015, 39.84442], [116.42109, 39.84436], [116.42201, 39.84436]]}, "properties": {"kind": "line", "line": "Line 5", "colour": "#a6228c"}}, {"type": "Feature", "geometry": {"type": "LineString", "coordinates": [[116.30906, 39.84326], [116.30711, 39.84326], [116.30382, 39.84333], [116.30302, 39.84345], [116.30223, 39.84365], [116.30163, 39.84396], [116.30114, 39.84432], [116.30076, 39.84477], [116.30002, 39.84612], [116.29979, 39.84663], [116.29921, 39.8478], [116.29853, 39.84908], [116.29824, 39.84986], [116.29819, 39.85079], [116.29815, 39.85146], [116.29831, 39.85256], [116.29849, 39.8537], [116.29852, 39.85451], [116.2983, 39.8572], [116.29825, 39.85846], [116.29825, 39.85855], [116.29806, 39.86152], [116.29793, 39.8643], [116.29785, 39.86595], [116.29756, 39.8683], [116.29751, 39.87104], [116.29749, 39.87322], [116.29746, 39.8738], [116.29718, 39.87578], [116.29686, 39.87889], [116.29677, 39.88064], [116.29674, 39.88221], [116.29679, 39.88671], [116.29682, 39.88912], [116.2968, 39.89044], [116.29702, 39.89103], [116.2978, 39.89184], [116.2985, 39.8923], [116.29966, 39.89278], [116.30012, 39.89302], [116.30142, 39.89342], [116.30283, 39.89389], [116.30334, 39.8941], [116.3038, 39.89429], [116.30412, 39.8946], [116.30432, 39.89497], [116.30439, 39.89535], [116.3044, 39.89618], [116.3044, 39.90083], [116.30441, 39.90171], [116.30449, 39.90256], [116.30464, 39.90363], [116.30469, 39.90428], [116.30498, 39.90567], [116.30497, 39.90619], [116.30496, 39.90683], [116.30492, 39.90712], [116.30481, 39.90743], [116.30469, 39.90776], [116.30461, 39.9081], [116.30437, 39.9087], [116.30433, 39.90891], [116.30425, 39.90928], [116.30425, 39.90951], [116.30424, 39.9108], [116.30423, 39.91201], [116.30416, 39.91248], [116.304, 39.91308], [116.30386, 39.9134], [116.3037, 39.91374], [116.30226, 39.91494], [116.30052, 39.91562], [116.29825, 39.91626], [116.2942, 39.91666], [116.29317, 39.91679], [116.29252, 39.91729], [116.29209, 39.91779], [116.29186, 39.91831], [116.29166, 39.91904], [116.29168, 39.91981], [116.29179, 39.92177], [116.29185, 39.92365], [116.29184, 39.92536], [116.29168, 39.9262], [116.29125, 39.92731], [116.28962, 39.93015], [116.28959, 39.93062], [116.28955, 39.93116], [116.28952, 39.93209], [116.28948, 39.9329], [116.28946, 39.93346], [116.28945, 39.93385], [116.28949, 39.93435], [116.28956, 39.93482], [116.28964, 39.93538], [116.28965, 39.93587], [116.28962, 39.93628], [116.28959, 39.9366], [116.28929, 39.93793], [116.28873, 39.94049], [116.28839, 39.94196], [116.28811, 39.94307], [116.28799, 39.94407], [116.28796, 39.94515], [116.28804, 39.94686], [116.28803, 39.94812], [116.28832, 39.95029], [116.2887, 39.95216], [116.28886, 39.95408], [116.28891, 39.95579], [116.28867, 39.95649], [116.28811, 39.95742], [116.28763, 39.95827], [116.28664, 39.95994], [116.28553, 39.96186], [116.28505, 39.9624], [116.28445, 39.96316], [116.2835, 39.9643], [116.28276, 39.96525], [116.28236, 39.96587], [116.28183, 39.96681], [116.28102, 39.96887], [116.28079, 39.97027], [116.28092, 39.97115], [116.28147, 39.972], [116.28229, 39.97261], [116.28341, 39.97295], [116.28447, 39.97312]]}, "properties": {"kind": "line", "line": "Line 10", "colour": "#009bc0"}}, {"type": "Feature", "geometry": {"type": "LineString", "coordinates": [[116.35927, 39.81225], [116.35948, 39.81166]]}, "properties": {"kind": "line", "line": "", "colour": "#008193"}}, {"type": "Feature", "geometry": {"type": "LineString", "coordinates": [[116.40719, 40.05657], [116.40717, 40.05637]]}, "properties": {"kind": "line", "line": "", "colour": "#800080"}}, {"type": "Feature", "geometry": {"type": "LineString", "coordinates": [[116.40658, 40.08392], [116.40661, 40.08382], [116.40668, 40.083], [116.40669, 40.08286], [116.40675, 40.08209]]}, "properties": {"kind": "line", "line": "Line 5", "colour": "#a6228c"}}, {"type": "Feature", "geometry": {"type": "LineString", "coordinates": [[116.43045, 40.0407], [116.4307, 40.04063]]}, "properties": {"kind": "line", "line": "", "colour": "#4a7fb5"}}, {"type": "Feature", "geometry": {"type": "LineString", "coordinates": [[116.36468, 39.97498], [116.36504, 39.97491], [116.36515, 39.97491], [116.36676, 39.97493]]}, "properties": {"kind": "line", "line": "", "colour": "#4a7fb5"}}, {"type": "Feature", "geometry": {"type": "LineString", "coordinates": [[116.31854, 39.94437], [116.31874, 39.94391], [116.31893, 39.9425], [116.31902, 39.94183]]}, "properties": {"kind": "line", "line": "Line 9", "colour": "#8fc31f"}}, {"type": "Feature", "geometry": {"type": "LineString", "coordinates": [[116.3189, 39.94434], [116.31879, 39.94391], [116.31897, 39.94251], [116.31906, 39.94184]]}, "properties": {"kind": "line", "line": "Line 9", "colour": "#8fc31f"}}, {"type": "Feature", "geometry": {"type": "LineString", "coordinates": [[116.4286, 39.94163], [116.42832, 39.9421], [116.42825, 39.94221], [116.42819, 39.9424], [116.42817, 39.94257], [116.42815, 39.94622], [116.42823, 39.94698], [116.42837, 39.94742], [116.42849, 39.94767], [116.42858, 39.94806], [116.42859, 39.94846], [116.42851, 39.94888], [116.42841, 39.94928], [116.42821, 39.94973], [116.42808, 39.95008], [116.42791, 39.95061], [116.42772, 39.95126], [116.42765, 39.95173], [116.42761, 39.95215], [116.42761, 39.95245]]}, "properties": {"kind": "line", "line": "Line 13", "colour": "#f7c800"}}, {"type": "Feature", "geometry": {"type": "LineString", "coordinates": [[116.34707, 39.9403], [116.34657, 39.94162], [116.34633, 39.94226], [116.34625, 39.94244], [116.34608, 39.94289], [116.34596, 39.94317], [116.34533, 39.94479], [116.34523, 39.94503], [116.34516, 39.94527], [116.34511, 39.94561], [116.34509, 39.94597], [116.34511, 39.94623], [116.34515, 39.9465], [116.34528, 39.94732], [116.34537, 39.94784], [116.34547, 39.94836], [116.3455, 39.94852], [116.34552, 39.9487], [116.34552, 39.94901], [116.34552, 39.94916], [116.34551, 39.94931], [116.34549, 39.94944], [116.34546, 39.94958], [116.34539, 39.94983], [116.34525, 39.95016], [116.3451, 39.95045], [116.34348, 39.95349], [116.34264, 39.955], [116.34222, 39.95576], [116.34197, 39.95622], [116.34181, 39.95655], [116.34154, 39.95712], [116.34138, 39.95746], [116.34111, 39.958], [116.3405, 39.95909], [116.34039, 39.95931], [116.34028, 39.95953], [116.34009, 39.95994], [116.33995, 39.96035], [116.33988, 39.96055], [116.33981, 39.96076], [116.3397, 39.96118], [116.33965, 39.9614], [116.33961, 39.96161], [116.33955, 39.96192], [116.33951, 39.96223]]}, "properties": {"kind": "line", "line": "Line 13", "colour": "#f7c800"}}, {"type": "Feature", "geometry": {"type": "LineString", "coordinates": [[116.33885, 39.96665], [116.33876, 39.96704], [116.33863, 39.96746], [116.33846, 39.96787], [116.33828, 39.96824], [116.33804, 39.96866], [116.33779, 39.96903], [116.33623, 39.97102], [116.33544, 39.97201], [116.33468, 39.97299], [116.33441, 39.97339], [116.33428, 39.97362], [116.33417, 39.97387], [116.33408, 39.97419], [116.33401, 39.97448]]}, "properties": {"kind": "line", "line": "", "colour": "#F9E700"}}, {"type": "Feature", "geometry": {"type": "LineString", "coordinates": [[116.33397, 39.97448], [116.33403, 39.97419], [116.33413, 39.97386], [116.33424, 39.97361], [116.33435, 39.97338], [116.33464, 39.97297], [116.3354, 39.97198], [116.33619, 39.971], [116.33774, 39.96901], [116.33799, 39.96863], [116.33822, 39.96822], [116.3384, 39.96785], [116.33857, 39.96745], [116.33871, 39.96703], [116.3388, 39.96665]]}, "properties": {"kind": "line", "line": "", "colour": "#F9E700"}}, {"type": "Feature", "geometry": {"type": "LineString", "coordinates": [[116.33303, 39.9799], [116.33231, 39.98387], [116.33219, 39.98455], [116.33215, 39.98477], [116.33204, 39.98543], [116.33198, 39.98588], [116.33189, 39.98663], [116.33188, 39.98739], [116.3318, 39.98939], [116.33176, 39.99038], [116.33174, 39.99094], [116.33172, 39.99157], [116.33169, 39.99227], [116.33161, 39.99384], [116.33154, 39.99539], [116.33145, 39.99803], [116.33135, 40.0007], [116.33134, 40.00106], [116.33129, 40.00234], [116.33123, 40.00398]]}, "properties": {"kind": "line", "line": "", "colour": "#F9E700"}}, {"type": "Feature", "geometry": {"type": "LineString", "coordinates": [[116.33401, 39.97448], [116.3339, 39.97515], [116.33378, 39.97583]]}, "properties": {"kind": "line", "line": "", "colour": "#F9E700"}}, {"type": "Feature", "geometry": {"type": "LineString", "coordinates": [[116.33373, 39.97582], [116.33385, 39.97514], [116.33397, 39.97448]]}, "properties": {"kind": "line", "line": "", "colour": "#F9E700"}}, {"type": "Feature", "geometry": {"type": "LineString", "coordinates": [[116.33948, 39.96223], [116.33951, 39.96192], [116.33957, 39.9616], [116.33961, 39.9614], [116.33966, 39.96117], [116.33978, 39.96076], [116.33984, 39.96055], [116.33991, 39.96034], [116.34006, 39.95994], [116.34024, 39.95952], [116.34034, 39.9593], [116.34046, 39.95908], [116.34107, 39.95799], [116.34122, 39.95769], [116.34134, 39.95745], [116.3415, 39.95712], [116.34177, 39.95654], [116.34194, 39.9562], [116.34218, 39.95575], [116.34261, 39.95499], [116.34346, 39.95349], [116.34508, 39.95045], [116.34523, 39.95015], [116.34536, 39.94982], [116.34543, 39.94958], [116.34547, 39.94944], [116.34548, 39.9493], [116.34549, 39.94915], [116.3455, 39.94901], [116.34549, 39.94869], [116.34547, 39.94853], [116.34544, 39.94836], [116.34535, 39.94784], [116.34526, 39.94732], [116.34513, 39.9465], [116.34508, 39.94623], [116.34507, 39.94597], [116.34508, 39.94561], [116.34513, 39.94527], [116.34519, 39.94502], [116.34529, 39.94477], [116.34584, 39.94335], [116.34598, 39.94299], [116.34614, 39.94259], [116.34621, 39.94242], [116.34629, 39.94224], [116.34643, 39.94169], [116.34697, 39.94028]]}, "properties": {"kind": "line", "line": "Line 13", "colour": "#f7c800"}}, {"type": "Feature", "geometry": {"type": "LineString", "coordinates": [[116.3388, 39.96665], [116.33887, 39.96619], [116.33891, 39.96595], [116.33892, 39.96584], [116.339, 39.96527], [116.33906, 39.9647]]}, "properties": {"kind": "line", "line": "", "colour": "#F9E700"}}, {"type": "Feature", "geometry": {"type": "LineString", "coordinates": [[116.3391, 39.9647], [116.33903, 39.96527], [116.33895, 39.96584], [116.33894, 39.96595], [116.33885, 39.96665]]}, "properties": {"kind": "line", "line": "", "colour": "#F9E700"}}, {"type": "Feature", "geometry": {"type": "LineString", "coordinates": [[116.33951, 39.96223], [116.33947, 39.96253], [116.33941, 39.96291], [116.33929, 39.96354], [116.33917, 39.96418], [116.3391, 39.9647]]}, "properties": {"kind": "line", "line": "", "colour": "#F9E700"}}, {"type": "Feature", "geometry": {"type": "LineString", "coordinates": [[116.33906, 39.9647], [116.33913, 39.96417], [116.33925, 39.96353], [116.33937, 39.9629], [116.33943, 39.96253], [116.33948, 39.96223]]}, "properties": {"kind": "line", "line": "", "colour": "#F9E700"}}, {"type": "Feature", "geometry": {"type": "LineString", "coordinates": [[116.33298, 39.97989], [116.33312, 39.97872], [116.33329, 39.97795], [116.33347, 39.97724], [116.33361, 39.97654], [116.3337, 39.97598], [116.33373, 39.97582]]}, "properties": {"kind": "line", "line": "", "colour": "#F9E700"}}, {"type": "Feature", "geometry": {"type": "LineString", "coordinates": [[116.33378, 39.97583], [116.33371, 39.97621], [116.33365, 39.97654], [116.33351, 39.97724], [116.33334, 39.97796], [116.33318, 39.97873], [116.33303, 39.9799]]}, "properties": {"kind": "line", "line": "", "colour": "#F9E700"}}, {"type": "Feature", "geometry": {"type": "LineString", "coordinates": [[116.29824, 40.05556], [116.29788, 40.0562], [116.29691, 40.05792], [116.29591, 40.05974], [116.29558, 40.06035], [116.29533, 40.0607], [116.29508, 40.06101], [116.29476, 40.06133], [116.2944, 40.06171], [116.2941, 40.06206], [116.2938, 40.06256], [116.2936, 40.06309], [116.29349, 40.06356], [116.29349, 40.06402]]}, "properties": {"kind": "line", "line": "", "colour": "#F9E700"}}, {"type": "Feature", "geometry": {"type": "LineString", "coordinates": [[116.32159, 40.01579], [116.32164, 40.01575], [116.32181, 40.0156], [116.32308, 40.01447], [116.32499, 40.01278], [116.32792, 40.01017], [116.32923, 40.00901], [116.3295, 40.00872], [116.32976, 40.00842], [116.33007, 40.00803], [116.33035, 40.00758], [116.33053, 40.00724], [116.33071, 40.00684], [116.33086, 40.00639], [116.33097, 40.00593], [116.33102, 40.00552], [116.33117, 40.00397]]}, "properties": {"kind": "line", "line": "", "colour": "#F9E700"}}, {"type": "Feature", "geometry": {"type": "LineString", "coordinates": [[116.29817, 40.05554], [116.29838, 40.05516]]}, "properties": {"kind": "line", "line": "", "colour": "#F9E700"}}, {"type": "Feature", "geometry": {"type": "LineString", "coordinates": [[116.29845, 40.05518], [116.29824, 40.05556]]}, "properties": {"kind": "line", "line": "", "colour": "#F9E700"}}, {"type": "Feature", "geometry": {"type": "LineString", "coordinates": [[116.32116, 40.01616], [116.32134, 40.01599], [116.32159, 40.01579]]}, "properties": {"kind": "line", "line": "", "colour": "#F9E700"}}, {"type": "Feature", "geometry": {"type": "LineString", "coordinates": [[116.32161, 40.01581], [116.32136, 40.016], [116.32117, 40.01617]]}, "properties": {"kind": "line", "line": "", "colour": "#F9E700"}}, {"type": "Feature", "geometry": {"type": "LineString", "coordinates": [[116.29838, 40.05516], [116.29873, 40.05448], [116.29995, 40.0523], [116.29997, 40.05225]]}, "properties": {"kind": "line", "line": "", "colour": "#F9E700"}}, {"type": "Feature", "geometry": {"type": "LineString", "coordinates": [[116.32117, 40.01617], [116.3209, 40.01641], [116.32046, 40.01681], [116.32012, 40.01719], [116.31977, 40.01764], [116.31955, 40.01799], [116.31935, 40.0184], [116.31916, 40.01888]]}, "properties": {"kind": "line", "line": "", "colour": "#F9E700"}}, {"type": "Feature", "geometry": {"type": "LineString", "coordinates": [[116.59682, 40.12725], [116.59317, 40.12719], [116.57804, 40.127], [116.57721, 40.12699], [116.57675, 40.12697], [116.57635, 40.12694], [116.576, 40.12691], [116.57568, 40.12687], [116.57537, 40.12682], [116.57461, 40.12667], [116.57414, 40.12655], [116.5736, 40.12638], [116.57312, 40.1262], [116.57267, 40.12602], [116.57235, 40.12587], [116.57197, 40.12567], [116.57171, 40.12553], [116.57146, 40.12538], [116.57121, 40.12522], [116.57094, 40.12504], [116.57061, 40.12479], [116.57021, 40.12447], [116.56749, 40.12233], [116.56517, 40.12049], [116.56236, 40.11826], [116.56207, 40.11802], [116.5618, 40.11777], [116.56148, 40.11742], [116.56122, 40.11712], [116.56098, 40.1168], [116.56049, 40.1161], [116.55876, 40.11363], [116.55837, 40.11304], [116.55802, 40.11252], [116.55777, 40.11215], [116.55766, 40.11198], [116.55755, 40.11178], [116.55745, 40.11159], [116.55737, 40.11144], [116.55731, 40.11128], [116.55725, 40.11113], [116.55718, 40.11095], [116.5571, 40.11075], [116.55704, 40.11057], [116.55688, 40.11013], [116.55677, 40.10986], [116.55658, 40.10934], [116.55645, 40.10899], [116.55635, 40.10873], [116.55627, 40.10848], [116.55618, 40.10822], [116.55611, 40.10797], [116.55604, 40.10772], [116.55596, 40.10739], [116.55591, 40.10713], [116.55302, 40.09043], [116.55217, 40.08536], [116.55208, 40.08486], [116.55184, 40.08395], [116.55174, 40.08335], [116.55165, 40.08273], [116.55154, 40.08171], [116.5515, 40.08144], [116.54965, 40.07071], [116.54961, 40.07046], [116.54956, 40.07022], [116.54951, 40.07], [116.54939, 40.06952], [116.54928, 40.06891], [116.54917, 40.0683], [116.54909, 40.06765], [116.54906, 40.06731], [116.54899, 40.06677], [116.5488, 40.0658], [116.54874, 40.06555], [116.54866, 40.06525], [116.54857, 40.06496], [116.54843, 40.06462], [116.54827, 40.06428], [116.54807, 40.0639], [116.54795, 40.06369], [116.54781, 40.06349], [116.54769, 40.06332], [116.54755, 40.06315], [116.54742, 40.06299], [116.54729, 40.06284], [116.54705, 40.06258], [116.54669, 40.06223], [116.5432, 40.05914], [116.54301, 40.05898], [116.54278, 40.05881], [116.54254, 40.05863], [116.54232, 40.05848], [116.54212, 40.05836], [116.54189, 40.05822], [116.54168, 40.05809], [116.53769, 40.05587], [116.53712, 40.05557], [116.53671, 40.05533], [116.53648, 40.05518], [116.5363, 40.05506], [116.5361, 40.05491], [116.53586, 40.05472], [116.53554, 40.05447], [116.53535, 40.0543], [116.53521, 40.05417], [116.53507, 40.05404], [116.5349, 40.05388], [116.53458, 40.05356], [116.5343, 40.05325], [116.53408, 40.05297], [116.53382, 40.05259], [116.53349, 40.05211], [116.53163, 40.04913], [116.53073, 40.04767], [116.53061, 40.04746], [116.53045, 40.04719], [116.53017, 40.04665], [116.52901, 40.04454], [116.52872, 40.04395], [116.52844, 40.04339], [116.52808, 40.04249], [116.52782, 40.04196], [116.52701, 40.04032], [116.52633, 40.039], [116.52587, 40.03812], [116.52553, 40.03755], [116.52532, 40.03726], [116.52512, 40.03702], [116.52491, 40.03677], [116.52467, 40.0365], [116.52445, 40.03627], [116.52418, 40.03603], [116.52381, 40.03573], [116.52351, 40.03551], [116.52322, 40.03531], [116.52296, 40.03514], [116.52272, 40.035], [116.52227, 40.03475], [116.52149, 40.0344]]}, "properties": {"kind": "line", "line": "Line 15", "colour": "#653279"}}, {"type": "Feature", "geometry": {"type": "LineString", "coordinates": [[116.59682, 40.12721], [116.5988, 40.12722], [116.59966, 40.12724], [116.60058, 40.12725], [116.60139, 40.12727], [116.60236, 40.1273], [116.60358, 40.12735], [116.6048, 40.1274], [116.61078, 40.12766], [116.61168, 40.12768], [116.62624, 40.1279], [116.62717, 40.12793], [116.6281, 40.12798], [116.63416, 40.12847], [116.63522, 40.12857], [116.63629, 40.12866], [116.63782, 40.12877], [116.63893, 40.1288], [116.64914, 40.12881], [116.65016, 40.12878], [116.65072, 40.12874], [116.65117, 40.12874], [116.65214, 40.12871], [116.65248, 40.12872], [116.6623, 40.1284], [116.66248, 40.1284], [116.66345, 40.12847], [116.66376, 40.1285], [116.66709, 40.12894], [116.66765, 40.12909], [116.66805, 40.12921], [116.66843, 40.12935], [116.66878, 40.12952], [116.66912, 40.12972], [116.67193, 40.13121], [116.67305, 40.13136], [116.67554, 40.13134], [116.67654, 40.13133], [116.67889, 40.13128]]}, "properties": {"kind": "line", "line": "", "colour": "#4a7fb5"}}, {"type": "Feature", "geometry": {"type": "LineString", "coordinates": [[116.36489, 39.97487], [116.36515, 39.97491]]}, "properties": {"kind": "line", "line": "", "colour": "#4a7fb5"}}, {"type": "Feature", "geometry": {"type": "LineString", "coordinates": [[116.45616, 39.93907], [116.45633, 39.93855]]}, "properties": {"kind": "line", "line": "", "colour": "#0092C7"}}, {"type": "Feature", "geometry": {"type": "LineString", "coordinates": [[116.40675, 40.08209], [116.40679, 40.0815], [116.40681, 40.08121], [116.40686, 40.08071], [116.4069, 40.08016], [116.40703, 40.07851], [116.40711, 40.07767], [116.40713, 40.07716], [116.40712, 40.07687], [116.40703, 40.07613], [116.40673, 40.07441], [116.40661, 40.07378], [116.4065, 40.07318], [116.4063, 40.07217], [116.4062, 40.07161], [116.40614, 40.07128], [116.4061, 40.07079], [116.40609, 40.0705], [116.4061, 40.07008], [116.40612, 40.06966], [116.40649, 40.06513], [116.40654, 40.06452], [116.40664, 40.06275], [116.40668, 40.06214], [116.40668, 40.06212], [116.4067, 40.06171], [116.40701, 40.0583], [116.40717, 40.05637], [116.4072, 40.05607], [116.40724, 40.05557]]}, "properties": {"kind": "line", "line": "Line 5", "colour": "#a6228c"}}, {"type": "Feature", "geometry": {"type": "LineString", "coordinates": [[116.38621, 40.0134], [116.38617, 40.01189], [116.38625, 40.0103], [116.38629, 40.0092]]}, "properties": {"kind": "line", "line": "Line 8", "colour": "#009b77"}}, {"type": "Feature", "geometry": {"type": "LineString", "coordinates": [[116.38629, 40.0092], [116.38675, 39.99932], [116.38748, 39.98413], [116.3876, 39.98118], [116.3878, 39.9764]]}, "properties": {"kind": "line", "line": "Line 8", "colour": "#009b77"}}, {"type": "Feature", "geometry": {"type": "LineString", "coordinates": [[116.38806, 39.9764], [116.3879, 39.98034], [116.38789, 39.9805], [116.38787, 39.98075], [116.38769, 39.98414], [116.38697, 39.99933], [116.38658, 40.00777], [116.38652, 40.0092]]}, "properties": {"kind": "line", "line": "Line 8", "colour": "#009b77"}}, {"type": "Feature", "geometry": {"type": "LineString", "coordinates": [[116.45498, 39.88308], [116.45496, 39.88152], [116.45496, 39.88021], [116.45488, 39.87486], [116.45471, 39.86903], [116.4547, 39.86816], [116.45455, 39.86729], [116.45435, 39.86651], [116.45394, 39.86575], [116.45342, 39.865], [116.45289, 39.86447], [116.44691, 39.85958], [116.44609, 39.8587], [116.4459, 39.85818], [116.4458, 39.85788], [116.44572, 39.85752], [116.44575, 39.85723], [116.44604, 39.85599], [116.44749, 39.85075], [116.44752, 39.85067], [116.44841, 39.84683], [116.44838, 39.84622], [116.44831, 39.84591], [116.44817, 39.8457], [116.44776, 39.84527], [116.44694, 39.84501], [116.44633, 39.84487], [116.44525, 39.84472], [116.44347, 39.8446], [116.44214, 39.84458], [116.43694, 39.84454], [116.43429, 39.84451], [116.43168, 39.84449], [116.42632, 39.84477], [116.42452, 39.84486], [116.42426, 39.84487], [116.42167, 39.84486], [116.41923, 39.84485], [116.41333, 39.8449], [116.40865, 39.84458], [116.40741, 39.84454], [116.40623, 39.84451], [116.39386, 39.8441], [116.39233, 39.84407], [116.39207, 39.84407], [116.39045, 39.84402], [116.3902, 39.84401], [116.38064, 39.84377], [116.37983, 39.84381], [116.37893, 39.84389], [116.37746, 39.84402], [116.37358, 39.84435], [116.37315, 39.84439], [116.37136, 39.84455], [116.36504, 39.84451], [116.36329, 39.8445], [116.34688, 39.84464], [116.34541, 39.84464], [116.34396, 39.84465], [116.3435, 39.8446]]}, "properties": {"kind": "line", "line": "Line 10", "colour": "#009bc0"}}, {"type": "Feature", "geometry": {"type": "LineString", "coordinates": [[116.44565, 39.96817], [116.44378, 39.96948], [116.44206, 39.97073], [116.44122, 39.97135], [116.43625, 39.97492], [116.43518, 39.97527], [116.43438, 39.97542], [116.43332, 39.97556], [116.43247, 39.97571], [116.43161, 39.97577], [116.43042, 39.97584], [116.42729, 39.97587], [116.42407, 39.97589], [116.41718, 39.97582], [116.41241, 39.97571], [116.41124, 39.97569], [116.4105, 39.97568], [116.407, 39.97573], [116.40092, 39.97582], [116.39918, 39.97581], [116.39833, 39.97581], [116.38796, 39.97575], [116.3869, 39.97574], [116.38588, 39.97568], [116.38221, 39.97565], [116.38051, 39.97556], [116.37748, 39.97523], [116.37643, 39.97515], [116.37494, 39.97514], [116.37324, 39.97513], [116.36468, 39.97498], [116.36308, 39.97496], [116.34776, 39.97495], [116.34673, 39.97494], [116.34562, 39.97501], [116.34396, 39.97508], [116.3435, 39.97518], [116.34263, 39.97522], [116.34205, 39.97522], [116.34199, 39.97522], [116.33684, 39.97524], [116.33579, 39.97523], [116.33352, 39.97521], [116.32754, 39.97508], [116.32293, 39.975], [116.31765, 39.97488], [116.31237, 39.97477], [116.31152, 39.97473], [116.30019, 39.97439], [116.29933, 39.97436], [116.29781, 39.97422], [116.29667, 39.97399], [116.29524, 39.97368], [116.29397, 39.97355], [116.28945, 39.9734], [116.28898, 39.97339], [116.28845, 39.97337], [116.28752, 39.97332], [116.28652, 39.97326]]}, "properties": {"kind": "line", "line": "", "colour": "#4a7fb5"}}, {"type": "Feature", "geometry": {"type": "LineString", "coordinates": [[116.28652, 39.97323], [116.28752, 39.97329], [116.28845, 39.97334], [116.28897, 39.97336], [116.28945, 39.97337], [116.29397, 39.97351], [116.29524, 39.97364], [116.29668, 39.97394], [116.29782, 39.97418], [116.29933, 39.97433], [116.30019, 39.97435], [116.31153, 39.9747], [116.31237, 39.97473], [116.32293, 39.97491], [116.32754, 39.975], [116.33351, 39.9751], [116.33478, 39.97502], [116.33578, 39.97502], [116.33685, 39.97503], [116.34208, 39.97501], [116.34338, 39.97497], [116.34402, 39.97491], [116.3453, 39.97484], [116.34585, 39.97481], [116.34672, 39.97479], [116.34776, 39.9748], [116.36308, 39.97484], [116.36489, 39.97487], [116.36691, 39.97488], [116.3686, 39.97496], [116.37322, 39.97503], [116.37493, 39.97503], [116.37623, 39.97504], [116.37643, 39.97504], [116.3775, 39.97513], [116.38051, 39.97547], [116.38222, 39.97557], [116.38588, 39.97559], [116.38796, 39.97561], [116.38953, 39.97563], [116.39073, 39.97572], [116.39844, 39.97579], [116.39919, 39.97578], [116.40092, 39.97578], [116.4105, 39.97565], [116.41124, 39.97566], [116.41241, 39.97567], [116.41631, 39.97577], [116.41687, 39.97578], [116.42407, 39.97583], [116.43053, 39.97569], [116.43159, 39.97563], [116.43246, 39.97557], [116.43328, 39.9754], [116.43437, 39.97524], [116.43513, 39.97509], [116.43614, 39.97482], [116.44029, 39.97189], [116.44114, 39.97125], [116.44195, 39.97064], [116.44366, 39.96939], [116.44555, 39.96809]]}, "properties": {"kind": "line", "line": "", "colour": "#4a7fb5"}}, {"type": "Feature", "geometry": {"type": "LineString", "coordinates": [[116.45526, 39.88312], [116.45534, 39.89217], [116.45535, 39.89283], [116.45598, 39.90722], [116.45599, 39.90788], [116.45601, 39.90856], [116.45584, 39.91528]]}, "properties": {"kind": "line", "line": "", "colour": "#0092C7"}}, {"type": "Feature", "geometry": {"type": "LineString", "coordinates": [[116.11897, 39.72183], [116.11984, 39.72183], [116.13448, 39.72186], [116.14305, 39.72187]]}, "properties": {"kind": "line", "line": "Fangshan Line", "colour": "#d4802a"}}, {"type": "Feature", "geometry": {"type": "LineString", "coordinates": [[116.40464, 39.92355], [116.40456, 39.92554], [116.40454, 39.92574], [116.40437, 39.92622], [116.40423, 39.92648], [116.40381, 39.92729], [116.40322, 39.92867], [116.40295, 39.92934], [116.40282, 39.92998], [116.4028, 39.93039], [116.40276, 39.93125], [116.40252, 39.93167], [116.40251, 39.93169], [116.4024, 39.9318], [116.40206, 39.93198], [116.40155, 39.93212], [116.40081, 39.93226], [116.39984, 39.93234], [116.39878, 39.93235], [116.39769, 39.93235], [116.39549, 39.93235], [116.39429, 39.93253], [116.39277, 39.93285], [116.39161, 39.93318], [116.39086, 39.93359], [116.39063, 39.93389], [116.39048, 39.93413], [116.39041, 39.93428], [116.39011, 39.93553], [116.39009, 39.93595], [116.39, 39.93767], [116.38986, 39.93833], [116.389, 39.9396], [116.38849, 39.94065], [116.38828, 39.94142], [116.38774, 39.94523], [116.38769, 39.94673], [116.38771, 39.94704], [116.38791, 39.94898], [116.38827, 39.95136], [116.3884, 39.95343], [116.38856, 39.95455], [116.38861, 39.95557], [116.38879, 39.96185], [116.38854, 39.96712], [116.3882, 39.97404], [116.38811, 39.97542], [116.3881, 39.97556], [116.38809, 39.9758], [116.38806, 39.9764]]}, "properties": {"kind": "line", "line": "Line 8", "colour": "#009b77"}}, {"type": "Feature", "geometry": {"type": "LineString", "coordinates": [[116.41227, 39.90474], [116.41243, 39.9044]]}, "properties": {"kind": "line", "line": "", "colour": "#800080"}}, {"type": "Feature", "geometry": {"type": "LineString", "coordinates": [[116.41199, 39.96071], [116.41205, 39.96059]]}, "properties": {"kind": "line", "line": "", "colour": "#4a7fb5"}}, {"type": "Feature", "geometry": {"type": "LineString", "coordinates": [[116.41214, 39.95875], [116.41209, 39.95862]]}, "properties": {"kind": "line", "line": "", "colour": "#800080"}}, {"type": "Feature", "geometry": {"type": "LineString", "coordinates": [[116.40967, 39.90682], [116.41017, 39.90677]]}, "properties": {"kind": "line", "line": "", "colour": "#4a7fb5"}}, {"type": "Feature", "geometry": {"type": "LineString", "coordinates": [[116.41229, 39.95819], [116.41215, 39.95864], [116.41214, 39.95875], [116.41205, 39.96059], [116.41204, 39.96076]]}, "properties": {"kind": "line", "line": "", "colour": "#800080"}}, {"type": "Feature", "geometry": {"type": "LineString", "coordinates": [[116.41036, 39.90677], [116.41055, 39.90667], [116.41083, 39.90654], [116.41124, 39.90637], [116.41158, 39.90613], [116.41184, 39.90587], [116.41202, 39.90558], [116.41216, 39.90527], [116.41227, 39.90496]]}, "properties": {"kind": "line", "line": "", "colour": "#4a7fb5"}}, {"type": "Feature", "geometry": {"type": "LineString", "coordinates": [[116.38621, 40.0134], [116.38612, 40.01407], [116.3861, 40.01438], [116.38601, 40.01522], [116.38584, 40.01579], [116.38559, 40.01611], [116.38467, 40.01673], [116.3779, 40.01977], [116.37577, 40.02029], [116.36775, 40.02053], [116.36679, 40.02055], [116.36571, 40.02056], [116.36389, 40.02083], [116.36289, 40.02122], [116.35318, 40.02631], [116.35261, 40.02673], [116.35194, 40.02784], [116.35151, 40.02915], [116.3486, 40.03527], [116.34827, 40.03667], [116.34747, 40.04029], [116.34675, 40.04237], [116.34509, 40.04606], [116.34479, 40.04672]]}, "properties": {"kind": "line", "line": "Line 8", "colour": "#009b77"}}, {"type": "Feature", "geometry": {"type": "LineString", "coordinates": [[116.45695, 39.96495], [116.45875, 39.96653], [116.45937, 39.96707], [116.46046, 39.968], [116.46273, 39.96987], [116.46539, 39.97249], [116.46659, 39.97363], [116.46846, 39.97535], [116.47684, 39.98296], [116.48535, 39.99057], [116.48719, 39.99219]]}, "properties": {"kind": "line", "line": "Airport Express", "colour": "#a28e6b"}}, {"type": "Feature", "geometry": {"type": "LineString", "coordinates": [[116.48715, 39.99223], [116.48533, 39.99058], [116.47683, 39.98298], [116.46844, 39.97538], [116.46657, 39.97366], [116.46536, 39.97251], [116.46269, 39.96988], [116.46044, 39.96803], [116.45935, 39.96709], [116.45873, 39.96655], [116.45692, 39.96496]]}, "properties": {"kind": "line", "line": "Airport Express", "colour": "#a28e6b"}}, {"type": "Feature", "geometry": {"type": "LineString", "coordinates": [[116.49614, 40.00018], [116.49751, 40.00145]]}, "properties": {"kind": "line", "line": "Airport Express", "colour": "#a28e6b"}}, {"type": "Feature", "geometry": {"type": "LineString", "coordinates": [[116.49856, 40.00245], [116.49823, 40.00215]]}, "properties": {"kind": "line", "line": "Airport Express", "colour": "#a28e6b"}}, {"type": "Feature", "geometry": {"type": "LineString", "coordinates": [[116.49826, 40.00213], [116.49859, 40.00243]]}, "properties": {"kind": "line", "line": "Airport Express", "colour": "#a28e6b"}}, {"type": "Feature", "geometry": {"type": "LineString", "coordinates": [[116.49747, 40.00147], [116.4961, 40.0002]]}, "properties": {"kind": "line", "line": "Airport Express", "colour": "#a28e6b"}}, {"type": "Feature", "geometry": {"type": "LineString", "coordinates": [[116.4961, 40.0002], [116.493, 39.9972], [116.49171, 39.99611], [116.49151, 39.99593], [116.48924, 39.99405], [116.48715, 39.99223]]}, "properties": {"kind": "line", "line": "Airport Express", "colour": "#a28e6b"}}, {"type": "Feature", "geometry": {"type": "LineString", "coordinates": [[116.48719, 39.99219], [116.48906, 39.99376], [116.49123, 39.99559], [116.49174, 39.99601], [116.49308, 39.99719], [116.49614, 40.00018]]}, "properties": {"kind": "line", "line": "Airport Express", "colour": "#a28e6b"}}, {"type": "Feature", "geometry": {"type": "LineString", "coordinates": [[116.49859, 40.00243], [116.50109, 40.00469], [116.50504, 40.00817], [116.50569, 40.00874], [116.50657, 40.00952], [116.50718, 40.01007], [116.5075, 40.01036], [116.5105, 40.01306]]}, "properties": {"kind": "line", "line": "Airport Express", "colour": "#a28e6b"}}, {"type": "Feature", "geometry": {"type": "LineString", "coordinates": [[116.51046, 40.01308], [116.50747, 40.01038], [116.50715, 40.01009], [116.50654, 40.00954], [116.50566, 40.00876], [116.50501, 40.00819], [116.50106, 40.00471], [116.49856, 40.00245]]}, "properties": {"kind": "line", "line": "Airport Express", "colour": "#a28e6b"}}, {"type": "Feature", "geometry": {"type": "LineString", "coordinates": [[116.42673, 39.93999], [116.42952, 39.94002]]}, "properties": {"kind": "line", "line": "Airport Express", "colour": "#a28e6b"}}, {"type": "Feature", "geometry": {"type": "LineString", "coordinates": [[116.43135, 39.94008], [116.43105, 39.94007], [116.42952, 39.94006]]}, "properties": {"kind": "line", "line": "Airport Express", "colour": "#a28e6b"}}, {"type": "Feature", "geometry": {"type": "LineString", "coordinates": [[116.44612, 39.95454], [116.43283, 39.94276], [116.43248, 39.9424], [116.43235, 39.94214], [116.4323, 39.9419], [116.43233, 39.94072], [116.43221, 39.94041], [116.43194, 39.94021], [116.43135, 39.94008]]}, "properties": {"kind": "line", "line": "Airport Express", "colour": "#a28e6b"}}, {"type": "Feature", "geometry": {"type": "LineString", "coordinates": [[116.42952, 39.94002], [116.43105, 39.94003]]}, "properties": {"kind": "line", "line": "Airport Express", "colour": "#a28e6b"}}, {"type": "Feature", "geometry": {"type": "LineString", "coordinates": [[116.44621, 39.9545], [116.44944, 39.9586], [116.45043, 39.95969], [116.45082, 39.96004], [116.45123, 39.96039], [116.45368, 39.96194], [116.45406, 39.96225], [116.45563, 39.96369], [116.45695, 39.96495]]}, "properties": {"kind": "line", "line": "Airport Express", "colour": "#a28e6b"}}, {"type": "Feature", "geometry": {"type": "LineString", "coordinates": [[116.45692, 39.96496], [116.45402, 39.96227], [116.45365, 39.96197], [116.4511, 39.96046], [116.4507, 39.96011], [116.45031, 39.95976], [116.44932, 39.95865], [116.44612, 39.95454]]}, "properties": {"kind": "line", "line": "Airport Express", "colour": "#a28e6b"}}, {"type": "Feature", "geometry": {"type": "LineString", "coordinates": [[116.43105, 39.94003], [116.43136, 39.94003], [116.43198, 39.94014], [116.4323, 39.94038], [116.43243, 39.94072], [116.43238, 39.9419], [116.43243, 39.94213], [116.43255, 39.94238], [116.43291, 39.94272], [116.44621, 39.9545]]}, "properties": {"kind": "line", "line": "Airport Express", "colour": "#a28e6b"}}, {"type": "Feature", "geometry": {"type": "LineString", "coordinates": [[116.60969, 40.05176], [116.6096, 40.05235]]}, "properties": {"kind": "line", "line": "Airport Express", "colour": "#a28e6b"}}, {"type": "Feature", "geometry": {"type": "LineString", "coordinates": [[116.58713, 40.07801], [116.58704, 40.07873]]}, "properties": {"kind": "line", "line": "Airport Express", "colour": "#a28e6b"}}, {"type": "Feature", "geometry": {"type": "LineString", "coordinates": [[116.61007, 40.04928], [116.61002, 40.04955], [116.60969, 40.05176]]}, "properties": {"kind": "line", "line": "Airport Express", "colour": "#a28e6b"}}, {"type": "Feature", "geometry": {"type": "LineString", "coordinates": [[116.60685, 40.03802], [116.60553, 40.03709], [116.60522, 40.03687], [116.60498, 40.03672], [116.6047, 40.03655], [116.60446, 40.03642], [116.60416, 40.03628], [116.60387, 40.03616], [116.60357, 40.03604], [116.60325, 40.03594], [116.60298, 40.03586], [116.60265, 40.03577], [116.60231, 40.03571], [116.60184, 40.03563], [116.60146, 40.03559], [116.6011, 40.03558], [116.60071, 40.03558], [116.59312, 40.03565], [116.59302, 40.03565], [116.59216, 40.03566], [116.59053, 40.03568]]}, "properties": {"kind": "line", "line": "", "colour": "#9B91B1"}}, {"type": "Feature", "geometry": {"type": "LineString", "coordinates": [[116.59053, 40.03568], [116.58889, 40.03569], [116.58741, 40.03571], [116.58696, 40.03571], [116.58663, 40.03571], [116.58623, 40.03569], [116.58589, 40.03566], [116.58547, 40.03562], [116.58357, 40.03536], [116.58259, 40.03524], [116.57925, 40.03478], [116.57875, 40.03473], [116.57825, 40.03468], [116.5776, 40.03463], [116.5768, 40.03454], [116.57595, 40.03447], [116.57384, 40.03429], [116.57313, 40.03421], [116.57256, 40.03412], [116.57209, 40.03401], [116.57165, 40.0339], [116.57132, 40.0338], [116.57078, 40.0336], [116.57018, 40.03336], [116.56821, 40.03258], [116.56644, 40.03185], [116.56539, 40.03144], [116.56395, 40.03085], [116.56364, 40.03073], [116.56335, 40.03063], [116.56303, 40.03053], [116.56264, 40.03043], [116.56229, 40.03035], [116.56186, 40.03026], [116.5615, 40.0302], [116.5611, 40.03014], [116.56069, 40.0301], [116.56017, 40.03005], [116.55866, 40.02991], [116.55825, 40.02986], [116.55793, 40.02981], [116.55761, 40.02975], [116.5572, 40.02966], [116.5568, 40.02956], [116.55635, 40.02943], [116.55591, 40.02928], [116.54821, 40.02654], [116.54729, 40.02622], [116.54411, 40.02509], [116.53941, 40.02339], [116.5363, 40.02227], [116.53358, 40.02129], [116.53041, 40.02017], [116.52942, 40.01981], [116.52608, 40.01862], [116.5256, 40.01843], [116.52255, 40.01733], [116.52193, 40.01712], [116.5208, 40.01672], [116.51813, 40.0158], [116.51774, 40.01568], [116.51722, 40.01554]]}, "properties": {"kind": "line", "line": "Airport Express", "colour": "#a28e6b"}}, {"type": "Feature", "geometry": {"type": "LineString", "coordinates": [[116.31041, 39.9836], [116.31032, 39.98377]]}, "properties": {"kind": "line", "line": "", "colour": "#008193"}}, {"type": "Feature", "geometry": {"type": "LineString", "coordinates": [[116.31021, 39.98504], [116.31028, 39.98515]]}, "properties": {"kind": "line", "line": "", "colour": "#008193"}}, {"type": "Feature", "geometry": {"type": "LineString", "coordinates": [[116.31021, 39.98333], [116.31033, 39.98367], [116.31032, 39.98377], [116.31021, 39.98504], [116.31021, 39.98512]]}, "properties": {"kind": "line", "line": "", "colour": "#008193"}}, {"type": "Feature", "geometry": {"type": "LineString", "coordinates": [[116.26425, 40.0078], [116.26482, 40.00614], [116.26558, 40.00463], [116.26657, 40.00332], [116.26752, 40.00243], [116.26845, 40.00182], [116.26944, 40.00144], [116.27134, 40.00116], [116.27258, 40.00096], [116.27285, 40.00092], [116.27312, 40.00087], [116.27347, 40.00079], [116.28343, 39.99741], [116.28551, 39.99665], [116.28797, 39.9958], [116.28873, 39.99564], [116.28947, 39.99558], [116.29917, 39.99619], [116.29986, 39.99631], [116.30043, 39.99652], [116.30093, 39.99683], [116.30214, 39.99767], [116.30249, 39.99789], [116.30289, 39.99804], [116.3037, 39.99824], [116.30453, 39.99843], [116.30518, 39.99852], [116.30572, 39.99856], [116.30608, 39.99855], [116.30645, 39.99853], [116.30685, 39.99849], [116.30726, 39.99842], [116.30767, 39.99829], [116.30813, 39.99808], [116.30863, 39.9978], [116.30905, 39.99741], [116.30945, 39.99691], [116.30968, 39.99626], [116.30984, 39.9955], [116.30979, 39.99474], [116.30959, 39.99358], [116.30948, 39.99288], [116.30945, 39.99254], [116.30947, 39.99217], [116.30959, 39.99081], [116.30965, 39.99016], [116.31021, 39.98333], [116.31025, 39.98269], [116.31029, 39.98201], [116.31041, 39.98055], [116.31062, 39.97785], [116.3107, 39.97715], [116.31086, 39.97646], [116.3112, 39.97531], [116.31143, 39.97471], [116.31168, 39.97405], [116.31199, 39.97336], [116.3144, 39.96844], [116.31514, 39.967], [116.31541, 39.96637], [116.31562, 39.96576], [116.31584, 39.96512], [116.31614, 39.96401], [116.31634, 39.96301], [116.3165, 39.96196], [116.31662, 39.9605], [116.31699, 39.95697], [116.31707, 39.95633], [116.31714, 39.95569], [116.31779, 39.95024], [116.31842, 39.94525], [116.31854, 39.94437], [116.31878, 39.94249], [116.31887, 39.94182], [116.31895, 39.94115], [116.31903, 39.94047], [116.31913, 39.93977], [116.31918, 39.93946], [116.31942, 39.93879], [116.31974, 39.9383], [116.3203, 39.93787], [116.32089, 39.93756], [116.32184, 39.93733], [116.32324, 39.93714], [116.32488, 39.937], [116.32693, 39.93687], [116.32886, 39.93677], [116.33009, 39.93677], [116.33189, 39.93685], [116.33272, 39.93689], [116.33473, 39.93698], [116.33762, 39.93713], [116.33872, 39.93723], [116.33975, 39.93747], [116.34193, 39.93817], [116.34282, 39.9384], [116.34372, 39.93856], [116.34672, 39.93895], [116.34704, 39.93899], [116.34734, 39.93902], [116.34756, 39.93903], [116.34776, 39.93905], [116.34801, 39.93906], [116.34825, 39.93906], [116.34933, 39.93909], [116.3503, 39.93912], [116.35755, 39.9393], [116.35961, 39.93936], [116.36051, 39.93938], [116.36134, 39.93938], [116.36218, 39.93938], [116.36288, 39.93933], [116.36367, 39.93915], [116.36442, 39.93884], [116.36511, 39.93841], [116.36524, 39.9383], [116.36539, 39.93818], [116.36551, 39.93806], [116.36566, 39.93789], [116.36576, 39.93774], [116.36599, 39.93729], [116.36619, 39.9368], [116.36635, 39.93617], [116.36642, 39.93567], [116.36636, 39.93383], [116.36639, 39.93232], [116.36643, 39.93141], [116.36672, 39.92255], [116.36673, 39.92195], [116.36694, 39.9187], [116.36715, 39.91557], [116.36716, 39.91495], [116.36718, 39.91434]]}, "properties": {"kind": "line", "line": "Line 4", "colour": "#008e9c"}}, {"type": "Feature", "geometry": {"type": "LineString", "coordinates": [[116.36738, 39.91428], [116.36736, 39.91489], [116.36735, 39.91551], [116.36693, 39.92189], [116.36692, 39.92256], [116.3666, 39.93226], [116.36656, 39.93378], [116.36663, 39.93561], [116.36656, 39.93613], [116.3664, 39.93677], [116.36618, 39.93729], [116.36581, 39.93792], [116.36571, 39.93804], [116.36562, 39.93814], [116.36548, 39.93829], [116.36526, 39.93845], [116.36454, 39.93891], [116.36376, 39.93922], [116.36294, 39.93942], [116.36222, 39.93947], [116.36136, 39.93947], [116.36053, 39.93947], [116.3599, 39.93946], [116.35659, 39.93938], [116.3503, 39.93921], [116.34932, 39.93917], [116.34824, 39.93915], [116.34734, 39.93909], [116.34671, 39.93902], [116.3437, 39.93865], [116.34294, 39.9385], [116.34279, 39.93847], [116.34188, 39.93825], [116.3397, 39.93755], [116.3387, 39.93731], [116.33762, 39.93722], [116.33396, 39.93703], [116.33273, 39.93697], [116.33008, 39.93689], [116.32888, 39.93691], [116.32698, 39.93702], [116.32492, 39.93715], [116.32327, 39.93732], [116.32202, 39.93749], [116.32124, 39.93766], [116.32062, 39.93796], [116.32007, 39.93834], [116.31974, 39.93888], [116.31957, 39.93953], [116.31933, 39.94099], [116.31931, 39.94111], [116.31922, 39.94178], [116.31914, 39.94245], [116.3189, 39.94434], [116.31879, 39.94522], [116.31811, 39.9502], [116.31736, 39.95564], [116.31729, 39.95629], [116.31721, 39.95693], [116.31679, 39.961], [116.3167, 39.96193], [116.31655, 39.96297], [116.31635, 39.96398], [116.31604, 39.96509], [116.31583, 39.96573], [116.31562, 39.96634], [116.31544, 39.96677], [116.31457, 39.96845], [116.3122, 39.97335], [116.31189, 39.97404], [116.31163, 39.97472], [116.31141, 39.97529], [116.31106, 39.97642], [116.31092, 39.9771], [116.31084, 39.9778], [116.31052, 39.98195], [116.31047, 39.98263], [116.31043, 39.98328], [116.31041, 39.9836], [116.31028, 39.98515], [116.30988, 39.99012], [116.30982, 39.99075], [116.30968, 39.9922], [116.30967, 39.99253], [116.30969, 39.99287], [116.3098, 39.99355], [116.31003, 39.99472], [116.31011, 39.99549], [116.31001, 39.99633], [116.30978, 39.99702], [116.30935, 39.99757], [116.30878, 39.99802], [116.30827, 39.99831], [116.30764, 39.99853], [116.30705, 39.99865], [116.30649, 39.99869], [116.30586, 39.99868], [116.30517, 39.99862], [116.30451, 39.99853], [116.30366, 39.99833], [116.30283, 39.99813], [116.30242, 39.99797], [116.30205, 39.99775], [116.30085, 39.99691], [116.30036, 39.9966], [116.29981, 39.9964], [116.29915, 39.99628], [116.29067, 39.99574], [116.28949, 39.99567], [116.28878, 39.99573], [116.28805, 39.99588], [116.28556, 39.99675], [116.28353, 39.99749], [116.27356, 40.00087], [116.2732, 40.00096], [116.27292, 40.00101], [116.27262, 40.00106], [116.27138, 40.00124], [116.26951, 40.00153], [116.26856, 40.00189], [116.26765, 40.00247], [116.26672, 40.00334], [116.26574, 40.00463], [116.26492, 40.00612], [116.26433, 40.00775]]}, "properties": {"kind": "line", "line": "Line 4", "colour": "#008e9c"}}, {"type": "Feature", "geometry": {"type": "LineString", "coordinates": [[116.368, 39.90243], [116.36783, 39.90485], [116.36773, 39.90552], [116.36774, 39.90575], [116.36774, 39.9061], [116.36774, 39.90673], [116.3676, 39.90945], [116.36744, 39.91255], [116.36739, 39.91355], [116.36738, 39.91428]]}, "properties": {"kind": "line", "line": "", "colour": "#008193"}}, {"type": "Feature", "geometry": {"type": "LineString", "coordinates": [[116.36718, 39.91434], [116.36726, 39.91254], [116.36744, 39.90843], [116.36764, 39.90672], [116.36766, 39.90575], [116.36768, 39.9049], [116.36779, 39.90242]]}, "properties": {"kind": "line", "line": "", "colour": "#008193"}}, {"type": "Feature", "geometry": {"type": "LineString", "coordinates": [[116.36467, 39.83623], [116.36464, 39.83527], [116.36461, 39.83445], [116.3646, 39.8341], [116.3646, 39.83394], [116.36456, 39.8328], [116.36451, 39.83241], [116.36443, 39.83204], [116.36416, 39.83121], [116.36044, 39.82134], [116.35886, 39.81724], [116.3587, 39.8164], [116.35872, 39.81549], [116.35904, 39.81334], [116.35922, 39.81225]]}, "properties": {"kind": "line", "line": "", "colour": "#008193"}}, {"type": "Feature", "geometry": {"type": "LineString", "coordinates": [[116.36473, 39.83623], [116.36473, 39.83627], [116.36474, 39.83658], [116.36505, 39.84339], [116.36508, 39.8444], [116.36532, 39.85163], [116.36543, 39.85477], [116.36554, 39.85521], [116.36575, 39.85557], [116.36644, 39.8561], [116.37183, 39.86021], [116.37238, 39.86072], [116.37275, 39.86128], [116.37302, 39.86189], [116.37304, 39.86282], [116.3729, 39.86353], [116.37276, 39.86422], [116.37268, 39.86471], [116.37267, 39.86531], [116.37272, 39.8665], [116.3727, 39.86706], [116.37266, 39.8675], [116.37239, 39.86951], [116.37229, 39.87004], [116.37193, 39.87056], [116.37135, 39.87102], [116.36996, 39.87166], [116.36915, 39.8721], [116.36867, 39.87251], [116.36829, 39.87332], [116.36832, 39.87656], [116.36831, 39.87745], [116.36831, 39.88505], [116.36834, 39.8866], [116.36834, 39.8879], [116.36834, 39.88811], [116.36834, 39.88879], [116.36817, 39.89763], [116.36813, 39.89839], [116.368, 39.90243]]}, "properties": {"kind": "line", "line": "Line 4", "colour": "#008e9c"}}, {"type": "Feature", "geometry": {"type": "LineString", "coordinates": [[116.26398, 40.01103], [116.264, 40.01031], [116.26403, 40.00959], [116.26405, 40.00914], [116.26411, 40.00836], [116.26425, 40.0078]]}, "properties": {"kind": "line", "line": "Line 4", "colour": "#008e9c"}}, {"type": "Feature", "geometry": {"type": "LineString", "coordinates": [[116.35909, 39.81248], [116.3591, 39.81224], [116.35918, 39.81164]]}, "properties": {"kind": "line", "line": "Daxing Line", "colour": "#008e9c"}}, {"type": "Feature", "geometry": {"type": "LineString", "coordinates": [[116.35927, 39.81225], [116.35909, 39.81334], [116.35878, 39.81549], [116.35875, 39.8164], [116.35891, 39.81723], [116.36422, 39.83119], [116.36449, 39.83203], [116.36457, 39.83241], [116.36462, 39.8328], [116.36465, 39.83394], [116.36466, 39.8341], [116.36467, 39.83445], [116.3647, 39.83526], [116.36473, 39.83623]]}, "properties": {"kind": "line", "line": "", "colour": "#008193"}}, {"type": "Feature", "geometry": {"type": "LineString", "coordinates": [[116.35922, 39.81225], [116.35918, 39.81164]]}, "properties": {"kind": "line", "line": "", "colour": "#008193"}}, {"type": "Feature", "geometry": {"type": "LineString", "coordinates": [[116.35986, 39.80839], [116.35962, 39.80997], [116.35958, 39.81021], [116.35943, 39.81116]]}, "properties": {"kind": "line", "line": "", "colour": "#4a7fb5"}}, {"type": "Feature", "geometry": {"type": "LineString", "coordinates": [[116.35938, 39.81116], [116.35952, 39.81021], [116.35956, 39.80997], [116.3598, 39.80839]]}, "properties": {"kind": "line", "line": "", "colour": "#4a7fb5"}}, {"type": "Feature", "geometry": {"type": "LineString", "coordinates": [[116.35938, 39.81249], [116.35938, 39.81226], [116.35948, 39.81166]]}, "properties": {"kind": "line", "line": "Daxing Line", "colour": "#008e9c"}}, {"type": "Feature", "geometry": {"type": "LineString", "coordinates": [[116.35068, 39.80319], [116.34928, 39.80314], [116.34906, 39.80314], [116.34846, 39.80315], [116.34806, 39.80317], [116.34747, 39.8032], [116.34662, 39.80325], [116.34389, 39.80341], [116.34338, 39.80343], [116.34265, 39.80343], [116.342, 39.8034], [116.33972, 39.80328], [116.33884, 39.80327], [116.33766, 39.80333], [116.33603, 39.80352], [116.33563, 39.80355], [116.33512, 39.80355], [116.33468, 39.80353], [116.33424, 39.80347], [116.33383, 39.8034], [116.33339, 39.80329], [116.33299, 39.80316], [116.33256, 39.80299], [116.33217, 39.80279], [116.32367, 39.7975], [116.32335, 39.79728], [116.32313, 39.7971], [116.32293, 39.7969], [116.32272, 39.79667], [116.32253, 39.79643], [116.32238, 39.79619], [116.32226, 39.79597], [116.32218, 39.79578], [116.3221, 39.79554], [116.32203, 39.79527], [116.32198, 39.79495], [116.32198, 39.7945], [116.32202, 39.79408], [116.32257, 39.78909], [116.32258, 39.78898], [116.32265, 39.78839], [116.32272, 39.78779], [116.32335, 39.78181]]}, "properties": {"kind": "line", "line": "Daxing Line", "colour": "#008e9c"}}, {"type": "Feature", "geometry": {"type": "LineString", "coordinates": [[116.35069, 39.80315], [116.34928, 39.80309], [116.34906, 39.80309], [116.34846, 39.80311], [116.34806, 39.80313], [116.34746, 39.80316], [116.34661, 39.80321], [116.34389, 39.80337], [116.34338, 39.80339], [116.34265, 39.8034], [116.342, 39.80336], [116.33973, 39.80325], [116.33884, 39.80323], [116.33766, 39.80329], [116.33602, 39.80348], [116.33562, 39.80351], [116.33513, 39.80352], [116.33469, 39.80349], [116.33424, 39.80344], [116.33384, 39.80337], [116.33341, 39.80326], [116.33301, 39.80313], [116.33259, 39.80296], [116.33219, 39.80276], [116.3237, 39.79748], [116.32338, 39.79726], [116.32317, 39.79708], [116.32296, 39.79688], [116.32276, 39.79665], [116.32257, 39.79641], [116.32243, 39.79617], [116.32231, 39.79596], [116.32223, 39.79577], [116.32215, 39.79553], [116.32207, 39.79527], [116.32203, 39.79495], [116.32203, 39.79451], [116.32207, 39.79408], [116.32257, 39.7895], [116.32263, 39.78898], [116.3227, 39.7884], [116.32278, 39.7878], [116.32341, 39.78181]]}, "properties": {"kind": "line", "line": "Daxing Line", "colour": "#008e9c"}}, {"type": "Feature", "geometry": {"type": "LineString", "coordinates": [[116.32341, 39.78181], [116.32353, 39.78115], [116.32405, 39.77892], [116.32439, 39.77511], [116.32443, 39.77458], [116.32457, 39.77303], [116.32471, 39.77149], [116.32572, 39.76316], [116.32578, 39.76229], [116.32584, 39.76144], [116.32604, 39.75589], [116.32614, 39.7528], [116.32615, 39.7518], [116.32616, 39.75025], [116.32637, 39.74176], [116.32641, 39.73947], [116.32655, 39.73042], [116.32669, 39.7215], [116.32669, 39.72095], [116.32664, 39.7206], [116.32657, 39.72026], [116.32636, 39.71988], [116.32606, 39.71954], [116.32564, 39.71921], [116.32488, 39.71876], [116.32419, 39.71842], [116.3235, 39.71822], [116.32048, 39.7178], [116.31675, 39.71734], [116.31602, 39.71725], [116.31482, 39.71699], [116.31368, 39.71649], [116.31278, 39.71584], [116.31238, 39.71505], [116.3123, 39.71431], [116.31239, 39.71368], [116.31261, 39.71283], [116.31273, 39.71241], [116.31305, 39.71111], [116.31319, 39.71034], [116.31514, 39.70655], [116.31624, 39.70027], [116.31572, 39.68512], [116.3157, 39.68354], [116.31557, 39.68266], [116.31408, 39.67716], [116.31394, 39.66899], [116.31391, 39.66783]]}, "properties": {"kind": "line", "line": "", "colour": "#4a7fb5"}}, {"type": "Feature", "geometry": {"type": "LineString", "coordinates": [[116.35755, 39.9393], [116.35769, 39.93935]]}, "properties": {"kind": "line", "line": "", "colour": "#008193"}}, {"type": "Feature", "geometry": {"type": "LineString", "coordinates": [[116.31455, 39.9683], [116.3144, 39.96844]]}, "properties": {"kind": "line", "line": "", "colour": "#4a7fb5"}}, {"type": "Feature", "geometry": {"type": "LineString", "coordinates": [[116.35961, 39.93936], [116.35948, 39.93941]]}, "properties": {"kind": "line", "line": "", "colour": "#008193"}}, {"type": "Feature", "geometry": {"type": "LineString", "coordinates": [[116.31514, 39.967], [116.31513, 39.96717]]}, "properties": {"kind": "line", "line": "", "colour": "#4a7fb5"}}, {"type": "Feature", "geometry": {"type": "LineString", "coordinates": [[116.36726, 39.91254], [116.36739, 39.91355]]}, "properties": {"kind": "line", "line": "", "colour": "#008193"}}, {"type": "Feature", "geometry": {"type": "LineString", "coordinates": [[116.33396, 39.93703], [116.33473, 39.93698]]}, "properties": {"kind": "line", "line": "", "colour": "#4a7fb5"}}, {"type": "Feature", "geometry": {"type": "LineString", "coordinates": [[116.31544, 39.96677], [116.31522, 39.96703], [116.31513, 39.96717], [116.31455, 39.9683], [116.31447, 39.96846]]}, "properties": {"kind": "line", "line": "", "colour": "#4a7fb5"}}, {"type": "Feature", "geometry": {"type": "LineString", "coordinates": [[116.3599, 39.93946], [116.35955, 39.93941], [116.35948, 39.93941], [116.35769, 39.93935], [116.35751, 39.93935]]}, "properties": {"kind": "line", "line": "", "colour": "#008193"}}, {"type": "Feature", "geometry": {"type": "LineString", "coordinates": [[116.32257, 39.78909], [116.32257, 39.7895]]}, "properties": {"kind": "line", "line": "", "colour": "#008193"}}, {"type": "Feature", "geometry": {"type": "LineString", "coordinates": [[116.31309, 40.09147], [116.31152, 40.09399], [116.31046, 40.09577], [116.31022, 40.09619], [116.30982, 40.09681], [116.30955, 40.09729], [116.30938, 40.09762], [116.3093, 40.09784], [116.30897, 40.0988], [116.30884, 40.09919], [116.30853, 40.10018], [116.30764, 40.103]]}, "properties": {"kind": "line", "line": "", "colour": "#4a7fb5"}}, {"type": "Feature", "geometry": {"type": "LineString", "coordinates": [[116.30652, 40.10618], [116.30648, 40.10639], [116.30643, 40.10662]]}, "properties": {"kind": "line", "line": "", "colour": "#4a7fb5"}}, {"type": "Feature", "geometry": {"type": "LineString", "coordinates": [[116.30638, 40.10662], [116.30648, 40.10639], [116.30656, 40.1062]]}, "properties": {"kind": "line", "line": "", "colour": "#4a7fb5"}}, {"type": "Feature", "geometry": {"type": "LineString", "coordinates": [[116.28978, 40.07076], [116.28973, 40.07083], [116.28945, 40.07129], [116.28903, 40.07189], [116.28758, 40.07394], [116.28592, 40.0759], [116.28428, 40.07783], [116.28405, 40.07811], [116.28388, 40.07832], [116.28372, 40.07855], [116.28355, 40.0788], [116.28342, 40.079], [116.2833, 40.07924], [116.28313, 40.07964], [116.28022, 40.08657], [116.28008, 40.08691], [116.27998, 40.08719], [116.27991, 40.08744], [116.27987, 40.08767], [116.27984, 40.08797], [116.27983, 40.08827], [116.27986, 40.08853], [116.27993, 40.08887], [116.28001, 40.08916], [116.2801, 40.08941], [116.28024, 40.0897], [116.2804, 40.08999], [116.2806, 40.09026], [116.28077, 40.09046], [116.281, 40.0907], [116.28124, 40.09091], [116.28145, 40.09107], [116.28169, 40.09124], [116.28196, 40.09141], [116.28224, 40.09156], [116.28246, 40.09166], [116.28271, 40.09177], [116.28307, 40.09192], [116.28564, 40.09296], [116.2859, 40.09306], [116.28613, 40.09313], [116.2864, 40.09321], [116.28681, 40.09329], [116.28741, 40.09339], [116.2882, 40.09351], [116.28896, 40.09363], [116.29243, 40.09416], [116.29281, 40.09421], [116.29314, 40.09424], [116.29353, 40.09427], [116.29391, 40.09428], [116.29459, 40.09429], [116.29497, 40.0943], [116.29535, 40.09431], [116.29569, 40.09434], [116.29638, 40.09444], [116.29673, 40.09451], [116.29716, 40.09461], [116.29799, 40.09482], [116.30004, 40.09535], [116.30105, 40.09558], [116.30134, 40.09564], [116.30179, 40.09573], [116.30219, 40.0958], [116.30258, 40.09586], [116.30326, 40.09594], [116.3039, 40.09604], [116.30436, 40.09612], [116.30511, 40.09623], [116.30549, 40.09629], [116.3059, 40.0964], [116.30633, 40.09654], [116.30668, 40.09669], [116.30695, 40.09685], [116.30725, 40.09704], [116.3075, 40.09723], [116.30771, 40.09741], [116.30787, 40.09756], [116.30799, 40.09769], [116.30809, 40.09781], [116.3082, 40.09795], [116.30831, 40.0981], [116.30841, 40.09826], [116.30851, 40.09846], [116.30858, 40.09862], [116.30864, 40.09877], [116.30868, 40.09891], [116.30873, 40.09906], [116.30875, 40.09916], [116.30877, 40.09933], [116.30878, 40.09949], [116.30878, 40.09962], [116.30878, 40.0998], [116.30876, 40.10002], [116.30872, 40.10022], [116.30865, 40.10042], [116.30859, 40.10062], [116.30852, 40.10083], [116.30841, 40.10118], [116.30821, 40.10176], [116.30805, 40.10224], [116.30779, 40.10303], [116.30754, 40.10378], [116.30746, 40.10404], [116.30741, 40.10416], [116.30727, 40.10468], [116.30692, 40.10566], [116.30623, 40.10782], [116.30611, 40.10818], [116.30592, 40.10859], [116.30571, 40.10898], [116.30549, 40.10931], [116.30513, 40.1099], [116.30489, 40.11029], [116.30472, 40.11058], [116.30448, 40.11109], [116.30428, 40.11153], [116.30414, 40.11197], [116.30364, 40.11355], [116.30346, 40.11414], [116.30277, 40.11643], [116.30261, 40.11689], [116.30231, 40.11779], [116.30129, 40.12088], [116.30115, 40.12132], [116.301, 40.12167], [116.3008, 40.12201], [116.30053, 40.12238], [116.30029, 40.1227], [116.29999, 40.12301], [116.29965, 40.1233], [116.2993, 40.12354], [116.29892, 40.12375], [116.29846, 40.12395], [116.298, 40.12412], [116.29736, 40.12428], [116.29688, 40.12436], [116.2963, 40.1244], [116.29361, 40.12447], [116.29265, 40.12451], [116.29241, 40.12452], [116.2921, 40.12456], [116.29177, 40.12461], [116.29146, 40.12468], [116.29113, 40.12477], [116.29082, 40.12486], [116.29054, 40.12496], [116.2903, 40.12507], [116.29003, 40.12519], [116.28982, 40.12532], [116.28959, 40.12547], [116.28938, 40.12561], [116.2892, 40.12575], [116.28905, 40.12589], [116.28889, 40.12604], [116.28873, 40.1262], [116.28857, 40.1264], [116.28844, 40.12658], [116.28834, 40.12674], [116.2882, 40.12698], [116.28811, 40.12718], [116.28802, 40.12743], [116.28796, 40.12763], [116.28792, 40.12784], [116.28789, 40.12802], [116.28788, 40.12822], [116.28787, 40.12843], [116.28788, 40.12862], [116.28789, 40.12885], [116.28795, 40.12966], [116.288, 40.13025], [116.28801, 40.1305], [116.28802, 40.13071], [116.28802, 40.13091], [116.288, 40.1311], [116.28799, 40.13132], [116.28796, 40.13152], [116.28795, 40.13176], [116.28789, 40.13273], [116.28777, 40.13456], [116.28774, 40.13483], [116.2876, 40.13586], [116.28757, 40.13607], [116.28676, 40.14093], [116.28671, 40.14117], [116.28663, 40.14144], [116.28651, 40.14182], [116.28633, 40.14225], [116.28534, 40.14423], [116.28516, 40.14455], [116.28505, 40.14476], [116.28488, 40.14502], [116.28472, 40.14527], [116.28455, 40.14549], [116.28436, 40.1457], [116.28415, 40.14592], [116.28391, 40.14613], [116.28335, 40.14663], [116.28283, 40.14708], [116.28231, 40.14753], [116.2817, 40.14808], [116.28148, 40.1483], [116.28133, 40.14847], [116.28113, 40.14872], [116.28103, 40.14886], [116.28094, 40.14904], [116.2808, 40.1493], [116.27972, 40.15143], [116.27901, 40.15292], [116.27818, 40.15458], [116.27738, 40.15628], [116.27685, 40.15756], [116.2764, 40.15859], [116.27546, 40.16089], [116.27532, 40.16125], [116.27513, 40.16178], [116.275, 40.16214], [116.27485, 40.16252], [116.2747, 40.16286], [116.27447, 40.16342], [116.27417, 40.16413], [116.27357, 40.16555], [116.2733, 40.16614], [116.27286, 40.16709], [116.27248, 40.16789], [116.27231, 40.16827], [116.27204, 40.16896], [116.27111, 40.17131], [116.27064, 40.17258], [116.27037, 40.17334], [116.27007, 40.17436], [116.26924, 40.17746]]}, "properties": {"kind": "line", "line": "Changping Line", "colour": "#e56db1"}}, {"type": "Feature", "geometry": {"type": "LineString", "coordinates": [[116.29977, 40.05219], [116.30003, 40.05168], [116.3003, 40.05117]]}, "properties": {"kind": "line", "line": "Changping Line", "colour": "#e56db1"}}, {"type": "Feature", "geometry": {"type": "LineString", "coordinates": [[116.68401, 40.13134], [116.68154, 40.13138], [116.6789, 40.13143]]}, "properties": {"kind": "line", "line": "", "colour": "#5A2546"}}, {"type": "Feature", "geometry": {"type": "LineString", "coordinates": [[116.42211, 39.8441], [116.42211, 39.84306]]}, "properties": {"kind": "line", "line": "", "colour": "#4a7fb5"}}, {"type": "Feature", "geometry": {"type": "LineString", "coordinates": [[116.4546, 39.82258], [116.45453, 39.82335], [116.45441, 39.82412], [116.4542, 39.82484], [116.45387, 39.82556], [116.45329, 39.82678], [116.45249, 39.82844], [116.45186, 39.82954], [116.45134, 39.83018], [116.45086, 39.83063], [116.45023, 39.83117], [116.44941, 39.83168], [116.44834, 39.83205], [116.44714, 39.83239], [116.44578, 39.83267], [116.4446, 39.83285], [116.44411, 39.83286], [116.44272, 39.83287], [116.4413, 39.83287], [116.43247, 39.83285], [116.43158, 39.83292], [116.43084, 39.83302], [116.42811, 39.83357], [116.42419, 39.83434], [116.4234, 39.8346], [116.42277, 39.835], [116.42243, 39.83539], [116.42226, 39.83597], [116.42223, 39.83967], [116.42222, 39.84027], [116.42222, 39.84032]]}, "properties": {"kind": "line", "line": "Yizhuang Line", "colour": "#d40f5a"}}, {"type": "Feature", "geometry": {"type": "LineString", "coordinates": [[116.59604, 39.81158], [116.59516, 39.81081], [116.58608, 39.80302], [116.58557, 39.80259]]}, "properties": {"kind": "line", "line": "Yizhuang Line", "colour": "#d40f5a"}}, {"type": "Feature", "geometry": {"type": "LineString", "coordinates": [[116.58557, 39.80259], [116.57522, 39.7938], [116.57442, 39.79315], [116.5738, 39.79263], [116.57275, 39.79172], [116.57187, 39.79106], [116.57096, 39.79043], [116.56942, 39.78933], [116.56855, 39.78873], [116.56796, 39.78834], [116.56714, 39.78787], [116.56571, 39.78711], [116.5635, 39.786]]}, "properties": {"kind": "line", "line": "", "colour": "#4a7fb5"}}, {"type": "Feature", "geometry": {"type": "LineString", "coordinates": [[116.42214, 39.84085], [116.42214, 39.84032], [116.42215, 39.83597], [116.4223, 39.83534], [116.42266, 39.83493], [116.42332, 39.8345], [116.42417, 39.83422], [116.42823, 39.8334], [116.4308, 39.83291], [116.43161, 39.83279], [116.43246, 39.83274], [116.4413, 39.83274], [116.44272, 39.83274], [116.44411, 39.83273], [116.44458, 39.83272], [116.44574, 39.83254], [116.44709, 39.83226], [116.44828, 39.83193], [116.44932, 39.83157], [116.45011, 39.83107], [116.45073, 39.83054], [116.4512, 39.83011], [116.45171, 39.82948], [116.45234, 39.82839], [116.45259, 39.82786], [116.45313, 39.82673], [116.4537, 39.82552], [116.45407, 39.82479], [116.45428, 39.8241], [116.45443, 39.82334], [116.45453, 39.82258]]}, "properties": {"kind": "line", "line": "Yizhuang Line", "colour": "#d40f5a"}}, {"type": "Feature", "geometry": {"type": "LineString", "coordinates": [[116.42211, 39.84306], [116.42211, 39.84236], [116.42213, 39.84144], [116.42214, 39.84118], [116.42213, 39.84108], [116.42214, 39.84085]]}, "properties": {"kind": "line", "line": "", "colour": "#4a7fb5"}}, {"type": "Feature", "geometry": {"type": "LineString", "coordinates": [[116.42222, 39.84032], [116.42223, 39.84085], [116.42224, 39.84144], [116.42229, 39.84236], [116.42229, 39.84306], [116.42229, 39.8441]]}, "properties": {"kind": "line", "line": "", "colour": "#4a7fb5"}}, {"type": "Feature", "geometry": {"type": "LineString", "coordinates": [[116.29626, 39.81055], [116.29621, 39.81338], [116.29618, 39.81494]]}, "properties": {"kind": "line", "line": "Fangshan Line", "colour": "#d4802a"}}, {"type": "Feature", "geometry": {"type": "LineString", "coordinates": [[116.29581, 39.81492], [116.29581, 39.81338], [116.29587, 39.81075]]}, "properties": {"kind": "line", "line": "Fangshan Line", "colour": "#d4802a"}}, {"type": "Feature", "geometry": {"type": "LineString", "coordinates": [[116.29582, 39.81694], [116.29569, 39.8171], [116.29434, 39.81806], [116.29295, 39.81895], [116.29193, 39.81975], [116.29161, 39.82171], [116.29128, 39.82377], [116.29127, 39.8252], [116.29148, 39.83088], [116.2915, 39.83185], [116.29139, 39.83239], [116.29065, 39.83832], [116.29054, 39.83957], [116.29034, 39.84148], [116.28781, 39.8524], [116.28786, 39.85417], [116.28824, 39.86602], [116.28829, 39.8669], [116.28883, 39.87389], [116.28897, 39.87485], [116.28902, 39.87508], [116.28905, 39.87517], [116.28907, 39.87529], [116.2891, 39.87537], [116.28914, 39.87545], [116.2892, 39.87555], [116.28924, 39.87561], [116.28926, 39.87564], [116.28928, 39.87567], [116.28932, 39.87571], [116.28935, 39.87575], [116.29052, 39.87649], [116.29064, 39.87656], [116.29078, 39.87662], [116.29309, 39.87735], [116.2955, 39.87812], [116.29572, 39.87821], [116.29599, 39.87832], [116.29814, 39.8793], [116.3018, 39.88103], [116.30441, 39.88231], [116.30452, 39.88237], [116.3046, 39.88243], [116.30471, 39.8825], [116.30482, 39.88259], [116.30712, 39.88482], [116.3072, 39.88489], [116.30727, 39.88494], [116.30739, 39.88501], [116.30752, 39.88509], [116.30883, 39.88569], [116.31337, 39.88775], [116.31357, 39.88785], [116.31377, 39.88795], [116.31395, 39.88806], [116.3141, 39.88816], [116.31422, 39.88825], [116.31435, 39.88835], [116.31445, 39.88846], [116.31455, 39.88856], [116.31462, 39.88866], [116.31469, 39.88879], [116.31475, 39.88893], [116.31491, 39.88944], [116.31496, 39.88959], [116.315, 39.88972], [116.31502, 39.88983], [116.31503, 39.88994], [116.31509, 39.89036], [116.31514, 39.89062], [116.31518, 39.89094]]}, "properties": {"kind": "line", "line": "Line 9", "colour": "#8fc31f"}}, {"type": "Feature", "geometry": {"type": "LineString", "coordinates": [[116.29606, 39.81338], [116.29604, 39.8146], [116.29603, 39.81514], [116.29602, 39.81583], [116.29599, 39.81625], [116.29591, 39.81666], [116.29582, 39.81694]]}, "properties": {"kind": "line", "line": "Line 9", "colour": "#8fc31f"}}, {"type": "Feature", "geometry": {"type": "LineString", "coordinates": [[116.29576, 39.81692], [116.29585, 39.81665], [116.29593, 39.81624], [116.29595, 39.81583], [116.29596, 39.81515], [116.29597, 39.8146], [116.29599, 39.81338]]}, "properties": {"kind": "line", "line": "Line 9", "colour": "#8fc31f"}}, {"type": "Feature", "geometry": {"type": "LineString", "coordinates": [[116.31772, 39.86013], [116.31748, 39.85865], [116.31699, 39.85557], [116.31677, 39.85447], [116.31654, 39.85334], [116.31604, 39.85171], [116.31563, 39.85035], [116.31533, 39.8494], [116.31507, 39.84834], [116.31505, 39.84827], [116.31503, 39.8482], [116.31496, 39.84792], [116.31481, 39.84732], [116.3148, 39.84728], [116.31477, 39.84717], [116.31473, 39.847], [116.31449, 39.84625], [116.31428, 39.84532], [116.31394, 39.84387], [116.31384, 39.84345], [116.31379, 39.84298], [116.31375, 39.84258], [116.31371, 39.84207], [116.31373, 39.83882], [116.31383, 39.83588], [116.31385, 39.83535], [116.31381, 39.8343], [116.3138, 39.83316], [116.31398, 39.83078], [116.31398, 39.83011], [116.31391, 39.82876], [116.31389, 39.82858], [116.31379, 39.82787], [116.31365, 39.8268], [116.3136, 39.82612], [116.31366, 39.8255], [116.31376, 39.82493], [116.31403, 39.82336], [116.31426, 39.8225], [116.31459, 39.82179], [116.31482, 39.82129], [116.31519, 39.82071], [116.31534, 39.82037], [116.31539, 39.81993], [116.3154, 39.81953], [116.31514, 39.81877], [116.31478, 39.81843], [116.31417, 39.81808], [116.31346, 39.81798], [116.31253, 39.81795], [116.31092, 39.818], [116.30921, 39.8181], [116.30871, 39.81817], [116.30679, 39.81836], [116.30548, 39.8185], [116.30443, 39.81855], [116.30332, 39.81856], [116.30217, 39.81853], [116.30176, 39.81848], [116.30143, 39.81844], [116.3009, 39.81835], [116.30034, 39.81826], [116.29887, 39.81798], [116.29758, 39.81761], [116.29719, 39.81748], [116.29682, 39.81727], [116.29654, 39.81703], [116.29635, 39.81682], [116.29607, 39.81634], [116.29597, 39.81608], [116.2959, 39.81582], [116.29583, 39.8155], [116.29581, 39.81527], [116.29581, 39.81511], [116.29581, 39.81492]]}, "properties": {"kind": "line", "line": "Fangshan Line", "colour": "#d4802a"}}, {"type": "Feature", "geometry": {"type": "LineString", "coordinates": [[116.09703, 39.72751], [116.10292, 39.72741], [116.1033, 39.72737], [116.10375, 39.72729], [116.10423, 39.72717], [116.10468, 39.72704], [116.105, 39.72691], [116.10532, 39.72676], [116.10563, 39.72659], [116.10597, 39.72639], [116.10648, 39.72606], [116.10721, 39.72556], [116.10814, 39.72481], [116.10891, 39.72418], [116.10941, 39.72377], [116.11002, 39.7233], [116.11046, 39.72299], [116.11092, 39.72267], [116.11112, 39.72255], [116.1114, 39.72239], [116.11167, 39.72227], [116.11191, 39.72218], [116.11218, 39.72209], [116.11237, 39.72203], [116.11255, 39.72198], [116.11278, 39.72192], [116.11302, 39.72189], [116.11323, 39.72186], [116.11357, 39.72184], [116.11387, 39.72183], [116.11414, 39.72183], [116.11695, 39.72183], [116.11756, 39.72183], [116.11802, 39.72183], [116.11897, 39.72183]]}, "properties": {"kind": "line", "line": "Fangshan Line", "colour": "#d4802a"}}, {"type": "Feature", "geometry": {"type": "LineString", "coordinates": [[116.6101, 40.04876], [116.61096, 40.04317], [116.61099, 40.04301], [116.61102, 40.04277], [116.61103, 40.0425], [116.61101, 40.04227], [116.61097, 40.04198], [116.61092, 40.04181], [116.61083, 40.04157], [116.61075, 40.04137], [116.61065, 40.04116], [116.61054, 40.04098], [116.61042, 40.04082], [116.61025, 40.0406], [116.61006, 40.0404], [116.60986, 40.04021], [116.60955, 40.03996], [116.60685, 40.03802]]}, "properties": {"kind": "line", "line": "Airport Express", "colour": "#a28e6b"}}, {"type": "Feature", "geometry": {"type": "LineString", "coordinates": [[116.6099, 40.04998], [116.60972, 40.05058], [116.60961, 40.05094], [116.60954, 40.05129], [116.60944, 40.05173], [116.60938, 40.05198], [116.60932, 40.05222], [116.60924, 40.05246]]}, "properties": {"kind": "line", "line": "Airport Express", "colour": "#a28e6b"}}, {"type": "Feature", "geometry": {"type": "LineString", "coordinates": [[116.28652, 39.97326], [116.2863, 39.97325], [116.28617, 39.97324], [116.28447, 39.97315]]}, "properties": {"kind": "line", "line": "", "colour": "#0092C7"}}, {"type": "Feature", "geometry": {"type": "LineString", "coordinates": [[116.31915, 39.94116], [116.31906, 39.94184]]}, "properties": {"kind": "line", "line": "Line 9", "colour": "#8fc31f"}}, {"type": "Feature", "geometry": {"type": "LineString", "coordinates": [[116.31902, 39.94183], [116.31911, 39.94116]]}, "properties": {"kind": "line", "line": "Line 9", "colour": "#8fc31f"}}, {"type": "Feature", "geometry": {"type": "LineString", "coordinates": [[116.31911, 39.94116], [116.31933, 39.93718], [116.31928, 39.93429], [116.31929, 39.93424], [116.3193, 39.93239], [116.31965, 39.92347], [116.31964, 39.92257], [116.31973, 39.91471], [116.31972, 39.91461], [116.31972, 39.91453], [116.31969, 39.9144], [116.31966, 39.91424], [116.31959, 39.91403], [116.3195, 39.9138], [116.31944, 39.91368], [116.31935, 39.91351], [116.31925, 39.91335], [116.31905, 39.91306], [116.31878, 39.91265], [116.31866, 39.91247], [116.3186, 39.91241], [116.31854, 39.91235], [116.31845, 39.91226], [116.31839, 39.91221], [116.31836, 39.91219], [116.31826, 39.91212], [116.31739, 39.91154], [116.31699, 39.91126], [116.31683, 39.91113], [116.31671, 39.91102], [116.31634, 39.91067], [116.31619, 39.9105], [116.31609, 39.91035], [116.31572, 39.90968], [116.31564, 39.90946], [116.31558, 39.90928], [116.31556, 39.90916], [116.31556, 39.90909], [116.31556, 39.9068], [116.31556, 39.90677], [116.31555, 39.90674], [116.31554, 39.90671], [116.31553, 39.90668], [116.31527, 39.90626], [116.31508, 39.90595], [116.31505, 39.90591], [116.31504, 39.90589], [116.31503, 39.90586], [116.31503, 39.90582], [116.31503, 39.90577], [116.31504, 39.89973], [116.31503, 39.89623], [116.31495, 39.89466]]}, "properties": {"kind": "line", "line": "Line 9", "colour": "#8fc31f"}}, {"type": "Feature", "geometry": {"type": "LineString", "coordinates": [[116.31309, 40.09147], [116.31539, 40.0876], [116.31588, 40.08703], [116.31627, 40.08682], [116.31673, 40.08668], [116.31746, 40.08657], [116.31811, 40.08647], [116.31858, 40.08645], [116.31904, 40.08643], [116.32044, 40.08654], [116.32051, 40.08655], [116.32162, 40.08671], [116.32619, 40.08731], [116.32741, 40.08746], [116.33078, 40.08788]]}, "properties": {"kind": "line", "line": "", "colour": "#4a7fb5"}}, {"type": "Feature", "geometry": {"type": "LineString", "coordinates": [[116.35954, 39.81117], [116.35963, 39.81064], [116.35968, 39.81033], [116.36008, 39.80779], [116.36005, 39.80666], [116.35964, 39.80574], [116.35885, 39.80487], [116.35754, 39.8041], [116.35609, 39.80373], [116.35439, 39.80345], [116.35069, 39.80315]]}, "properties": {"kind": "line", "line": "Daxing Line", "colour": "#008e9c"}}, {"type": "Feature", "geometry": {"type": "LineString", "coordinates": [[116.35926, 39.81116], [116.35934, 39.81059], [116.35938, 39.8103], [116.35978, 39.80775], [116.3598, 39.80666], [116.35945, 39.80578], [116.35873, 39.8049], [116.35751, 39.80415], [116.35608, 39.80376], [116.35438, 39.80349], [116.35068, 39.80319]]}, "properties": {"kind": "line", "line": "Daxing Line", "colour": "#008e9c"}}, {"type": "Feature", "geometry": {"type": "LineString", "coordinates": [[116.26948, 39.93128], [116.27089, 39.93133]]}, "properties": {"kind": "line", "line": "", "colour": "#4a7fb5"}}, {"type": "Feature", "geometry": {"type": "LineString", "coordinates": [[116.44387, 39.99472], [116.44288, 39.99446]]}, "properties": {"kind": "line", "line": "", "colour": "#4a7fb5"}}, {"type": "Feature", "geometry": {"type": "LineString", "coordinates": [[116.67889, 40.13128], [116.68153, 40.13123], [116.684, 40.13119]]}, "properties": {"kind": "line", "line": "", "colour": "#5A2546"}}, {"type": "Feature", "geometry": {"type": "LineString", "coordinates": [[116.6789, 40.13143], [116.67719, 40.13146], [116.67553, 40.13148], [116.67306, 40.13149], [116.67187, 40.13134], [116.66915, 40.12993], [116.66866, 40.12966], [116.66823, 40.12945], [116.66795, 40.12933], [116.66765, 40.12925], [116.66707, 40.12909], [116.66372, 40.12864], [116.66248, 40.12854], [116.65613, 40.12876], [116.65544, 40.12879], [116.65502, 40.1288], [116.65411, 40.12884], [116.65248, 40.1289], [116.65214, 40.12893], [116.65114, 40.12895], [116.65031, 40.12894], [116.64985, 40.12893], [116.64874, 40.12893], [116.63894, 40.12894], [116.63782, 40.12891], [116.63628, 40.1288], [116.63521, 40.1287], [116.63414, 40.12861], [116.6281, 40.12811], [116.62717, 40.12806], [116.62663, 40.12803], [116.62646, 40.12803], [116.62624, 40.12803], [116.6181, 40.12791], [116.61167, 40.12781], [116.61078, 40.12779], [116.60478, 40.12752], [116.60357, 40.12747], [116.60235, 40.12741], [116.60139, 40.12735], [116.60057, 40.12732], [116.59966, 40.12728], [116.5988, 40.12725], [116.59682, 40.12725]]}, "properties": {"kind": "line", "line": "", "colour": "#4a7fb5"}}, {"type": "Feature", "geometry": {"type": "LineString", "coordinates": [[116.331, 39.99922], [116.33255, 39.99927], [116.33272, 39.99927], [116.33297, 39.99928], [116.33363, 39.9993], [116.33425, 39.99931], [116.33435, 39.99931], [116.34255, 39.99949], [116.34259, 39.99949], [116.34267, 39.99949], [116.34575, 39.99957], [116.34664, 39.9996], [116.34895, 39.99967], [116.35025, 39.9997], [116.35805, 39.99994], [116.36093, 40.00003], [116.36205, 40.00006], [116.3631, 40.00009], [116.38447, 40.00076], [116.38533, 40.00077], [116.3862, 40.00079], [116.38959, 40.0009], [116.39455, 40.00104], [116.40039, 40.0011], [116.40161, 40.00112], [116.40296, 40.00117], [116.40908, 40.00139], [116.41116, 40.00146], [116.41174, 40.00148], [116.41247, 40.00149], [116.41356, 40.00151], [116.41579, 40.00158], [116.41655, 40.00152], [116.41863, 40.00109], [116.41872, 40.00107], [116.4206, 40.00058], [116.42214, 40.00004], [116.42224, 40.00001], [116.42284, 39.99993], [116.42418, 39.99979], [116.42511, 39.99969], [116.42586, 39.9996], [116.42777, 39.99939], [116.42882, 39.99891], [116.42933, 39.99839], [116.43007, 39.99728], [116.43047, 39.99551], [116.43131, 39.99432], [116.43215, 39.9936], [116.43282, 39.99343], [116.43406, 39.99334], [116.44048, 39.99384], [116.44388, 39.99468], [116.44455, 39.99486], [116.44717, 39.99553], [116.44895, 39.99573], [116.45082, 39.99578], [116.45678, 39.99591], [116.46235, 39.99595], [116.46264, 39.99606], [116.46282, 39.99612], [116.46343, 39.99665], [116.46802, 40.00034], [116.46955, 40.00082], [116.47542, 40.0009], [116.47667, 40.00091], [116.47886, 40.00107], [116.48082, 40.00191], [116.48417, 40.00347], [116.48548, 40.00483], [116.48637, 40.00654], [116.48709, 40.00903], [116.48736, 40.01227], [116.48698, 40.01716], [116.48687, 40.01976], [116.48684, 40.02057], [116.48683, 40.02133], [116.48668, 40.02641], [116.48665, 40.02732], [116.48663, 40.02826], [116.48672, 40.0292], [116.4869, 40.02989], [116.4871, 40.03031], [116.4874, 40.03067], [116.48788, 40.03104], [116.48847, 40.03136], [116.48917, 40.03167], [116.48989, 40.03186], [116.49068, 40.032], [116.49284, 40.03212], [116.49478, 40.03224], [116.49574, 40.03231], [116.49698, 40.03236], [116.49819, 40.03242], [116.49937, 40.03248], [116.5076, 40.03297], [116.511, 40.03318], [116.51594, 40.0334], [116.51755, 40.03349], [116.51874, 40.0336], [116.51994, 40.03385], [116.52078, 40.03409], [116.52152, 40.03437]]}, "properties": {"kind": "line", "line": "Line 15", "colour": "#653279"}}, {"type": "Feature", "geometry": {"type": "LineString", "coordinates": [[116.45519, 39.88228], [116.45504, 39.88151], [116.45503, 39.88134], [116.45502, 39.88021]]}, "properties": {"kind": "line", "line": "", "colour": "#0092C7"}}, {"type": "Feature", "geometry": {"type": "LineString", "coordinates": [[116.6089, 40.05749], [116.60885, 40.05773], [116.60839, 40.06057], [116.60821, 40.06164]]}, "properties": {"kind": "line", "line": "Airport Express", "colour": "#a28e6b"}}, {"type": "Feature", "geometry": {"type": "LineString", "coordinates": [[116.60615, 40.0741], [116.60618, 40.07385]]}, "properties": {"kind": "line", "line": "Airport Express", "colour": "#a28e6b"}}, {"type": "Feature", "geometry": {"type": "LineString", "coordinates": [[116.60618, 40.07385], [116.60675, 40.07015], [116.60683, 40.06968]]}, "properties": {"kind": "line", "line": "Airport Express", "colour": "#a28e6b"}}, {"type": "Feature", "geometry": {"type": "LineString", "coordinates": [[116.60635, 40.07384], [116.6063, 40.07411]]}, "properties": {"kind": "line", "line": "Airport Express", "colour": "#a28e6b"}}, {"type": "Feature", "geometry": {"type": "LineString", "coordinates": [[116.60877, 40.05729], [116.60889, 40.05655]]}, "properties": {"kind": "line", "line": "Airport Express", "colour": "#a28e6b"}}, {"type": "Feature", "geometry": {"type": "LineString", "coordinates": [[116.60892, 40.05731], [116.6089, 40.05749]]}, "properties": {"kind": "line", "line": "Airport Express", "colour": "#a28e6b"}}, {"type": "Feature", "geometry": {"type": "LineString", "coordinates": [[116.6063, 40.07411], [116.60624, 40.07456]]}, "properties": {"kind": "line", "line": "Airport Express", "colour": "#a28e6b"}}, {"type": "Feature", "geometry": {"type": "LineString", "coordinates": [[116.60874, 40.05748], [116.60877, 40.05729]]}, "properties": {"kind": "line", "line": "Airport Express", "colour": "#a28e6b"}}, {"type": "Feature", "geometry": {"type": "LineString", "coordinates": [[116.60545, 39.90609], [116.60737, 39.90527], [116.60781, 39.9051], [116.60827, 39.90496], [116.60867, 39.90487], [116.6091, 39.90479], [116.60953, 39.90474], [116.60992, 39.90471], [116.6103, 39.90471], [116.6107, 39.90472], [116.61112, 39.90476], [116.61185, 39.9049], [116.61278, 39.90509], [116.61371, 39.90527], [116.61408, 39.90535], [116.61457, 39.90542], [116.61515, 39.90546], [116.61578, 39.90545], [116.61639, 39.9054], [116.61699, 39.9053], [116.61783, 39.9052], [116.61846, 39.90515], [116.61908, 39.90512], [116.62734, 39.90501], [116.62805, 39.90498], [116.62828, 39.90497], [116.62852, 39.90493], [116.62882, 39.90486], [116.62911, 39.90478], [116.62951, 39.90462], [116.62973, 39.90451], [116.6299, 39.90441], [116.63015, 39.90425], [116.63037, 39.90409], [116.63058, 39.9039], [116.63079, 39.90368], [116.63144, 39.90272], [116.63511, 39.89726]]}, "properties": {"kind": "line", "line": "Batong Line", "colour": "#a12b2f"}}, {"type": "Feature", "geometry": {"type": "LineString", "coordinates": [[116.28447, 39.97315], [116.28336, 39.97299], [116.28224, 39.97266], [116.28137, 39.97205], [116.2808, 39.97124], [116.28058, 39.9702], [116.28081, 39.96882], [116.28162, 39.96674], [116.28253, 39.96534], [116.28342, 39.96423], [116.28436, 39.96308], [116.28556, 39.96157], [116.28745, 39.95829], [116.28799, 39.95738], [116.28855, 39.95645], [116.28867, 39.95611], [116.28869, 39.95576], [116.28857, 39.95263], [116.28777, 39.94813], [116.2878, 39.9462], [116.28781, 39.94516], [116.28782, 39.9436], [116.28786, 39.94334], [116.28788, 39.94312], [116.28793, 39.9429], [116.288, 39.94265], [116.28808, 39.94233], [116.28862, 39.93985], [116.28915, 39.93756], [116.2893, 39.93697], [116.28937, 39.93661], [116.2894, 39.93632], [116.28945, 39.93589], [116.28945, 39.93544], [116.28939, 39.93503], [116.28933, 39.93457], [116.2893, 39.93422], [116.28929, 39.93385], [116.2893, 39.93308], [116.2893, 39.93208], [116.2893, 39.93136], [116.28929, 39.93092], [116.28934, 39.93014], [116.29048, 39.92835], [116.29114, 39.92717], [116.29148, 39.92623], [116.29168, 39.92533], [116.29168, 39.92334], [116.29166, 39.92178], [116.29148, 39.91984], [116.29148, 39.91907], [116.29157, 39.91843], [116.29182, 39.91766], [116.29238, 39.9169], [116.2933, 39.91652], [116.29457, 39.91636], [116.29731, 39.91617], [116.29894, 39.9159], [116.30006, 39.91555], [116.30139, 39.91504], [116.30234, 39.91462], [116.30308, 39.91411], [116.30353, 39.91364], [116.30372, 39.91323], [116.304, 39.91247], [116.30407, 39.9118], [116.30415, 39.9112], [116.30415, 39.9095], [116.30413, 39.90924], [116.30403, 39.90875], [116.30367, 39.90758], [116.3035, 39.90677], [116.30348, 39.90619], [116.30348, 39.90574], [116.30377, 39.90405], [116.3038, 39.90384], [116.30388, 39.90313], [116.30402, 39.90229], [116.30409, 39.90138], [116.30411, 39.89959], [116.30421, 39.89619], [116.30415, 39.89534], [116.30407, 39.89485], [116.30393, 39.89464], [116.30369, 39.89439], [116.3031, 39.89412], [116.30233, 39.89381], [116.30136, 39.89353], [116.30013, 39.89316], [116.29953, 39.89291], [116.2989, 39.89264], [116.2981, 39.8923], [116.29745, 39.89177], [116.29678, 39.89102], [116.29661, 39.89039], [116.29663, 39.8892], [116.29664, 39.88676], [116.29661, 39.88036], [116.29672, 39.87883], [116.29695, 39.8766], [116.29732, 39.8739], [116.29734, 39.87332], [116.29736, 39.87111], [116.29742, 39.86835], [116.29768, 39.86595], [116.29776, 39.86516], [116.29779, 39.86429], [116.29787, 39.86246], [116.29813, 39.85761], [116.29815, 39.8572], [116.2982, 39.85636], [116.29833, 39.85447], [116.29824, 39.85344], [116.29803, 39.8525], [116.29786, 39.85129], [116.29797, 39.84982], [116.2983, 39.84903], [116.29893, 39.84772], [116.29977, 39.84609], [116.3005, 39.84463], [116.30084, 39.84418], [116.30148, 39.84379], [116.30189, 39.84353], [116.30251, 39.8433], [116.30318, 39.84318], [116.30408, 39.84315], [116.30695, 39.84313], [116.30904, 39.84312]]}, "properties": {"kind": "line", "line": "Line 10", "colour": "#009bc0"}}, {"type": "Feature", "geometry": {"type": "LineString", "coordinates": [[116.37239, 40.0652], [116.36832, 40.06692], [116.36641, 40.06772], [116.36566, 40.06806], [116.36486, 40.06834], [116.36396, 40.06858], [116.36308, 40.06879], [116.36242, 40.06891], [116.36185, 40.06897]]}, "properties": {"kind": "line", "line": "Line 13", "colour": "#f7c800"}}, {"type": "Feature", "geometry": {"type": "LineString", "coordinates": [[116.37921, 40.06231], [116.37881, 40.06248]]}, "properties": {"kind": "line", "line": "", "colour": "#F9E700"}}, {"type": "Feature", "geometry": {"type": "LineString", "coordinates": [[116.37879, 40.06245], [116.3792, 40.06228]]}, "properties": {"kind": "line", "line": "", "colour": "#F9E700"}}, {"type": "Feature", "geometry": {"type": "LineString", "coordinates": [[116.39301, 40.05645], [116.39325, 40.05635]]}, "properties": {"kind": "line", "line": "", "colour": "#F9E700"}}, {"type": "Feature", "geometry": {"type": "LineString", "coordinates": [[116.39325, 40.05635], [116.39792, 40.05439]]}, "properties": {"kind": "line", "line": "", "colour": "#F9E700"}}, {"type": "Feature", "geometry": {"type": "LineString", "coordinates": [[116.39333, 40.05636], [116.39308, 40.05646]]}, "properties": {"kind": "line", "line": "", "colour": "#F9E700"}}, {"type": "Feature", "geometry": {"type": "LineString", "coordinates": [[116.39308, 40.05646], [116.3861, 40.05939], [116.38474, 40.05997]]}, "properties": {"kind": "line", "line": "", "colour": "#F9E700"}}, {"type": "Feature", "geometry": {"type": "LineString", "coordinates": [[116.38472, 40.05994], [116.38611, 40.05935], [116.39301, 40.05645]]}, "properties": {"kind": "line", "line": "", "colour": "#F9E700"}}, {"type": "Feature", "geometry": {"type": "LineString", "coordinates": [[116.14305, 39.72187], [116.145, 39.72184], [116.14701, 39.72184], [116.14879, 39.72182], [116.14925, 39.7218], [116.15002, 39.72181], [116.15078, 39.72181], [116.15121, 39.72182], [116.15258, 39.72185], [116.16568, 39.72187], [116.16736, 39.72185], [116.16791, 39.72184], [116.16961, 39.72184], [116.1703, 39.72184], [116.17101, 39.72184], [116.17123, 39.72184], [116.17172, 39.72184], [116.17219, 39.72186], [116.17258, 39.7219], [116.17305, 39.72193], [116.17363, 39.722], [116.17419, 39.72212], [116.17469, 39.72228], [116.17516, 39.72248], [116.17556, 39.72268], [116.17594, 39.72294], [116.17623, 39.72317], [116.17647, 39.7234], [116.17673, 39.72369], [116.17691, 39.72395], [116.17705, 39.72419], [116.17717, 39.72444], [116.17728, 39.72479], [116.17736, 39.72519], [116.17734, 39.72641], [116.17743, 39.72799], [116.17744, 39.72847], [116.17745, 39.72896], [116.17743, 39.73034], [116.17749, 39.73098], [116.17757, 39.73191], [116.17778, 39.73427], [116.17798, 39.73658], [116.17836, 39.74099]]}, "properties": {"kind": "line", "line": "Fangshan Line", "colour": "#d4802a"}}, {"type": "Feature", "geometry": {"type": "LineString", "coordinates": [[116.14305, 39.72191], [116.13448, 39.72191], [116.12044, 39.72187], [116.11897, 39.72187]]}, "properties": {"kind": "line", "line": "Fangshan Line", "colour": "#d4802a"}}, {"type": "Feature", "geometry": {"type": "LineString", "coordinates": [[116.35709, 40.08023], [116.35715, 40.07972], [116.35721, 40.07912], [116.3574, 40.07729], [116.35761, 40.07607], [116.35774, 40.07485], [116.35763, 40.07324], [116.35727, 40.07273], [116.35667, 40.07211], [116.35394, 40.07053], [116.35233, 40.06962], [116.35012, 40.06882], [116.34177, 40.06404], [116.34097, 40.06343], [116.34079, 40.06316], [116.34064, 40.06269], [116.34109, 40.05835], [116.34115, 40.05739], [116.34124, 40.05685], [116.34456, 40.04733], [116.34479, 40.04672]]}, "properties": {"kind": "line", "line": "Line 8", "colour": "#009b77"}}, {"type": "Feature", "geometry": {"type": "LineString", "coordinates": [[116.59364, 39.92426], [116.59205, 39.92419], [116.58977, 39.92402], [116.57406, 39.92283], [116.57309, 39.92278], [116.57199, 39.92269], [116.57148, 39.92267], [116.56364, 39.92268], [116.55837, 39.92264], [116.55439, 39.92261], [116.54432, 39.92231], [116.53747, 39.92213], [116.53448, 39.92217], [116.53232, 39.9222], [116.51987, 39.92236], [116.5179, 39.92239], [116.51659, 39.92241], [116.51617, 39.92236], [116.51417, 39.92191], [116.51162, 39.92169], [116.51113, 39.92165], [116.51015, 39.92158], [116.50969, 39.92155], [116.49772, 39.92157], [116.49597, 39.92156], [116.47248, 39.92151], [116.45738, 39.92187], [116.45552, 39.92192], [116.44557, 39.92143], [116.43265, 39.92288], [116.42786, 39.92302], [116.4274, 39.92303], [116.42689, 39.92305], [116.41025, 39.92292], [116.40573, 39.92288], [116.40332, 39.92288], [116.40079, 39.9228], [116.40046, 39.92287], [116.4002, 39.923], [116.39995, 39.92327], [116.39969, 39.92367], [116.39953, 39.92448], [116.39939, 39.93039], [116.39919, 39.93077], [116.39885, 39.93109], [116.39847, 39.93119], [116.39755, 39.93142], [116.39668, 39.93159], [116.39516, 39.93189], [116.39072, 39.93202], [116.38694, 39.93203], [116.38528, 39.93198], [116.38056, 39.93179], [116.38022, 39.93178], [116.37799, 39.9317], [116.37437, 39.93156], [116.37324, 39.93148], [116.37118, 39.93134], [116.36517, 39.93128], [116.36262, 39.93112], [116.35504, 39.93089], [116.35053, 39.93091], [116.35012, 39.93093], [116.34863, 39.93095], [116.34777, 39.93097], [116.34542, 39.93098], [116.33834, 39.93102], [116.33799, 39.93102], [116.3321, 39.93104], [116.32865, 39.93105], [116.32731, 39.93104], [116.32616, 39.93104], [116.32289, 39.93114], [116.31946, 39.93121], [116.31861, 39.93121], [116.31736, 39.93121], [116.31149, 39.93115], [116.30411, 39.93107], [116.30365, 39.93107], [116.30286, 39.93107], [116.3021, 39.93106], [116.29394, 39.9314], [116.29002, 39.93152], [116.28935, 39.93152], [116.28906, 39.93152], [116.28859, 39.93152], [116.2859, 39.93152], [116.28154, 39.93152], [116.28023, 39.93152], [116.2791, 39.93152], [116.27803, 39.93154], [116.27717, 39.93155], [116.27634, 39.93157], [116.27597, 39.93156], [116.27571, 39.93155], [116.27535, 39.9315], [116.27497, 39.93147], [116.27386, 39.93144], [116.27284, 39.9314], [116.27221, 39.93138], [116.27209, 39.93138], [116.27089, 39.93133]]}, "properties": {"kind": "line", "line": "Line 6", "colour": "#b6a12b"}}, {"type": "Feature", "geometry": {"type": "LineString", "coordinates": [[116.30757, 40.10298], [116.30795, 40.10184], [116.30847, 40.10017], [116.30882, 40.09909], [116.30923, 40.09788], [116.30939, 40.0975], [116.30971, 40.0969], [116.30994, 40.09651], [116.31149, 40.09396], [116.31303, 40.09145]]}, "properties": {"kind": "line", "line": "", "colour": "#4a7fb5"}}, {"type": "Feature", "geometry": {"type": "LineString", "coordinates": [[116.17832, 39.741], [116.17792, 39.73659], [116.17771, 39.73427], [116.1775, 39.73191], [116.17741, 39.731], [116.17734, 39.73051], [116.17732, 39.73034], [116.17728, 39.72992], [116.17725, 39.72896], [116.17723, 39.72847], [116.17722, 39.72799], [116.1773, 39.72641], [116.17732, 39.7252], [116.17725, 39.7248], [116.17714, 39.72445], [116.17701, 39.7242], [116.17688, 39.72396], [116.1767, 39.7237], [116.17644, 39.72342], [116.1762, 39.72319], [116.17592, 39.72296], [116.17554, 39.7227], [116.17515, 39.7225], [116.17468, 39.72231], [116.17418, 39.72214], [116.17362, 39.72203], [116.17305, 39.72197], [116.17271, 39.72196], [116.17221, 39.72195], [116.17168, 39.72196], [116.171, 39.72197], [116.17029, 39.72197], [116.1696, 39.72197], [116.16936, 39.72196], [116.16736, 39.72196], [116.16569, 39.7219], [116.15259, 39.72189], [116.15079, 39.72192], [116.15002, 39.72193], [116.14925, 39.72193], [116.14879, 39.72193], [116.14701, 39.72188], [116.145, 39.72188], [116.14305, 39.72191]]}, "properties": {"kind": "line", "line": "Fangshan Line", "colour": "#d4802a"}}, {"type": "Feature", "geometry": {"type": "LineString", "coordinates": [[116.22557, 39.8589], [116.22589, 39.85871]]}, "properties": {"kind": "line", "line": "Line 14", "colour": "#d5a3ce"}}, {"type": "Feature", "geometry": {"type": "LineString", "coordinates": [[116.22519, 39.85897], [116.22474, 39.85954], [116.22426, 39.86012], [116.2232, 39.86144]]}, "properties": {"kind": "line", "line": "Line 14", "colour": "#d5a3ce"}}, {"type": "Feature", "geometry": {"type": "LineString", "coordinates": [[116.2232, 39.86144], [116.22282, 39.86191], [116.22252, 39.86233], [116.22224, 39.86278], [116.22185, 39.86356], [116.22153, 39.86416], [116.22137, 39.86443], [116.22114, 39.86473], [116.22095, 39.86496], [116.22066, 39.86523], [116.22016, 39.86562], [116.21973, 39.86587], [116.21915, 39.86615], [116.21848, 39.86638], [116.21788, 39.86654], [116.21725, 39.86663], [116.21686, 39.86666], [116.21625, 39.86666], [116.21572, 39.86663], [116.21497, 39.86651], [116.21468, 39.86643], [116.21432, 39.86633], [116.21383, 39.86614], [116.21219, 39.8654], [116.20914, 39.86405], [116.20676, 39.86296], [116.20232, 39.861], [116.20154, 39.86067], [116.20087, 39.86046], [116.20036, 39.86033], [116.19965, 39.86021], [116.19883, 39.86013], [116.19575, 39.86002], [116.19478, 39.85998], [116.19435, 39.85997], [116.19156, 39.85987], [116.18798, 39.85976], [116.18753, 39.85973], [116.18694, 39.85963], [116.1866, 39.85957], [116.18615, 39.85943], [116.18535, 39.85914], [116.18493, 39.85895], [116.1843, 39.85862], [116.18248, 39.8576], [116.18186, 39.85726], [116.18096, 39.85675]]}, "properties": {"kind": "line", "line": "", "colour": "#4a7fb5"}}, {"type": "Feature", "geometry": {"type": "LineString", "coordinates": [[116.17751, 39.85482], [116.17896, 39.85567], [116.17964, 39.85606], [116.18012, 39.85633], [116.18092, 39.85679]]}, "properties": {"kind": "line", "line": "", "colour": "#4a7fb5"}}, {"type": "Feature", "geometry": {"type": "LineString", "coordinates": [[116.22324, 39.86146], [116.22442, 39.86001], [116.22483, 39.85955], [116.22504, 39.85932], [116.22532, 39.85909], [116.22557, 39.8589]]}, "properties": {"kind": "line", "line": "Line 14", "colour": "#d5a3ce"}}, {"type": "Feature", "geometry": {"type": "LineString", "coordinates": [[116.22653, 39.85782], [116.22614, 39.85806], [116.22583, 39.85829], [116.2255, 39.85861], [116.22519, 39.85897]]}, "properties": {"kind": "line", "line": "Line 14", "colour": "#d5a3ce"}}, {"type": "Feature", "geometry": {"type": "LineString", "coordinates": [[116.23324, 39.85809], [116.23444, 39.85835], [116.23562, 39.85863], [116.23661, 39.85895], [116.2376, 39.85938], [116.23836, 39.85976], [116.24732, 39.86366], [116.24835, 39.8641], [116.24853, 39.86417], [116.25062, 39.86502], [116.25218, 39.86552], [116.25361, 39.8658], [116.25502, 39.866], [116.25611, 39.86602], [116.25919, 39.86522], [116.26117, 39.8648], [116.26324, 39.8645], [116.26895, 39.86407], [116.27116, 39.86402], [116.27362, 39.86407], [116.27784, 39.86445], [116.2859, 39.86512], [116.28786, 39.86525], [116.29001, 39.86537], [116.29223, 39.86539], [116.29493, 39.8653], [116.29762, 39.86528], [116.29932, 39.86539]]}, "properties": {"kind": "line", "line": "Line 14", "colour": "#d5a3ce"}}, {"type": "Feature", "geometry": {"type": "LineString", "coordinates": [[116.23449, 39.85822], [116.23569, 39.8585], [116.23663, 39.85881], [116.23738, 39.85912], [116.23854, 39.85967], [116.24736, 39.86356], [116.2484, 39.86399], [116.2486, 39.86407], [116.25065, 39.86491], [116.25219, 39.86539], [116.25363, 39.86568], [116.25501, 39.86588], [116.25609, 39.8659], [116.2592, 39.8651], [116.26113, 39.86467], [116.26312, 39.86439], [116.26894, 39.86396], [116.2711, 39.8639], [116.27361, 39.86395], [116.27783, 39.86436], [116.28592, 39.86506], [116.2862, 39.86507], [116.28786, 39.86518], [116.29003, 39.86529], [116.29218, 39.8653], [116.29491, 39.86521], [116.29764, 39.86518], [116.29933, 39.86528]]}, "properties": {"kind": "line", "line": "Line 14", "colour": "#d5a3ce"}}, {"type": "Feature", "geometry": {"type": "LineString", "coordinates": [[116.18096, 39.85675], [116.18015, 39.8563], [116.17966, 39.85603], [116.1795, 39.85594], [116.17753, 39.85478]]}, "properties": {"kind": "line", "line": "", "colour": "#4a7fb5"}}, {"type": "Feature", "geometry": {"type": "LineString", "coordinates": [[116.18092, 39.85679], [116.18192, 39.85734], [116.18233, 39.85757], [116.18267, 39.85776], [116.18314, 39.85804], [116.18423, 39.85865], [116.18479, 39.85895], [116.18521, 39.85914], [116.18564, 39.85931], [116.18623, 39.8595], [116.18674, 39.85964], [116.18724, 39.85973], [116.1879, 39.8598], [116.18906, 39.85985], [116.19247, 39.85994], [116.19368, 39.86001], [116.19475, 39.86003], [116.19577, 39.86006], [116.19704, 39.86013], [116.19905, 39.8602], [116.19953, 39.86025], [116.20001, 39.86031], [116.2006, 39.86043], [116.20102, 39.86055], [116.20161, 39.86076], [116.20239, 39.8611], [116.20405, 39.86183], [116.20553, 39.86247], [116.20818, 39.86367], [116.20842, 39.86378], [116.20993, 39.86446], [116.21238, 39.86554], [116.21366, 39.86613], [116.2141, 39.8663], [116.21453, 39.86643], [116.21496, 39.86655], [116.21567, 39.86667], [116.21619, 39.8667], [116.21685, 39.86671], [116.21746, 39.86665], [116.21802, 39.86656], [116.21881, 39.86633], [116.21938, 39.86609], [116.21972, 39.86593], [116.22021, 39.86564], [116.22056, 39.86537], [116.22099, 39.86497], [116.22124, 39.86468], [116.22146, 39.86438], [116.22167, 39.86402], [116.22211, 39.86317], [116.22238, 39.86261], [116.22268, 39.86217], [116.2232, 39.86151], [116.22324, 39.86146]]}, "properties": {"kind": "line", "line": "", "colour": "#4a7fb5"}}, {"type": "Feature", "geometry": {"type": "LineString", "coordinates": [[116.53165, 39.85434], [116.5307, 39.85482], [116.53018, 39.85508], [116.52783, 39.85627], [116.52576, 39.8573], [116.52432, 39.85786], [116.52354, 39.85801], [116.52326, 39.85807], [116.52236, 39.85824], [116.52101, 39.8585], [116.52037, 39.85862], [116.51608, 39.85922], [116.5132, 39.85957], [116.50737, 39.85964], [116.50622, 39.85964], [116.50571, 39.85964], [116.50426, 39.85963], [116.50123, 39.85969], [116.49477, 39.86003], [116.4941, 39.86024], [116.49339, 39.86089], [116.493, 39.86151], [116.49272, 39.86234], [116.49262, 39.86313], [116.49266, 39.86387], [116.49289, 39.8648], [116.49316, 39.86565], [116.49345, 39.86655], [116.49412, 39.86947], [116.4946, 39.87139], [116.49487, 39.87224], [116.49555, 39.87333], [116.49621, 39.87438], [116.49755, 39.87661], [116.49764, 39.877], [116.49775, 39.87793], [116.4976, 39.8817], [116.49759, 39.88401], [116.49759, 39.88493], [116.49765, 39.88801], [116.49745, 39.88879], [116.4969, 39.88976], [116.4962, 39.89063], [116.4954, 39.89114], [116.49479, 39.89138], [116.49375, 39.89144], [116.49004, 39.89144], [116.48956, 39.89144], [116.4882, 39.89154], [116.48721, 39.89167], [116.48622, 39.89186], [116.48479, 39.89205], [116.4822, 39.89222], [116.48135, 39.89223], [116.48047, 39.89225], [116.47143, 39.89194], [116.45523, 39.89214], [116.44599, 39.89231], [116.44522, 39.89235], [116.44305, 39.89237], [116.44185, 39.89238], [116.44144, 39.89239], [116.4369, 39.89236], [116.43088, 39.89237], [116.43043, 39.89239], [116.42773, 39.89235], [116.42528, 39.89231], [116.42483, 39.89229], [116.41261, 39.89179], [116.40132, 39.89132], [116.39872, 39.89122], [116.39806, 39.89121], [116.39734, 39.89115], [116.39673, 39.89106], [116.39639, 39.89099], [116.39574, 39.89083], [116.39126, 39.88977], [116.39025, 39.88954], [116.38608, 39.88904], [116.38244, 39.88864], [116.37787, 39.88848], [116.37738, 39.88846], [116.37671, 39.88842], [116.37362, 39.88818], [116.36898, 39.88804], [116.36749, 39.88803], [116.36535, 39.88803], [116.35323, 39.88867], [116.35272, 39.88866], [116.35174, 39.88867], [116.3507, 39.88871], [116.33249, 39.88827], [116.33171, 39.88828], [116.33015, 39.88829], [116.32872, 39.88844], [116.32661, 39.88871], [116.32319, 39.88891], [116.32136, 39.88897], [116.31933, 39.88902], [116.31826, 39.88904], [116.31788, 39.88909], [116.31724, 39.88928], [116.31685, 39.88949], [116.31618, 39.89007], [116.31558, 39.89074], [116.31514, 39.89163], [116.31514, 39.89203], [116.31514, 39.89354]]}, "properties": {"kind": "line", "line": "Line 7", "colour": "#f2a900"}}, {"type": "Feature", "geometry": {"type": "LineString", "coordinates": [[116.31505, 39.89354], [116.31507, 39.89204], [116.31508, 39.89165], [116.3154, 39.89064], [116.31603, 39.88996], [116.31671, 39.88943], [116.31707, 39.88921], [116.31783, 39.88899], [116.31828, 39.88894], [116.32017, 39.88892], [116.32137, 39.8889], [116.32319, 39.88887], [116.3266, 39.88864], [116.32876, 39.88835], [116.33016, 39.88821], [116.3317, 39.88818], [116.33253, 39.88816], [116.34187, 39.88832], [116.35068, 39.88847], [116.35168, 39.88845], [116.35282, 39.88849], [116.35326, 39.88848], [116.36537, 39.88792], [116.36751, 39.88791], [116.36905, 39.88791], [116.37365, 39.88805], [116.37672, 39.88831], [116.37739, 39.88834], [116.37788, 39.88836], [116.38251, 39.88851], [116.38616, 39.88892], [116.39025, 39.8894], [116.39308, 39.89005], [116.394, 39.89026], [116.39423, 39.89031], [116.39646, 39.89084], [116.39739, 39.89102], [116.39835, 39.89108], [116.40321, 39.89125], [116.41263, 39.89164], [116.42477, 39.89221], [116.42525, 39.89221], [116.42773, 39.89225], [116.43041, 39.89229], [116.43091, 39.89229], [116.4369, 39.89229], [116.44152, 39.89226], [116.44185, 39.89224], [116.44305, 39.89222], [116.44525, 39.8922], [116.4462, 39.89223], [116.45523, 39.89203], [116.47143, 39.89186], [116.48047, 39.89213], [116.48135, 39.89213], [116.48219, 39.89214], [116.48474, 39.89197], [116.48615, 39.89181], [116.48717, 39.89159], [116.48822, 39.89141], [116.48952, 39.89131], [116.49004, 39.89131], [116.49371, 39.89131], [116.49464, 39.89118], [116.49517, 39.89104], [116.49598, 39.89053], [116.49676, 39.88975], [116.49718, 39.88892], [116.49725, 39.88878], [116.49744, 39.88803], [116.49747, 39.88494], [116.49745, 39.884], [116.49743, 39.88314], [116.49748, 39.88171], [116.49761, 39.87797], [116.49755, 39.87696], [116.49744, 39.87663], [116.49672, 39.87561], [116.49597, 39.8745], [116.4953, 39.87344], [116.49472, 39.87222], [116.49436, 39.87142], [116.49397, 39.8695], [116.49331, 39.86656], [116.49302, 39.86568], [116.49275, 39.86484], [116.49247, 39.86386], [116.49239, 39.86312], [116.49252, 39.86233], [116.49286, 39.86145], [116.4932, 39.86085], [116.49392, 39.86012], [116.49476, 39.85984], [116.50124, 39.8595], [116.50426, 39.8595], [116.50571, 39.85954], [116.50739, 39.85952], [116.50771, 39.85951], [116.51323, 39.85936], [116.516, 39.85905], [116.52031, 39.85847], [116.52094, 39.85834], [116.5223, 39.85807], [116.52352, 39.85779], [116.52414, 39.85765], [116.52561, 39.85722], [116.52772, 39.85623], [116.52985, 39.85511], [116.53055, 39.85474], [116.53157, 39.85423]]}, "properties": {"kind": "line", "line": "Line 7", "colour": "#f2a900"}}, {"type": "Feature", "geometry": {"type": "LineString", "coordinates": [[116.27089, 39.93144], [116.26948, 39.93139]]}, "properties": {"kind": "line", "line": "", "colour": "#4a7fb5"}}, {"type": "Feature", "geometry": {"type": "LineString", "coordinates": [[116.27089, 39.93144], [116.27208, 39.93149], [116.27219, 39.93149], [116.27284, 39.93151], [116.27385, 39.93155], [116.27499, 39.93156], [116.27528, 39.93159], [116.27564, 39.93164], [116.27591, 39.93167], [116.27636, 39.93168], [116.27718, 39.93166], [116.27803, 39.93165], [116.27912, 39.93163], [116.28022, 39.93163], [116.28559, 39.93163], [116.28615, 39.93164], [116.2866, 39.93167], [116.28703, 39.93169], [116.28732, 39.9317], [116.28858, 39.93171], [116.29007, 39.93171], [116.29206, 39.93154], [116.29434, 39.93149], [116.29792, 39.93133], [116.3021, 39.93118], [116.30366, 39.93118], [116.30411, 39.93118], [116.30656, 39.93118], [116.31031, 39.93121], [116.31226, 39.93124], [116.31737, 39.9313], [116.31782, 39.93131], [116.31843, 39.9313], [116.3186, 39.9313], [116.31918, 39.93131], [116.3195, 39.9313], [116.32069, 39.93127], [116.32628, 39.93112], [116.32731, 39.93112], [116.33466, 39.93108], [116.33707, 39.9311], [116.33799, 39.9311], [116.33835, 39.9311], [116.34374, 39.93111], [116.34863, 39.9311], [116.34909, 39.9311], [116.35039, 39.9311], [116.3558, 39.9311], [116.36261, 39.93124], [116.36517, 39.93136], [116.36643, 39.93141], [116.37055, 39.93142], [116.37371, 39.9316], [116.37429, 39.93162], [116.37479, 39.93164], [116.38021, 39.93183], [116.38182, 39.93188], [116.38493, 39.93201], [116.38654, 39.93207], [116.39024, 39.93205], [116.3937, 39.93205], [116.3952, 39.93198], [116.39578, 39.93188], [116.39618, 39.93181], [116.39671, 39.9317], [116.39764, 39.93152], [116.3989, 39.93117], [116.39931, 39.93091], [116.39953, 39.93039], [116.39962, 39.92449], [116.39978, 39.92368], [116.40006, 39.92331], [116.40031, 39.92304], [116.40082, 39.92294], [116.40157, 39.92294], [116.40393, 39.92301], [116.4062, 39.92302], [116.41025, 39.92304], [116.41711, 39.92308], [116.42669, 39.92318], [116.42741, 39.92315], [116.42788, 39.92313], [116.43269, 39.92294], [116.44555, 39.92152], [116.45552, 39.92197], [116.47248, 39.92171], [116.49597, 39.9217], [116.49771, 39.9217], [116.50969, 39.92169], [116.51014, 39.92171], [116.51111, 39.92179], [116.51161, 39.92183], [116.5141, 39.92202], [116.51605, 39.92244], [116.51654, 39.9225], [116.51789, 39.92246], [116.51987, 39.92244], [116.53235, 39.92229], [116.53319, 39.92225], [116.53734, 39.92221], [116.54442, 39.92239], [116.55439, 39.92268], [116.55835, 39.9227], [116.56377, 39.92274], [116.57152, 39.92275], [116.57198, 39.92277], [116.57305, 39.92289], [116.57323, 39.92291], [116.574, 39.92299], [116.59202, 39.92428], [116.59363, 39.92436]]}, "properties": {"kind": "line", "line": "Line 6", "colour": "#b6a12b"}}, {"type": "Feature", "geometry": {"type": "LineString", "coordinates": [[116.21134, 39.76409], [116.21094, 39.76369], [116.2104, 39.76336], [116.20997, 39.76314], [116.20953, 39.76295], [116.20905, 39.76279], [116.20853, 39.76268]]}, "properties": {"kind": "line", "line": "Fangshan Line", "colour": "#d4802a"}}, {"type": "Feature", "geometry": {"type": "LineString", "coordinates": [[116.20854, 39.76257], [116.20909, 39.7627], [116.20959, 39.76287], [116.21004, 39.76306], [116.21047, 39.76329], [116.21098, 39.76363], [116.2114, 39.76404]]}, "properties": {"kind": "line", "line": "Fangshan Line", "colour": "#d4802a"}}, {"type": "Feature", "geometry": {"type": "LineString", "coordinates": [[116.2114, 39.76404], [116.21172, 39.76446], [116.21189, 39.76473], [116.21205, 39.765], [116.21222, 39.76554], [116.21228, 39.76592], [116.21223, 39.76685], [116.21198, 39.76963], [116.2119, 39.7701], [116.21172, 39.7708], [116.21161, 39.77143], [116.21108, 39.77519], [116.21075, 39.77721], [116.21055, 39.77858], [116.21041, 39.77937], [116.21031, 39.77989], [116.21019, 39.78054], [116.21007, 39.78107], [116.20968, 39.78256], [116.2095, 39.78317], [116.20933, 39.78373], [116.20897, 39.78486], [116.20769, 39.78827], [116.20759, 39.78868], [116.20755, 39.78906], [116.20755, 39.78931], [116.20757, 39.78956], [116.2076, 39.78975], [116.20764, 39.78997], [116.20772, 39.79025], [116.2078, 39.79046], [116.20788, 39.79065], [116.20799, 39.79087], [116.20817, 39.79116], [116.20835, 39.79141], [116.20855, 39.79164], [116.20874, 39.79185], [116.20898, 39.79206], [116.20915, 39.7922], [116.20933, 39.79234], [116.20951, 39.79246], [116.20969, 39.79257], [116.20986, 39.79267], [116.21002, 39.79275], [116.21021, 39.79284], [116.21041, 39.79293], [116.21065, 39.79303], [116.21091, 39.79313], [116.21119, 39.79321], [116.21149, 39.79328], [116.21216, 39.79341], [116.2128, 39.79353], [116.21347, 39.79365], [116.21378, 39.79371], [116.21761, 39.7944], [116.21953, 39.79479], [116.21991, 39.79486], [116.22155, 39.79514], [116.22256, 39.79527], [116.22337, 39.79534], [116.23825, 39.79612], [116.23904, 39.79617], [116.24006, 39.79628], [116.2412, 39.79644], [116.24322, 39.79679], [116.25553, 39.79885], [116.2562, 39.79895], [116.25727, 39.79908], [116.2682, 39.80023], [116.26881, 39.80032], [116.2693, 39.80043], [116.26982, 39.80054], [116.27049, 39.80069], [116.27109, 39.80086], [116.27174, 39.80107], [116.27241, 39.80134], [116.273, 39.80159], [116.27744, 39.80354], [116.27796, 39.80374], [116.27852, 39.80393], [116.27938, 39.80419], [116.28038, 39.80449], [116.28128, 39.80478]]}, "properties": {"kind": "line", "line": "Fangshan Line", "colour": "#d4802a"}}, {"type": "Feature", "geometry": {"type": "LineString", "coordinates": [[116.31512, 39.89415], [116.31504, 39.8944]]}, "properties": {"kind": "line", "line": "", "colour": "#4a7fb5"}}, {"type": "Feature", "geometry": {"type": "LineString", "coordinates": [[116.2527, 39.83868], [116.2529, 39.83757], [116.25312, 39.83637], [116.25328, 39.83592], [116.25351, 39.83543], [116.25376, 39.83507], [116.2542, 39.83462], [116.25471, 39.83426], [116.25604, 39.83381], [116.25768, 39.83352], [116.25978, 39.83326], [116.26044, 39.83321], [116.26247, 39.83328], [116.26456, 39.8334], [116.26658, 39.83369], [116.26939, 39.83389], [116.27108, 39.83403], [116.27545, 39.83437], [116.28111, 39.83485], [116.28414, 39.83527], [116.28779, 39.83567], [116.28854, 39.83584], [116.28965, 39.83619], [116.29013, 39.8364], [116.29048, 39.83665], [116.29088, 39.83704], [116.29106, 39.83739], [116.29108, 39.83759], [116.29106, 39.83839], [116.29104, 39.83874], [116.29096, 39.83959], [116.29084, 39.84076], [116.29013, 39.8428], [116.2897, 39.84471], [116.28969, 39.84551], [116.28983, 39.84622], [116.29007, 39.84666], [116.29083, 39.84726], [116.29387, 39.84862], [116.29616, 39.84948], [116.29735, 39.84993], [116.30065, 39.85114], [116.303, 39.85161], [116.30862, 39.85221], [116.31732, 39.85327], [116.31794, 39.85332], [116.32016, 39.85337], [116.32087, 39.85353], [116.32154, 39.85394], [116.32196, 39.85459], [116.32229, 39.8551], [116.32261, 39.85684], [116.32275, 39.8571], [116.32413, 39.85839], [116.32452, 39.85876], [116.32476, 39.85931], [116.32497, 39.85993], [116.32509, 39.86093], [116.32505, 39.86293], [116.32509, 39.86356], [116.32543, 39.86442], [116.32568, 39.86511], [116.32569, 39.86518], [116.32573, 39.86586], [116.32584, 39.86798], [116.32581, 39.8687], [116.32632, 39.86951], [116.32682, 39.87001], [116.32736, 39.87033], [116.32854, 39.87091], [116.32956, 39.87175], [116.33021, 39.87257], [116.33066, 39.87351], [116.33088, 39.87445], [116.33094, 39.87543], [116.33087, 39.87619], [116.33078, 39.87704], [116.33057, 39.87825], [116.33039, 39.87969], [116.33019, 39.88102], [116.32973, 39.88354], [116.32946, 39.88641], [116.32907, 39.88821], [116.32879, 39.89031], [116.3287, 39.8918], [116.32869, 39.89218], [116.32864, 39.8953], [116.32862, 39.89639], [116.3286, 39.89858], [116.32858, 39.90019], [116.32816, 39.90372], [116.32792, 39.90557], [116.32791, 39.90566], [116.32791, 39.90578], [116.3279, 39.90676], [116.32789, 39.90772], [116.32785, 39.9089], [116.32787, 39.90908], [116.3279, 39.90932], [116.32793, 39.90945], [116.32796, 39.90956], [116.32799, 39.90965], [116.3281, 39.90999], [116.32827, 39.91051], [116.3286, 39.9112], [116.32878, 39.91179], [116.32893, 39.91233], [116.32899, 39.91282]]}, "properties": {"kind": "line", "line": "Line 16", "colour": "#6bae45"}}, {"type": "Feature", "geometry": {"type": "LineString", "coordinates": [[116.29933, 39.86528], [116.30092, 39.86537], [116.31445, 39.86606], [116.31471, 39.86608], [116.31726, 39.86622], [116.32386, 39.86625], [116.3249, 39.86621], [116.33112, 39.8662], [116.33667, 39.86618], [116.33718, 39.86619], [116.33875, 39.86617], [116.33963, 39.86588], [116.34023, 39.86557], [116.34164, 39.86477], [116.34304, 39.86335], [116.34445, 39.8616], [116.34563, 39.86065], [116.34655, 39.86023], [116.34742, 39.85991], [116.34869, 39.85988], [116.34972, 39.85992], [116.35067, 39.85995], [116.35088, 39.85996], [116.35179, 39.86003], [116.35276, 39.86021], [116.3538, 39.86076], [116.35453, 39.86098], [116.35585, 39.86115], [116.35891, 39.86133], [116.3601, 39.86137], [116.36146, 39.86142], [116.36795, 39.86163], [116.3692, 39.86175], [116.37007, 39.86193], [116.37078, 39.86217], [116.37268, 39.86347]]}, "properties": {"kind": "line", "line": "Line 14", "colour": "#d5a3ce"}}, {"type": "Feature", "geometry": {"type": "LineString", "coordinates": [[116.29932, 39.86539], [116.30102, 39.86549], [116.31443, 39.86618], [116.31471, 39.8662], [116.31727, 39.86633], [116.32489, 39.86634], [116.33667, 39.86633], [116.33715, 39.86633], [116.33875, 39.86631], [116.33972, 39.86604], [116.34027, 39.86576], [116.34191, 39.86485], [116.34316, 39.86343], [116.3446, 39.86167], [116.34584, 39.86073], [116.34663, 39.86031], [116.34746, 39.86006], [116.34866, 39.86004], [116.3497, 39.86006], [116.35088, 39.8601], [116.35173, 39.86018], [116.3527, 39.86033], [116.35364, 39.86083], [116.35451, 39.86109], [116.35582, 39.86126], [116.35893, 39.86141], [116.36009, 39.86145], [116.36148, 39.86148], [116.36791, 39.86178], [116.36935, 39.86195], [116.37065, 39.86231], [116.3724, 39.86348], [116.37255, 39.86358]]}, "properties": {"kind": "line", "line": "Line 14", "colour": "#d5a3ce"}}, {"type": "Feature", "geometry": {"type": "LineString", "coordinates": [[116.37268, 39.86347], [116.37605, 39.86576], [116.38065, 39.86723], [116.3817, 39.86756], [116.38255, 39.86781], [116.38287, 39.86785], [116.38321, 39.86787], [116.38902, 39.86801], [116.39008, 39.86797], [116.39079, 39.86784], [116.39126, 39.86764], [116.3915, 39.86751], [116.39168, 39.86737], [116.3931, 39.86592], [116.39393, 39.86506], [116.39465, 39.86456], [116.39556, 39.86413], [116.39704, 39.86391], [116.39989, 39.86362], [116.40149, 39.86349], [116.40331, 39.86355], [116.40495, 39.86361], [116.40749, 39.86372], [116.40969, 39.86388], [116.41077, 39.864], [116.41188, 39.86407], [116.41624, 39.86434], [116.41812, 39.8644], [116.41946, 39.86443], [116.42773, 39.86467], [116.43287, 39.86461], [116.43395, 39.8646], [116.43513, 39.86459], [116.43911, 39.8646], [116.44123, 39.86458], [116.44225, 39.86445], [116.44307, 39.86424], [116.44444, 39.86368], [116.44514, 39.86345], [116.44624, 39.86325], [116.44762, 39.86334], [116.44846, 39.8635], [116.44944, 39.86379], [116.45148, 39.86487], [116.45209, 39.86513], [116.45262, 39.86537], [116.4549, 39.86638], [116.45589, 39.86665], [116.4646, 39.86663], [116.46802, 39.86663], [116.46902, 39.86677], [116.46993, 39.86708], [116.47058, 39.86746], [116.4711, 39.86788], [116.47141, 39.86844], [116.47144, 39.87364], [116.47143, 39.87462], [116.47138, 39.88384], [116.47139, 39.88418], [116.47176, 39.89252], [116.47177, 39.89301], [116.47195, 39.90287], [116.47203, 39.90735], [116.47216, 39.91457], [116.4724, 39.92188], [116.47245, 39.93131], [116.47246, 39.93195], [116.47239, 39.93334], [116.47245, 39.93397], [116.47251, 39.93461], [116.47245, 39.93546], [116.47225, 39.93621], [116.47186, 39.93692], [116.47027, 39.93869], [116.46948, 39.93971], [116.4692, 39.94192], [116.4691, 39.94293], [116.46907, 39.94325], [116.46904, 39.94401], [116.46913, 39.94468], [116.46953, 39.94535], [116.47011, 39.94601], [116.472, 39.94706], [116.47729, 39.94957], [116.47928, 39.95062], [116.48032, 39.95132], [116.48099, 39.95204], [116.48133, 39.95279], [116.48142, 39.95404], [116.48123, 39.95511], [116.48038, 39.95659], [116.47903, 39.95831], [116.47862, 39.95902], [116.4783, 39.95985], [116.47832, 39.96039], [116.47851, 39.96103], [116.47971, 39.96214], [116.48209, 39.96373], [116.48323, 39.96476], [116.4839, 39.96538], [116.48417, 39.96655], [116.4841, 39.96896], [116.48409, 39.9695], [116.48408, 39.97015], [116.48401, 39.9764], [116.48391, 39.97722], [116.48366, 39.97799], [116.48314, 39.97855], [116.48227, 39.97915], [116.47649, 39.98269], [116.47607, 39.98296], [116.475, 39.98366], [116.47492, 39.98371], [116.46859, 39.98841], [116.46726, 39.98929], [116.46564, 39.99036], [116.46472, 39.99097], [116.46326, 39.99192], [116.46262, 39.99248], [116.46233, 39.99298], [116.46219, 39.99354], [116.46215, 39.99415], [116.46216, 39.99692], [116.46215, 39.99774], [116.46211, 39.99857], [116.46134, 40.00753], [116.46124, 40.00914], [116.46122, 40.0099], [116.46095, 40.0181], [116.46089, 40.01922], [116.46086, 40.0197], [116.46083, 40.02011], [116.46103, 40.02067], [116.46133, 40.02133], [116.46209, 40.02217], [116.4629, 40.02271], [116.46405, 40.0231], [116.46805, 40.02377], [116.47044, 40.02453], [116.47158, 40.02519], [116.47286, 40.02638]]}, "properties": {"kind": "line", "line": "Line 14", "colour": "#d5a3ce"}}, {"type": "Feature", "geometry": {"type": "LineString", "coordinates": [[116.47255, 40.02653], [116.4719, 40.02596], [116.4699, 40.02481], [116.46763, 40.02404], [116.46388, 40.02318], [116.46244, 40.0226], [116.46168, 40.02204], [116.46104, 40.02126], [116.46064, 40.02042], [116.46068, 40.01975], [116.46069, 40.01922], [116.46078, 40.01697], [116.46083, 40.01603], [116.46091, 40.01402], [116.46107, 40.01005], [116.46108, 40.00913], [116.46115, 40.00751], [116.46164, 40.00172], [116.4618, 40.0003], [116.46182, 40.0001], [116.46196, 39.99857], [116.46198, 39.99773], [116.46201, 39.99692], [116.462, 39.99597], [116.462, 39.99587], [116.46201, 39.9955], [116.46202, 39.99414], [116.46204, 39.99352], [116.46209, 39.99322], [116.4622, 39.99293], [116.46249, 39.99244], [116.46282, 39.99213], [116.46319, 39.99181], [116.46485, 39.99069], [116.46555, 39.99024], [116.46829, 39.98847], [116.47486, 39.98366], [116.47595, 39.98295], [116.47601, 39.98291], [116.4783, 39.98144], [116.48219, 39.97906], [116.48307, 39.97845], [116.48356, 39.97792], [116.48382, 39.97721], [116.48389, 39.97641], [116.48397, 39.97015], [116.484, 39.9695], [116.48402, 39.96896], [116.48405, 39.96656], [116.48383, 39.96559], [116.4838, 39.96543], [116.482, 39.96382], [116.47964, 39.96225], [116.47841, 39.96104], [116.4782, 39.96044], [116.47821, 39.95982], [116.47848, 39.95899], [116.47871, 39.95859], [116.47893, 39.95827], [116.48019, 39.95651], [116.48109, 39.95506], [116.48119, 39.95406], [116.4811, 39.95286], [116.4808, 39.95214], [116.48019, 39.95142], [116.47971, 39.95106], [116.47906, 39.95068], [116.47717, 39.9497], [116.47688, 39.94956], [116.47197, 39.94712], [116.47005, 39.94606], [116.46971, 39.94572], [116.4693, 39.94517], [116.46902, 39.94468], [116.46884, 39.94402], [116.46884, 39.94377], [116.46894, 39.94293], [116.46901, 39.94195], [116.46935, 39.93972], [116.46953, 39.93947], [116.47009, 39.9387], [116.47048, 39.9383], [116.47178, 39.93689], [116.47212, 39.93622], [116.47227, 39.93547], [116.4723, 39.93464], [116.47229, 39.93397], [116.47228, 39.93325], [116.47237, 39.93195], [116.47237, 39.93129], [116.47229, 39.92189], [116.47206, 39.91457], [116.47193, 39.90735], [116.47167, 39.893], [116.47165, 39.89252], [116.47131, 39.88418], [116.47131, 39.88385], [116.47129, 39.87927], [116.4713, 39.87462], [116.4713, 39.87364], [116.47133, 39.86846], [116.47105, 39.86791], [116.47052, 39.86751], [116.46989, 39.86714], [116.469, 39.86683], [116.46801, 39.8667], [116.46459, 39.8667], [116.45589, 39.86671], [116.45488, 39.86644], [116.45427, 39.8662], [116.45257, 39.86546], [116.452, 39.86522], [116.4514, 39.86498], [116.4494, 39.86388], [116.44845, 39.86358], [116.44759, 39.8634], [116.44626, 39.86331], [116.4452, 39.86349], [116.44446, 39.86374], [116.4431, 39.8643], [116.44228, 39.86451], [116.44123, 39.86465], [116.43909, 39.86469], [116.43515, 39.86466], [116.43395, 39.86467], [116.43287, 39.86467], [116.42772, 39.86472], [116.41946, 39.86448], [116.41695, 39.86442], [116.41623, 39.86441], [116.41187, 39.86415], [116.41076, 39.86406], [116.40967, 39.86395], [116.40748, 39.86379], [116.40494, 39.86371], [116.40146, 39.86362], [116.3999, 39.86372], [116.39705, 39.86402], [116.39564, 39.86423], [116.39475, 39.86464], [116.39402, 39.86512], [116.39321, 39.86601], [116.39215, 39.86717], [116.39192, 39.86738], [116.39169, 39.86756], [116.39132, 39.86776], [116.39096, 39.86791], [116.39055, 39.86802], [116.39015, 39.86808], [116.38956, 39.86812], [116.38314, 39.86799], [116.38282, 39.86796], [116.3825, 39.86792], [116.38181, 39.86772], [116.38165, 39.86767], [116.38031, 39.86725], [116.37592, 39.86585], [116.37332, 39.8641], [116.37255, 39.86358]]}, "properties": {"kind": "line", "line": "Line 14", "colour": "#d5a3ce"}}, {"type": "Feature", "geometry": {"type": "LineString", "coordinates": [[116.14491, 39.94792], [116.14668, 39.94753], [116.14859, 39.94713], [116.15124, 39.94661], [116.15287, 39.9463], [116.15314, 39.94625], [116.15418, 39.94605], [116.15524, 39.94586], [116.15856, 39.94521], [116.15909, 39.94507], [116.15958, 39.94489], [116.1602, 39.94461], [116.16099, 39.94413], [116.16123, 39.94394], [116.16146, 39.94375], [116.16185, 39.94334], [116.16236, 39.94273], [116.16293, 39.94194], [116.16437, 39.93945], [116.16448, 39.93929], [116.16497, 39.93856]]}, "properties": {"kind": "line", "line": "Line 1", "colour": "#a12b2f"}}, {"type": "Feature", "geometry": {"type": "LineString", "coordinates": [[116.14215, 39.94823], [116.14305, 39.94809], [116.14414, 39.94794], [116.14485, 39.94781], [116.14589, 39.94757], [116.14654, 39.94743], [116.14855, 39.947], [116.15206, 39.94629], [116.15283, 39.94614], [116.15344, 39.94602], [116.15536, 39.94568], [116.1585, 39.94511], [116.15902, 39.94497], [116.15953, 39.94479], [116.16023, 39.94448], [116.16093, 39.94406], [116.16115, 39.94389], [116.16137, 39.94371], [116.16174, 39.94334], [116.16229, 39.94268], [116.16282, 39.94194], [116.16432, 39.93944], [116.16443, 39.93928], [116.16492, 39.93855]]}, "properties": {"kind": "line", "line": "Line 1", "colour": "#a12b2f"}}, {"type": "Feature", "geometry": {"type": "LineString", "coordinates": [[116.42952, 39.94006], [116.42673, 39.94004]]}, "properties": {"kind": "line", "line": "Airport Express", "colour": "#a28e6b"}}, {"type": "Feature", "geometry": {"type": "LineString", "coordinates": [[116.33432, 40.08812], [116.3294, 40.08763], [116.32628, 40.08724], [116.32313, 40.08684], [116.32052, 40.0865], [116.32045, 40.0865], [116.31904, 40.08639], [116.31858, 40.08641], [116.31813, 40.08644], [116.31765, 40.0865], [116.31676, 40.08663], [116.31626, 40.08677], [116.31585, 40.087], [116.3156, 40.08731], [116.31535, 40.08758], [116.31303, 40.09145]]}, "properties": {"kind": "line", "line": "", "colour": "#4a7fb5"}}, {"type": "Feature", "geometry": {"type": "LineString", "coordinates": [[116.3863, 40.0134], [116.38622, 40.01406], [116.38613, 40.01526], [116.38597, 40.01586], [116.38573, 40.01611], [116.38473, 40.01679], [116.37794, 40.01984], [116.37576, 40.02037], [116.36776, 40.02065], [116.36679, 40.02067], [116.36574, 40.02068], [116.36391, 40.0209], [116.36292, 40.02126], [116.35335, 40.02629], [116.35275, 40.02672], [116.35207, 40.02786], [116.35163, 40.02918], [116.35033, 40.03194], [116.34984, 40.03291], [116.34872, 40.0353], [116.34852, 40.03618], [116.3484, 40.03669], [116.34759, 40.04033], [116.34687, 40.0424], [116.34522, 40.04608], [116.34465, 40.0473], [116.34133, 40.05684], [116.34124, 40.05738], [116.34118, 40.05835], [116.34072, 40.06271], [116.34082, 40.06304], [116.34103, 40.06338], [116.34184, 40.06397], [116.35008, 40.06871], [116.35232, 40.06949], [116.35394, 40.07044], [116.35669, 40.07204], [116.35729, 40.07265], [116.35769, 40.07325], [116.3578, 40.07486], [116.35773, 40.07608], [116.35763, 40.0773], [116.35747, 40.07849], [116.35735, 40.07942], [116.35731, 40.07972], [116.35724, 40.08028], [116.35724, 40.08033]]}, "properties": {"kind": "line", "line": "Line 8", "colour": "#009b77"}}, {"type": "Feature", "geometry": {"type": "LineString", "coordinates": [[116.1041, 39.72749], [116.10169, 39.72755], [116.1012, 39.72756], [116.09633, 39.72767], [116.09556, 39.72769], [116.09455, 39.72769], [116.09158, 39.72773], [116.09118, 39.72773], [116.0907, 39.72772], [116.09035, 39.72772]]}, "properties": {"kind": "line", "line": "Yanfang Line", "colour": "#f2a900"}}, {"type": "Feature", "geometry": {"type": "LineString", "coordinates": [[116.5872, 40.07754], [116.58713, 40.07801]]}, "properties": {"kind": "line", "line": "Airport Express", "colour": "#a28e6b"}}, {"type": "Feature", "geometry": {"type": "LineString", "coordinates": [[116.62452, 39.92598], [116.62704, 39.92596], [116.63134, 39.92594], [116.6335, 39.92596], [116.63355, 39.92596], [116.63707, 39.92585], [116.638, 39.92582], [116.6426, 39.92573], [116.64675, 39.92555], [116.65008, 39.92523], [116.65192, 39.92482], [116.65299, 39.9245], [116.65403, 39.92365], [116.6549, 39.92146], [116.6551, 39.92026], [116.65533, 39.91887], [116.6556, 39.91747], [116.65585, 39.91615], [116.65625, 39.91535], [116.65687, 39.91443], [116.65865, 39.91366], [116.66129, 39.91316], [116.66363, 39.91214], [116.66371, 39.9121], [116.66701, 39.91003], [116.66963, 39.90839], [116.67698, 39.90371], [116.67932, 39.90238], [116.68009, 39.90218], [116.68222, 39.90184], [116.68431, 39.9015], [116.6966, 39.9017], [116.70081, 39.9022], [116.70182, 39.90221], [116.70283, 39.90222], [116.70927, 39.90209], [116.71136, 39.90218], [116.71319, 39.90226], [116.72575, 39.90226], [116.72744, 39.90226], [116.729, 39.90227], [116.73669, 39.90233], [116.73793, 39.90229], [116.739, 39.90216], [116.74192, 39.90163], [116.74477, 39.90111]]}, "properties": {"kind": "line", "line": "Line 6", "colour": "#b6a12b"}}, {"type": "Feature", "geometry": {"type": "LineString", "coordinates": [[116.74473, 39.901], [116.74188, 39.90152], [116.73903, 39.90204], [116.73793, 39.90222], [116.7367, 39.90225], [116.72899, 39.90218], [116.72744, 39.90218], [116.72588, 39.90219], [116.71323, 39.90217], [116.71136, 39.90209], [116.70928, 39.902], [116.70287, 39.90203], [116.70182, 39.90203], [116.70074, 39.90202], [116.69662, 39.90154], [116.6843, 39.9014], [116.68218, 39.90173], [116.68003, 39.90207], [116.67929, 39.90229], [116.67851, 39.9027], [116.67687, 39.90363], [116.66949, 39.90826], [116.6669, 39.90993], [116.66494, 39.9112], [116.66358, 39.91205], [116.66342, 39.91212], [116.6612, 39.91311], [116.65876, 39.91354], [116.65675, 39.9144], [116.65611, 39.91526], [116.65569, 39.9161], [116.65546, 39.91746], [116.65522, 39.91884], [116.655, 39.9202], [116.65477, 39.92146], [116.65402, 39.9236], [116.65299, 39.92444], [116.65189, 39.92478], [116.65009, 39.92518], [116.64673, 39.92549], [116.64258, 39.92565], [116.63798, 39.92574], [116.6335, 39.9259], [116.62701, 39.9258]]}, "properties": {"kind": "line", "line": "Line 6", "colour": "#b6a12b"}}, {"type": "Feature", "geometry": {"type": "LineString", "coordinates": [[116.42673, 39.94004], [116.42256, 39.93995], [116.41255, 39.93973], [116.41193, 39.93972]]}, "properties": {"kind": "line", "line": "Airport Express", "colour": "#a28e6b"}}, {"type": "Feature", "geometry": {"type": "LineString", "coordinates": [[116.41193, 39.93968], [116.4114, 39.93967], [116.41114, 39.93966], [116.41107, 39.93966]]}, "properties": {"kind": "line", "line": "Airport Express", "colour": "#a28e6b"}}, {"type": "Feature", "geometry": {"type": "LineString", "coordinates": [[116.46308, 40.12956], [116.462, 40.12825], [116.46138, 40.1276], [116.46069, 40.12689], [116.46021, 40.12614], [116.45989, 40.12526], [116.45994, 40.12444], [116.4601, 40.12318], [116.46035, 40.12077], [116.46038, 40.1194], [116.46038, 40.11836], [116.46042, 40.11641], [116.46042, 40.11417], [116.46047, 40.11187], [116.46035, 40.11032], [116.46015, 40.1095], [116.45981, 40.10866], [116.45921, 40.1076], [116.45415, 40.10053], [116.4507, 40.09608], [116.44992, 40.09502], [116.44924, 40.09387], [116.44856, 40.09285], [116.44808, 40.0918], [116.4471, 40.09039], [116.44643, 40.08938], [116.44615, 40.0885], [116.44587, 40.08699], [116.44549, 40.08523], [116.44536, 40.08493], [116.44494, 40.08443], [116.44459, 40.0841], [116.4373, 40.07889], [116.43653, 40.07821], [116.43619, 40.07758], [116.43594, 40.07673], [116.43581, 40.0751], [116.4358, 40.07406], [116.43579, 40.07293], [116.43578, 40.07259], [116.43578, 40.0697], [116.43578, 40.06768], [116.43578, 40.06713], [116.43579, 40.06636], [116.43585, 40.06113], [116.43573, 40.05796], [116.43576, 40.0565], [116.43575, 40.05532], [116.43579, 40.05399], [116.43588, 40.05303], [116.43595, 40.05143], [116.43593, 40.04967], [116.43591, 40.04837], [116.43567, 40.0421], [116.43544, 40.03461], [116.43542, 40.0331], [116.43541, 40.03137], [116.43561, 40.02217], [116.43577, 40.02112], [116.43621, 40.02033], [116.43676, 40.0197], [116.43765, 40.01874], [116.43849, 40.01818], [116.44001, 40.01762], [116.44115, 40.01722], [116.44478, 40.01608], [116.44546, 40.01577], [116.44604, 40.01544], [116.44661, 40.01496], [116.44716, 40.01434], [116.44755, 40.01377], [116.44786, 40.01311], [116.44837, 40.01174], [116.44849, 40.01091], [116.44851, 40.01003], [116.44831, 40.00907], [116.44474, 39.99818], [116.44397, 39.99631], [116.44237, 39.9938], [116.4416, 39.9927], [116.44014, 39.99051], [116.43927, 39.9885], [116.43889, 39.98737], [116.43871, 39.98664], [116.43863, 39.98483], [116.44025, 39.9815], [116.4418, 39.98006], [116.44262, 39.97912], [116.44315, 39.97853], [116.44342, 39.97799], [116.4436, 39.97703], [116.44361, 39.9763], [116.4436, 39.97567], [116.4436, 39.97524], [116.44351, 39.97477], [116.44316, 39.9742], [116.44256, 39.97347], [116.44167, 39.97248], [116.43776, 39.96812], [116.43674, 39.96694], [116.4365, 39.96666], [116.43449, 39.96482], [116.43321, 39.96368], [116.43167, 39.96231], [116.43039, 39.96112], [116.42945, 39.95991], [116.42908, 39.95928], [116.42887, 39.95868], [116.42842, 39.95688], [116.42793, 39.95519], [116.42778, 39.95383], [116.42777, 39.95204], [116.42791, 39.95106], [116.42804, 39.95053], [116.42821, 39.94994], [116.42835, 39.94956], [116.42853, 39.94908], [116.42858, 39.94895], [116.42876, 39.94864], [116.42896, 39.94847], [116.42929, 39.94824], [116.42949, 39.94818], [116.43016, 39.94808], [116.43156, 39.9481], [116.43319, 39.94821], [116.43453, 39.9483], [116.43542, 39.94839], [116.43642, 39.94849], [116.43836, 39.94868], [116.43916, 39.94868], [116.43993, 39.94861], [116.44049, 39.94849], [116.4411, 39.9482], [116.44346, 39.94663], [116.44395, 39.94621], [116.44416, 39.94573], [116.44422, 39.94523], [116.44422, 39.94008], [116.44416, 39.93237]]}, "properties": {"kind": "line", "line": "Line 17", "colour": "#00a1a5"}}, {"type": "Feature", "geometry": {"type": "LineString", "coordinates": [[116.26837, 39.94252], [116.26844, 39.94316], [116.2685, 39.94361], [116.26862, 39.94441], [116.2689, 39.94654], [116.2692, 39.94872], [116.26951, 39.95037], [116.26967, 39.95173], [116.26988, 39.95301], [116.26993, 39.95408], [116.27, 39.9547], [116.27025, 39.95507], [116.27055, 39.95522], [116.27091, 39.95534], [116.27119, 39.95543], [116.27152, 39.95549], [116.2724, 39.95555], [116.27472, 39.9557], [116.27671, 39.9558], [116.28189, 39.95606], [116.28366, 39.95626], [116.2852, 39.95654], [116.2866, 39.95696], [116.28784, 39.95732], [116.28806, 39.95737], [116.28902, 39.95757], [116.29068, 39.95778], [116.29215, 39.95787], [116.29392, 39.95806], [116.29505, 39.95827], [116.29631, 39.95855], [116.29811, 39.95913], [116.30163, 39.96071], [116.30246, 39.96108], [116.30407, 39.96176], [116.30915, 39.9635], [116.31213, 39.96449], [116.31416, 39.96522], [116.31489, 39.96545], [116.31565, 39.9656], [116.31576, 39.96561], [116.31667, 39.96569], [116.31806, 39.96574], [116.32809, 39.9661], [116.32875, 39.9661], [116.33059, 39.9661], [116.33151, 39.96607], [116.33258, 39.96611], [116.33352, 39.96609], [116.33464, 39.96603], [116.33558, 39.96602], [116.33719, 39.96601], [116.33783, 39.96602], [116.33876, 39.96603], [116.34123, 39.96613], [116.34278, 39.96617], [116.34492, 39.9662], [116.34649, 39.96622], [116.34808, 39.96622], [116.34966, 39.96623], [116.35371, 39.96625], [116.35668, 39.96626], [116.35847, 39.96635], [116.36004, 39.96643], [116.36146, 39.96652], [116.363, 39.96659], [116.36387, 39.96661], [116.36493, 39.96665], [116.36725, 39.96661], [116.36833, 39.96664], [116.37203, 39.9667], [116.37506, 39.96676], [116.37584, 39.96678], [116.38786, 39.96709], [116.3884, 39.9671], [116.3936, 39.96724], [116.40025, 39.96743], [116.401, 39.96745], [116.40328, 39.96752], [116.40733, 39.96763], [116.41102, 39.96771], [116.41181, 39.96773], [116.41198, 39.96774], [116.41954, 39.96794], [116.42426, 39.968], [116.4261, 39.96802], [116.42811, 39.96808], [116.42886, 39.96806], [116.42961, 39.96795], [116.4303, 39.96779], [116.43094, 39.96756], [116.43229, 39.96678], [116.43433, 39.96548], [116.43602, 39.96438], [116.44296, 39.95983], [116.44452, 39.95876], [116.44548, 39.9581], [116.44598, 39.95783], [116.44655, 39.95762], [116.44711, 39.95755], [116.44773, 39.95752], [116.44826, 39.95753], [116.44889, 39.95759], [116.44944, 39.95768], [116.44999, 39.95781], [116.4506, 39.95797], [116.45107, 39.95816], [116.45151, 39.95842], [116.45182, 39.95866], [116.45258, 39.95934], [116.45402, 39.96065], [116.45545, 39.962], [116.45788, 39.96423], [116.45934, 39.96543], [116.46054, 39.96618], [116.46195, 39.96679], [116.46333, 39.96706], [116.46533, 39.96735], [116.46804, 39.96793], [116.46904, 39.96818], [116.47001, 39.96848], [116.47076, 39.96879], [116.4714, 39.96914], [116.47191, 39.96947], [116.47359, 39.97101], [116.47399, 39.97138], [116.47838, 39.97534], [116.48156, 39.97821], [116.48207, 39.97861], [116.48232, 39.97876], [116.4826, 39.97887], [116.48285, 39.97892], [116.48326, 39.97897], [116.48408, 39.97905], [116.48504, 39.97908], [116.48556, 39.97909], [116.49107, 39.97906], [116.49506, 39.9791], [116.49949, 39.97912], [116.50076, 39.97913], [116.50184, 39.9792], [116.50275, 39.9793], [116.50356, 39.97953], [116.50429, 39.9798], [116.50475, 39.98002], [116.50567, 39.98053], [116.50627, 39.98078], [116.50686, 39.98091], [116.50754, 39.98097], [116.50824, 39.98092], [116.5088, 39.98076], [116.5098, 39.98036], [116.51291, 39.97891], [116.51521, 39.97769], [116.51743, 39.97676], [116.52201, 39.97541], [116.52478, 39.97468], [116.52744, 39.97363], [116.52834, 39.9733], [116.52908, 39.97303], [116.53031, 39.97259], [116.53243, 39.97182], [116.53382, 39.97143], [116.53466, 39.97131], [116.53564, 39.9712], [116.53719, 39.9712], [116.53869, 39.97139], [116.54079, 39.97183], [116.54219, 39.97245], [116.54312, 39.97295], [116.54359, 39.97321], [116.54443, 39.97363], [116.54501, 39.97381], [116.546, 39.97398], [116.5473, 39.97411], [116.55197, 39.97452]]}, "properties": {"kind": "line", "line": "Line 12", "colour": "#7a6a55"}}, {"type": "Feature", "geometry": {"type": "LineString", "coordinates": [[116.42968, 39.93227], [116.43033, 39.93228], [116.43057, 39.93228], [116.43363, 39.93232], [116.4374, 39.93232], [116.44486, 39.93232], [116.44842, 39.93232], [116.45512, 39.93234], [116.45546, 39.93234], [116.46482, 39.93236], [116.4734, 39.93238], [116.47528, 39.93239], [116.48287, 39.93242], [116.48487, 39.93242], [116.48636, 39.93246], [116.48744, 39.93257], [116.48817, 39.9327], [116.48929, 39.93294], [116.49346, 39.93413], [116.49577, 39.93479], [116.49702, 39.93518], [116.49856, 39.93589], [116.49898, 39.93624], [116.49917, 39.93657], [116.49953, 39.93734], [116.49984, 39.93806], [116.49996, 39.93869], [116.49999, 39.94062], [116.49995, 39.943], [116.49995, 39.9434], [116.50002, 39.94462], [116.50023, 39.9451], [116.50061, 39.94563], [116.5019, 39.94588], [116.50267, 39.94603], [116.50408, 39.94626], [116.50431, 39.94629], [116.50536, 39.94638], [116.50821, 39.94619], [116.51378, 39.94601], [116.5196, 39.94632], [116.52131, 39.94654], [116.52294, 39.94675], [116.52516, 39.94672], [116.52667, 39.94648], [116.52747, 39.94631], [116.52843, 39.946], [116.53306, 39.94388], [116.53484, 39.9436], [116.53677, 39.94368], [116.53812, 39.94405], [116.53939, 39.94481], [116.54013, 39.94567], [116.54071, 39.94675], [116.54101, 39.94796], [116.54117, 39.94967], [116.54119, 39.95079], [116.54144, 39.96465], [116.54149, 39.9676], [116.54155, 39.97075], [116.54178, 39.97133], [116.54225, 39.97202], [116.54289, 39.97257], [116.54366, 39.97315], [116.5444, 39.97353], [116.54501, 39.97374], [116.54616, 39.97393], [116.54697, 39.974], [116.55198, 39.97444]]}, "properties": {"kind": "line", "line": "Line 3", "colour": "#4a7fb5"}}, {"type": "Feature", "geometry": {"type": "LineString", "coordinates": [[116.31049, 40.03802], [116.3107, 40.03781], [116.3112, 40.03733], [116.3119, 40.03677], [116.31215, 40.03659], [116.31262, 40.03633], [116.31324, 40.03604], [116.31398, 40.03576], [116.31508, 40.03537], [116.31759, 40.03441], [116.31806, 40.03427], [116.31864, 40.03418], [116.31926, 40.03418], [116.32562, 40.03467], [116.3278, 40.03479], [116.32905, 40.03492], [116.32983, 40.03509], [116.3314, 40.03557], [116.33207, 40.03572], [116.3329, 40.03578], [116.33372, 40.03574], [116.33452, 40.0356], [116.33512, 40.03541], [116.33558, 40.03514], [116.33602, 40.03474], [116.33672, 40.03384], [116.338, 40.03218], [116.33862, 40.03152], [116.33937, 40.03093], [116.34013, 40.03039], [116.3406, 40.02999], [116.34115, 40.0294], [116.34275, 40.02735], [116.34374, 40.02602], [116.34403, 40.0256], [116.34443, 40.02469], [116.34493, 40.0238], [116.34521, 40.02277], [116.34527, 40.02148], [116.34543, 40.02004], [116.34538, 40.01798], [116.3455, 40.01592], [116.34569, 40.01363], [116.34616, 40.00804], [116.3463, 40.00419], [116.34646, 40.0011]]}, "properties": {"kind": "line", "line": "Changping Line", "colour": "#e56db1"}}, {"type": "Feature", "geometry": {"type": "LineString", "coordinates": [[116.11897, 39.72187], [116.11756, 39.72187], [116.11694, 39.72187], [116.11663, 39.72187], [116.11413, 39.72187], [116.11386, 39.72187], [116.11356, 39.72188], [116.11323, 39.72191], [116.11302, 39.72194], [116.11278, 39.72198], [116.11238, 39.72207], [116.11193, 39.72222], [116.11168, 39.72232], [116.11142, 39.72243], [116.11114, 39.72258], [116.11088, 39.72274], [116.11047, 39.72303], [116.11005, 39.72334], [116.10944, 39.7238], [116.10893, 39.7242], [116.10818, 39.72484], [116.10722, 39.7256], [116.10652, 39.72608], [116.106, 39.72643], [116.10565, 39.72664], [116.10536, 39.7268], [116.10502, 39.72696], [116.10469, 39.72707], [116.10424, 39.72721], [116.10376, 39.72732], [116.10331, 39.7274], [116.10291, 39.72744], [116.10078, 39.7275], [116.09951, 39.72751], [116.09807, 39.72753], [116.09703, 39.72754]]}, "properties": {"kind": "line", "line": "Fangshan Line", "colour": "#d4802a"}}, {"type": "Feature", "geometry": {"type": "LineString", "coordinates": [[116.44318, 39.75859], [116.44277, 39.75989], [116.44271, 39.76006], [116.44236, 39.76122], [116.44193, 39.76256], [116.4414, 39.76415], [116.44105, 39.76509], [116.44086, 39.7656], [116.4406, 39.76616], [116.44027, 39.76686], [116.43995, 39.76742], [116.43956, 39.76811], [116.43934, 39.76841], [116.43898, 39.7688], [116.43883, 39.76893], [116.4385, 39.76922], [116.43789, 39.76966], [116.43716, 39.77021], [116.43638, 39.7708], [116.43604, 39.77104], [116.4351, 39.7717], [116.43432, 39.77224], [116.43376, 39.7726], [116.43318, 39.77301], [116.42925, 39.77579]]}, "properties": {"kind": "line", "line": "Line 8", "colour": "#009b77"}}, {"type": "Feature", "geometry": {"type": "LineString", "coordinates": [[116.4292, 39.77575], [116.43315, 39.77295], [116.43388, 39.77244], [116.43472, 39.77179], [116.43596, 39.7709], [116.43674, 39.77038], [116.4375, 39.76988], [116.4384, 39.76924], [116.43875, 39.76895], [116.43915, 39.76855], [116.43943, 39.7682], [116.43968, 39.7678], [116.44026, 39.76677], [116.4405, 39.76625], [116.44086, 39.76545], [116.44123, 39.76447], [116.44145, 39.76382], [116.44156, 39.76345], [116.44174, 39.76293], [116.44187, 39.76228], [116.44199, 39.76182], [116.4422, 39.7611], [116.44293, 39.75881], [116.44301, 39.75856]]}, "properties": {"kind": "line", "line": "Line 8", "colour": "#009b77"}}, {"type": "Feature", "geometry": {"type": "LineString", "coordinates": [[116.42925, 39.77579], [116.42731, 39.7772], [116.42654, 39.77778], [116.42289, 39.78039], [116.42172, 39.78113], [116.41984, 39.78228], [116.41913, 39.78274], [116.41692, 39.78417], [116.41664, 39.78435], [116.41596, 39.78481], [116.41541, 39.78533], [116.41504, 39.78583], [116.41476, 39.78634], [116.41465, 39.78668], [116.41447, 39.78742], [116.41412, 39.78968], [116.41306, 39.79568], [116.41243, 39.7985], [116.41218, 39.7996], [116.412, 39.80024], [116.41171, 39.80087], [116.41146, 39.80128], [116.41101, 39.80193], [116.41081, 39.80223], [116.4105, 39.8026], [116.41018, 39.80291], [116.40986, 39.80313], [116.40932, 39.80344], [116.40893, 39.80362], [116.40828, 39.80381], [116.40758, 39.80393], [116.40649, 39.80396], [116.40446, 39.80389], [116.40236, 39.80384], [116.40094, 39.8038], [116.39994, 39.8038], [116.39949, 39.80386], [116.39899, 39.80398], [116.39823, 39.80426], [116.39779, 39.80451], [116.39743, 39.80475], [116.39696, 39.80522], [116.39667, 39.80562], [116.39642, 39.80616], [116.39634, 39.80647], [116.39628, 39.80712], [116.39614, 39.80964], [116.39602, 39.81198], [116.39592, 39.8141], [116.39579, 39.81686], [116.39568, 39.82009], [116.39562, 39.82099], [116.3954, 39.8239], [116.39468, 39.82978], [116.3946, 39.83064], [116.39463, 39.83114], [116.39471, 39.83187], [116.39489, 39.83282], [116.39499, 39.83368], [116.39499, 39.83452], [116.39491, 39.83611], [116.39451, 39.8435], [116.39448, 39.84402], [116.39421, 39.84899], [116.3941, 39.85119], [116.39406, 39.85188], [116.39397, 39.85283], [116.39383, 39.85334], [116.39366, 39.85381], [116.39355, 39.85411], [116.39324, 39.85513], [116.39317, 39.85594], [116.39319, 39.85651], [116.39335, 39.85871], [116.39352, 39.8608], [116.39357, 39.86161], [116.39345, 39.86243], [116.39335, 39.86294], [116.39324, 39.86349], [116.39318, 39.86427], [116.39313, 39.86528], [116.39311, 39.86661], [116.39311, 39.86713], [116.39311, 39.86776], [116.39302, 39.86818], [116.39282, 39.86866], [116.39241, 39.86929], [116.3922, 39.86955], [116.39186, 39.87005], [116.39168, 39.87042], [116.39155, 39.87081], [116.39151, 39.87125], [116.39152, 39.87162], [116.39158, 39.87207], [116.39229, 39.87578], [116.39253, 39.87704], [116.39268, 39.87803], [116.39268, 39.87909], [116.39259, 39.88118], [116.39251, 39.88238], [116.39246, 39.88464], [116.3924, 39.88697], [116.39238, 39.88759], [116.39231, 39.8891]]}, "properties": {"kind": "line", "line": "Line 8", "colour": "#009b77"}}, {"type": "Feature", "geometry": {"type": "LineString", "coordinates": [[116.39216, 39.88803], [116.39217, 39.88785], [116.39231, 39.88237], [116.39242, 39.88012], [116.39249, 39.87885], [116.39249, 39.87776], [116.39234, 39.87677], [116.39143, 39.87204], [116.39137, 39.87162], [116.39135, 39.87122], [116.39141, 39.87081], [116.39153, 39.87041], [116.39173, 39.87001], [116.39207, 39.86951], [116.39221, 39.86932], [116.39266, 39.86864], [116.39284, 39.86819], [116.39292, 39.86774], [116.3929, 39.86712], [116.3929, 39.86689], [116.39291, 39.8653], [116.39296, 39.86424], [116.39303, 39.86354], [116.3932, 39.8628], [116.39326, 39.86252], [116.39341, 39.86183], [116.39343, 39.86145], [116.39337, 39.86067], [116.39334, 39.86045], [116.39329, 39.86006], [116.3932, 39.85919], [116.3931, 39.85765], [116.39301, 39.85657], [116.39301, 39.85594], [116.39304, 39.85538], [116.39319, 39.85475], [116.39337, 39.85419], [116.39348, 39.85389], [116.39381, 39.85278], [116.39389, 39.85198], [116.39398, 39.85011], [116.39399, 39.84991], [116.39418, 39.84609], [116.39428, 39.84401], [116.39436, 39.84242], [116.39454, 39.83871], [116.39479, 39.83501], [116.39481, 39.83436], [116.39483, 39.83351], [116.39473, 39.83265], [116.39459, 39.83189], [116.39449, 39.83113], [116.39447, 39.83063], [116.39454, 39.82978], [116.39516, 39.82472], [116.39527, 39.82346], [116.39555, 39.81708], [116.39577, 39.81301], [116.39578, 39.81283], [116.39584, 39.81161], [116.39606, 39.80711], [116.39616, 39.80643], [116.39629, 39.80594], [116.39647, 39.8056], [116.3967, 39.80525], [116.3971, 39.80485], [116.39747, 39.80453], [116.39785, 39.80429], [116.39828, 39.80407], [116.39896, 39.80383], [116.39937, 39.80374], [116.39994, 39.80366], [116.40056, 39.80364], [116.40379, 39.80373], [116.40657, 39.80381], [116.40755, 39.80381], [116.40827, 39.80369], [116.40893, 39.80349], [116.40932, 39.80332], [116.4098, 39.80303], [116.41011, 39.8028], [116.41039, 39.80254], [116.4107, 39.80216], [116.41092, 39.80185], [116.41125, 39.80134], [116.4115, 39.80096], [116.41169, 39.80058], [116.41185, 39.80019], [116.412, 39.79963], [116.41248, 39.79741], [116.41288, 39.79566], [116.41392, 39.78968], [116.414, 39.78923], [116.41434, 39.78729], [116.41445, 39.78668], [116.41462, 39.78623], [116.41489, 39.78576], [116.41525, 39.78527], [116.41567, 39.78486], [116.41651, 39.78426], [116.41789, 39.78337], [116.41809, 39.78323], [116.41906, 39.7826], [116.42048, 39.78175], [116.42122, 39.78131], [116.42218, 39.78069], [116.42627, 39.77778], [116.42703, 39.77725], [116.42852, 39.77625], [116.4292, 39.77575]]}, "properties": {"kind": "line", "line": "Line 8", "colour": "#009b77"}}, {"type": "Feature", "geometry": {"type": "LineString", "coordinates": [[116.15272, 39.92189], [116.15502, 39.92189], [116.15538, 39.92189], [116.15664, 39.92189], [116.1588, 39.92191], [116.15983, 39.92191], [116.16231, 39.92188], [116.1632, 39.92194], [116.16403, 39.92209], [116.16515, 39.92233], [116.16691, 39.92265], [116.16807, 39.92312], [116.16863, 39.92342], [116.16972, 39.92388], [116.17052, 39.9241], [116.17133, 39.92432], [116.1724, 39.92461], [116.17305, 39.92478], [116.17537, 39.92537], [116.17789, 39.926], [116.17955, 39.92641], [116.1812, 39.92682], [116.18594, 39.92804], [116.18662, 39.92821], [116.18962, 39.92895], [116.19125, 39.9294], [116.19226, 39.92994], [116.19357, 39.93061], [116.19426, 39.93112], [116.19442, 39.93144], [116.19457, 39.93179], [116.19487, 39.93215], [116.19508, 39.93234], [116.19555, 39.9326], [116.19604, 39.93275], [116.19663, 39.93281], [116.19731, 39.93277], [116.19828, 39.93264], [116.1992, 39.93253], [116.20061, 39.93241], [116.20163, 39.93237], [116.20356, 39.93224], [116.20439, 39.93216], [116.20561, 39.93198], [116.20801, 39.93203], [116.2109, 39.93189], [116.21555, 39.93167], [116.21727, 39.93159], [116.21782, 39.93158], [116.21885, 39.93156], [116.21995, 39.93138], [116.22089, 39.93137], [116.22235, 39.93142], [116.22307, 39.93151], [116.22365, 39.93152], [116.22453, 39.93151], [116.2256, 39.93137], [116.22655, 39.93113], [116.22738, 39.93072], [116.22823, 39.93025], [116.2292, 39.92974], [116.2304, 39.92913], [116.23131, 39.92879], [116.23198, 39.92859], [116.2326, 39.92852], [116.23498, 39.92839], [116.23772, 39.92833], [116.24093, 39.92833], [116.24225, 39.92833], [116.24579, 39.92835], [116.24689, 39.92835], [116.24734, 39.92835], [116.24966, 39.92825], [116.25372, 39.92804], [116.25717, 39.92794], [116.2584, 39.92789], [116.25913, 39.92789], [116.26042, 39.92806], [116.26149, 39.92837], [116.26256, 39.92894], [116.26347, 39.92951], [116.26395, 39.92976], [116.26483, 39.93013], [116.26613, 39.93053], [116.26797, 39.93101], [116.26881, 39.93121], [116.26948, 39.93128]]}, "properties": {"kind": "line", "line": "Line 6", "colour": "#b6a12b"}}, {"type": "Feature", "geometry": {"type": "LineString", "coordinates": [[116.26948, 39.93139], [116.26879, 39.93132], [116.26826, 39.93121], [116.26706, 39.9309], [116.26466, 39.93021], [116.26384, 39.92984], [116.26225, 39.92889], [116.26094, 39.9283], [116.2602, 39.92811], [116.25933, 39.92801], [116.25875, 39.92802], [116.25828, 39.92803], [116.25468, 39.92815], [116.24878, 39.92839], [116.24732, 39.92845], [116.24689, 39.92845], [116.24441, 39.92843], [116.24227, 39.92842], [116.2405, 39.92841], [116.23783, 39.92843], [116.23565, 39.92846], [116.2338, 39.92852], [116.23303, 39.92859], [116.23256, 39.92863], [116.23202, 39.92872], [116.23118, 39.92897], [116.23033, 39.9293], [116.22917, 39.92991], [116.22816, 39.93044], [116.2265, 39.93129], [116.22567, 39.9315], [116.22483, 39.93159], [116.22417, 39.93161], [116.22344, 39.93164], [116.22289, 39.93159], [116.22214, 39.93153], [116.22088, 39.93149], [116.21996, 39.9315], [116.21929, 39.93165], [116.21859, 39.93167], [116.21782, 39.9317], [116.21703, 39.93171], [116.21644, 39.93173], [116.21637, 39.93174], [116.21556, 39.93177], [116.21147, 39.93197], [116.21025, 39.93214], [116.20912, 39.93235], [116.20821, 39.93246], [116.2078, 39.93255], [116.20661, 39.93265], [116.20545, 39.93268], [116.20425, 39.93263], [116.20339, 39.93258], [116.2031, 39.93257], [116.20248, 39.93255], [116.20225, 39.93255], [116.20062, 39.93257], [116.19903, 39.93267], [116.19729, 39.93287], [116.19665, 39.93289], [116.19619, 39.93286], [116.1957, 39.93275], [116.19562, 39.93274], [116.19524, 39.93257], [116.19485, 39.93229], [116.1946, 39.93202], [116.19439, 39.93162], [116.1942, 39.93129], [116.19406, 39.93106], [116.19373, 39.93078], [116.19332, 39.93054], [116.19219, 39.92996], [116.19171, 39.92972], [116.19139, 39.92956], [116.19096, 39.92938], [116.18958, 39.92902], [116.18951, 39.92898], [116.18609, 39.92814], [116.1822, 39.92719], [116.17955, 39.92651], [116.1786, 39.92627], [116.1756, 39.92551], [116.1741, 39.92509], [116.17186, 39.92457], [116.17129, 39.92442], [116.16915, 39.92385], [116.16783, 39.92352], [116.16719, 39.92336], [116.16648, 39.92312], [116.16564, 39.92281], [116.16486, 39.92254], [116.16409, 39.92228], [116.16333, 39.92209], [116.16232, 39.92201], [116.16038, 39.92203], [116.1592, 39.92202], [116.15664, 39.92201], [116.15538, 39.922], [116.15503, 39.922], [116.15272, 39.92198]]}, "properties": {"kind": "line", "line": "Line 6", "colour": "#b6a12b"}}, {"type": "Feature", "geometry": {"type": "LineString", "coordinates": [[116.34287, 39.84808], [116.3424, 39.84614], [116.34143, 39.84215], [116.34083, 39.83916], [116.34032, 39.83413], [116.34019, 39.8277], [116.33984, 39.82409], [116.33929, 39.81881], [116.33916, 39.81692], [116.33945, 39.81526], [116.33988, 39.81381], [116.34051, 39.81252], [116.34132, 39.81127], [116.34242, 39.80996], [116.3442, 39.80835], [116.34826, 39.80566], [116.35077, 39.80374], [116.35249, 39.8019], [116.35414, 39.79944], [116.35664, 39.79433], [116.35739, 39.79232], [116.35795, 39.79025], [116.35823, 39.78889], [116.3584, 39.78759], [116.35835, 39.78668], [116.35811, 39.78599], [116.35745, 39.78476], [116.35605, 39.78157], [116.35478, 39.7785], [116.35449, 39.77765], [116.35444, 39.77718], [116.35438, 39.7767], [116.35424, 39.77391], [116.35412, 39.76801], [116.35412, 39.7679], [116.35413, 39.76748], [116.35418, 39.76165], [116.35421, 39.76126], [116.35425, 39.76096], [116.35434, 39.76053], [116.35588, 39.75444], [116.35639, 39.75215], [116.35735, 39.74843]]}, "properties": {"kind": "line", "line": "Airport Express", "colour": "#a28e6b"}}, {"type": "Feature", "geometry": {"type": "LineString", "coordinates": [[116.39231, 39.8891], [116.39227, 39.89015], [116.3922, 39.89112], [116.39195, 39.89456], [116.39194, 39.89506], [116.39198, 39.89542], [116.3921, 39.89582], [116.39233, 39.89621], [116.39267, 39.89661], [116.39297, 39.89687], [116.39338, 39.89713], [116.39406, 39.89756], [116.39525, 39.89833], [116.39581, 39.89867], [116.39626, 39.8989], [116.39655, 39.89902], [116.39733, 39.89927], [116.39808, 39.8994], [116.39915, 39.89946], [116.4018, 39.89953], [116.40269, 39.89957], [116.40332, 39.89971], [116.4039, 39.89994], [116.40433, 39.90016], [116.40465, 39.9004], [116.40497, 39.9007], [116.40525, 39.90104], [116.40553, 39.90161], [116.40563, 39.90206], [116.40562, 39.90271], [116.40533, 39.90839], [116.40515, 39.91082], [116.40512, 39.91184], [116.40513, 39.91221], [116.4051, 39.91307], [116.405, 39.91525], [116.40492, 39.9172], [116.40467, 39.91917], [116.40464, 39.92355]]}, "properties": {"kind": "line", "line": "Line 8", "colour": "#009b77"}}, {"type": "Feature", "geometry": {"type": "LineString", "coordinates": [[116.31506, 39.89055], [116.31506, 39.89049], [116.31505, 39.89041], [116.31503, 39.89029], [116.31498, 39.88993], [116.31496, 39.88984], [116.31495, 39.88978], [116.31493, 39.88971], [116.31491, 39.88967], [116.3149, 39.88962], [116.31466, 39.88892], [116.3146, 39.88879], [116.31453, 39.88868], [116.31446, 39.88858], [116.31435, 39.88847], [116.31424, 39.88837], [116.31412, 39.88827], [116.31398, 39.88818], [116.31387, 39.8881], [116.31368, 39.888], [116.31351, 39.8879], [116.31332, 39.88781], [116.31172, 39.88708], [116.30878, 39.88574], [116.30749, 39.88513], [116.30721, 39.88497], [116.30716, 39.88493], [116.3071, 39.88489], [116.30478, 39.88264], [116.30467, 39.88255], [116.30451, 39.88246], [116.30436, 39.88236], [116.30155, 39.88102], [116.2981, 39.87935], [116.29595, 39.87838], [116.29567, 39.87826], [116.29549, 39.8782], [116.29305, 39.87741], [116.29072, 39.87667], [116.29061, 39.87661], [116.29049, 39.87655], [116.28931, 39.87578], [116.28921, 39.87567], [116.28914, 39.87558], [116.28909, 39.87549], [116.28903, 39.87537], [116.28899, 39.87524], [116.28895, 39.8751], [116.2889, 39.87487], [116.28875, 39.87388], [116.28821, 39.8669], [116.28816, 39.86603], [116.28771, 39.85417], [116.2877, 39.85241], [116.29026, 39.84152], [116.29043, 39.83957], [116.29055, 39.83832], [116.29132, 39.83239], [116.29138, 39.83185], [116.29136, 39.83089], [116.29132, 39.82967], [116.29131, 39.82906], [116.29119, 39.82521], [116.29121, 39.82398], [116.29156, 39.82167], [116.29187, 39.81973], [116.2929, 39.81892], [116.29429, 39.81803], [116.29563, 39.81708], [116.29576, 39.81692]]}, "properties": {"kind": "line", "line": "Line 9", "colour": "#8fc31f"}}, {"type": "Feature", "geometry": {"type": "LineString", "coordinates": [[116.34926, 39.93913], [116.34929, 39.93854], [116.3493, 39.93823], [116.3496, 39.93207], [116.34955, 39.93161], [116.34957, 39.93101], [116.34958, 39.93037], [116.34967, 39.93006], [116.35001, 39.92324], [116.34996, 39.92294], [116.34997, 39.92231], [116.34999, 39.92169], [116.35006, 39.92143], [116.35019, 39.91727], [116.35025, 39.91525], [116.35044, 39.91065], [116.35046, 39.90673], [116.35041, 39.90644], [116.35041, 39.90583], [116.35042, 39.90523], [116.35048, 39.90489], [116.35046, 39.90339], [116.35048, 39.90284], [116.35051, 39.90199], [116.35057, 39.90163], [116.35068, 39.90121], [116.35082, 39.90082], [116.35103, 39.90043], [116.35133, 39.90002], [116.35164, 39.89966], [116.35186, 39.8994], [116.35211, 39.89917], [116.35249, 39.89889], [116.35302, 39.89858], [116.35354, 39.89836], [116.35428, 39.89811], [116.35495, 39.89802], [116.35556, 39.89797], [116.3564, 39.89798], [116.35722, 39.898], [116.35806, 39.89802], [116.35867, 39.89808], [116.36666, 39.89833], [116.36725, 39.89832], [116.36803, 39.89834], [116.36882, 39.89836], [116.36915, 39.89842], [116.37185, 39.89849], [116.37683, 39.89865], [116.37722, 39.89862], [116.378, 39.89864], [116.37879, 39.89867], [116.37914, 39.89871], [116.38676, 39.89894], [116.38729, 39.89893], [116.38784, 39.8989], [116.38848, 39.89884], [116.38905, 39.89878], [116.38958, 39.89872], [116.3902, 39.89863], [116.39074, 39.89863], [116.3925, 39.89868], [116.39304, 39.89872], [116.39441, 39.89891], [116.3956, 39.89909], [116.39621, 39.89917], [116.39678, 39.89921], [116.39743, 39.89923], [116.40033, 39.89932], [116.40555, 39.89947], [116.40951, 39.89963], [116.40989, 39.89959], [116.4107, 39.89962], [116.41202, 39.89967], [116.41222, 39.89968], [116.41288, 39.89973], [116.4133, 39.89981], [116.41372, 39.89995], [116.41418, 39.9002], [116.4147, 39.90055], [116.41754, 39.90277], [116.41792, 39.90305], [116.41818, 39.9032], [116.41843, 39.90333], [116.41881, 39.90344], [116.41925, 39.9035], [116.41977, 39.90352], [116.42096, 39.90354], [116.42204, 39.90355], [116.42512, 39.90358], [116.42592, 39.90361], [116.42643, 39.90365], [116.42689, 39.9037], [116.42725, 39.90378], [116.42758, 39.90389], [116.42867, 39.90445], [116.42872, 39.90449], [116.42882, 39.90457], [116.42897, 39.90469], [116.42912, 39.90485], [116.42925, 39.90499], [116.42934, 39.90512], [116.42943, 39.90526], [116.4295, 39.90545], [116.42957, 39.90562], [116.42964, 39.90587], [116.42969, 39.90618], [116.4297, 39.90656], [116.42967, 39.90718], [116.42965, 39.90783], [116.42959, 39.90849], [116.42892, 39.91249], [116.42845, 39.9221], [116.42851, 39.92244], [116.4285, 39.92305], [116.42848, 39.92364], [116.42842, 39.92394], [116.4284, 39.92418], [116.42806, 39.93135], [116.42811, 39.93169], [116.4281, 39.93228], [116.42808, 39.93287], [116.42801, 39.93327], [116.42773, 39.93886], [116.42778, 39.93912], [116.42777, 39.93971]]}, "properties": {"kind": "line", "line": "Line 2", "colour": "#006ab7"}}, {"type": "Feature", "geometry": {"type": "LineString", "coordinates": [[116.36066, 39.70218], [116.36067, 39.70335], [116.36051, 39.70913], [116.35989, 39.72187], [116.35986, 39.7272], [116.35964, 39.73335], [116.35959, 39.73413], [116.35942, 39.73712], [116.35813, 39.74478], [116.3574, 39.74849]]}, "properties": {"kind": "line", "line": "Airport Express", "colour": "#a28e6b"}}, {"type": "Feature", "geometry": {"type": "LineString", "coordinates": [[116.35735, 39.74843], [116.35804, 39.74477], [116.35928, 39.73712], [116.35936, 39.73413], [116.3594, 39.73335], [116.35963, 39.72721], [116.3598, 39.72187], [116.36042, 39.70913], [116.36058, 39.70335], [116.36054, 39.70218]]}, "properties": {"kind": "line", "line": "Airport Express", "colour": "#a28e6b"}}, {"type": "Feature", "geometry": {"type": "LineString", "coordinates": [[116.36054, 39.70218], [116.36044, 39.70077], [116.36041, 39.70002], [116.36042, 39.69932], [116.36052, 39.69858], [116.36065, 39.69794], [116.36084, 39.69719], [116.36098, 39.69676], [116.36106, 39.6965], [116.36151, 39.69542]]}, "properties": {"kind": "line", "line": "Airport Express", "colour": "#a28e6b"}}, {"type": "Feature", "geometry": {"type": "LineString", "coordinates": [[116.3574, 39.74849], [116.35648, 39.75216], [116.35595, 39.75448], [116.35442, 39.76054], [116.35433, 39.76097], [116.35429, 39.76126], [116.35427, 39.76166], [116.3542, 39.76801], [116.35433, 39.77391], [116.35446, 39.77669], [116.35458, 39.77764], [116.35486, 39.77849], [116.35613, 39.78155], [116.35752, 39.78474], [116.35819, 39.78597], [116.35843, 39.78667], [116.35848, 39.7876], [116.35832, 39.7889], [116.35803, 39.79026], [116.35748, 39.79234], [116.35672, 39.79435], [116.35422, 39.79947], [116.35256, 39.80194], [116.35083, 39.80378], [116.34832, 39.80571], [116.34426, 39.8084], [116.34249, 39.81], [116.34139, 39.8113], [116.34059, 39.81254], [116.33996, 39.81383], [116.33953, 39.81527], [116.33924, 39.81692], [116.33938, 39.81881], [116.33992, 39.82409], [116.34028, 39.8277], [116.3404, 39.83412], [116.34091, 39.83916], [116.34151, 39.84214], [116.34248, 39.84613], [116.34295, 39.84807]]}, "properties": {"kind": "line", "line": "Airport Express", "colour": "#a28e6b"}}, {"type": "Feature", "geometry": {"type": "LineString", "coordinates": [[116.29618, 39.81494], [116.29619, 39.8151], [116.29619, 39.81526], [116.29623, 39.81548], [116.2963, 39.81582], [116.2964, 39.81608], [116.29661, 39.81647], [116.29679, 39.81673], [116.29698, 39.8169], [116.29726, 39.81712], [116.29757, 39.81732], [116.29794, 39.81749], [116.29894, 39.81779], [116.29933, 39.8179], [116.29984, 39.81799], [116.30142, 39.81825], [116.30188, 39.81831], [116.30219, 39.81833], [116.30325, 39.8184], [116.30467, 39.81841], [116.30509, 39.8184], [116.30676, 39.81821], [116.30869, 39.818], [116.31271, 39.81775], [116.31417, 39.81793], [116.31531, 39.81855], [116.31562, 39.81959], [116.31551, 39.82058], [116.31483, 39.82179], [116.31428, 39.82332], [116.31408, 39.82458], [116.3139, 39.82574], [116.3139, 39.82619], [116.31395, 39.82679], [116.31407, 39.82785], [116.31418, 39.82876], [116.3142, 39.83005], [116.31398, 39.83357], [116.31386, 39.84244], [116.31392, 39.84298], [116.31393, 39.84317], [116.31406, 39.84387], [116.31487, 39.84693], [116.3149, 39.84704], [116.31492, 39.84712], [116.31503, 39.84762], [116.31507, 39.84778], [116.31507, 39.84781], [116.31511, 39.84797], [116.31538, 39.84918], [116.3159, 39.85062], [116.31626, 39.85186], [116.31645, 39.85238], [116.31679, 39.85331], [116.31701, 39.85444], [116.31723, 39.85555], [116.31768, 39.85863], [116.3179, 39.86011]]}, "properties": {"kind": "line", "line": "Fangshan Line", "colour": "#d4802a"}}, {"type": "Feature", "geometry": {"type": "LineString", "coordinates": [[116.67301, 39.86235], [116.66471, 39.86237], [116.65253, 39.86237], [116.65091, 39.86238], [116.62671, 39.86246], [116.62601, 39.86246], [116.62547, 39.8624], [116.62328, 39.86215], [116.62116, 39.8616], [116.61915, 39.86068], [116.61573, 39.85959], [116.61054, 39.85858], [116.60499, 39.85837], [116.59277, 39.85776], [116.57825, 39.85649], [116.57066, 39.85601], [116.56541, 39.85567], [116.56409, 39.85557], [116.56294, 39.85546], [116.56161, 39.85523], [116.5606, 39.85493], [116.55883, 39.85398], [116.55745, 39.8528], [116.55719, 39.8522], [116.55617, 39.8496], [116.55487, 39.84836], [116.55397, 39.84806], [116.55299, 39.84796], [116.54962, 39.84797], [116.54752, 39.84802], [116.54588, 39.84801], [116.54416, 39.84812], [116.54219, 39.84876], [116.53741, 39.85142], [116.53423, 39.85303], [116.53396, 39.85317], [116.53315, 39.85358], [116.53279, 39.85376], [116.53165, 39.85434]]}, "properties": {"kind": "line", "line": "Line 7", "colour": "#f2a900"}}, {"type": "Feature", "geometry": {"type": "LineString", "coordinates": [[116.36159, 39.69542], [116.36115, 39.69651], [116.36107, 39.69675], [116.36093, 39.69719], [116.36074, 39.69795], [116.36061, 39.69859], [116.36053, 39.69932], [116.3605, 39.70002], [116.36055, 39.70077], [116.36066, 39.70218]]}, "properties": {"kind": "line", "line": "Airport Express", "colour": "#a28e6b"}}, {"type": "Feature", "geometry": {"type": "LineString", "coordinates": [[116.10497, 39.72771], [116.10467, 39.72761], [116.10433, 39.72752], [116.1041, 39.72749]]}, "properties": {"kind": "line", "line": "", "colour": "#4a7fb5"}}, {"type": "Feature", "geometry": {"type": "LineString", "coordinates": [[116.10259, 39.73047], [116.10391, 39.7303], [116.10437, 39.73024], [116.10461, 39.73018], [116.10495, 39.73004], [116.10525, 39.72984], [116.10548, 39.72963], [116.10561, 39.72944], [116.10573, 39.72906], [116.10575, 39.72882], [116.10574, 39.72861], [116.10567, 39.72842], [116.10553, 39.72818], [116.10529, 39.72794], [116.10497, 39.72771]]}, "properties": {"kind": "line", "line": "", "colour": "#4a7fb5"}}, {"type": "Feature", "geometry": {"type": "LineString", "coordinates": [[116.26845, 40.0313], [116.27005, 40.03161], [116.27296, 40.03217], [116.27426, 40.03233], [116.27626, 40.03246], [116.27786, 40.03259], [116.27899, 40.03283], [116.27983, 40.03321], [116.28067, 40.03381], [116.28095, 40.03453], [116.281, 40.03527], [116.28082, 40.03658], [116.28089, 40.0376], [116.28109, 40.03871], [116.28113, 40.04085], [116.28093, 40.04242], [116.28026, 40.04521], [116.27963, 40.04784], [116.27962, 40.04868], [116.2799, 40.04926], [116.28052, 40.04974], [116.28177, 40.05023], [116.28664, 40.05132], [116.29002, 40.05202], [116.29058, 40.0522], [116.29196, 40.05268], [116.29288, 40.05319], [116.29336, 40.05386], [116.29355, 40.05465], [116.29341, 40.05544], [116.29204, 40.05772], [116.29049, 40.06077], [116.29017, 40.06181], [116.29007, 40.06238], [116.29017, 40.06373], [116.29047, 40.06473], [116.29167, 40.0663], [116.29326, 40.06847], [116.29386, 40.06905], [116.29429, 40.06936], [116.2948, 40.06964], [116.2954, 40.06986], [116.29633, 40.07014], [116.29827, 40.07072], [116.29934, 40.07103], [116.30004, 40.07118], [116.3007, 40.07125], [116.30126, 40.07128], [116.30268, 40.07131], [116.30477, 40.07133], [116.3052, 40.07133]]}, "properties": {"kind": "line", "line": "Line 18", "colour": "#4a7fb5"}}, {"type": "Feature", "geometry": {"type": "LineString", "coordinates": [[116.60699, 40.06969], [116.6069, 40.07019], [116.60635, 40.07384]]}, "properties": {"kind": "line", "line": "Airport Express", "colour": "#a28e6b"}}, {"type": "Feature", "geometry": {"type": "LineString", "coordinates": [[116.60683, 40.06968], [116.60715, 40.06762]]}, "properties": {"kind": "line", "line": "Airport Express", "colour": "#a28e6b"}}, {"type": "Feature", "geometry": {"type": "LineString", "coordinates": [[116.60715, 40.06762], [116.60727, 40.06684], [116.60729, 40.06673], [116.6073, 40.06665], [116.60774, 40.06376]]}, "properties": {"kind": "line", "line": "Airport Express", "colour": "#a28e6b"}}, {"type": "Feature", "geometry": {"type": "LineString", "coordinates": [[116.60729, 40.06764], [116.60699, 40.06969]]}, "properties": {"kind": "line", "line": "Airport Express", "colour": "#a28e6b"}}, {"type": "Feature", "geometry": {"type": "LineString", "coordinates": [[116.60774, 40.06376], [116.60809, 40.06162]]}, "properties": {"kind": "line", "line": "Airport Express", "colour": "#a28e6b"}}, {"type": "Feature", "geometry": {"type": "LineString", "coordinates": [[116.60788, 40.06376], [116.60746, 40.06654], [116.60738, 40.06706], [116.60729, 40.06764]]}, "properties": {"kind": "line", "line": "Airport Express", "colour": "#a28e6b"}}, {"type": "Feature", "geometry": {"type": "LineString", "coordinates": [[116.60809, 40.06162], [116.60825, 40.06057], [116.6087, 40.05771], [116.60874, 40.05748]]}, "properties": {"kind": "line", "line": "Airport Express", "colour": "#a28e6b"}}, {"type": "Feature", "geometry": {"type": "LineString", "coordinates": [[116.60821, 40.06164], [116.60788, 40.06376]]}, "properties": {"kind": "line", "line": "Airport Express", "colour": "#a28e6b"}}, {"type": "Feature", "geometry": {"type": "LineString", "coordinates": [[116.53157, 39.85423], [116.53274, 39.85367], [116.5339, 39.85308], [116.53418, 39.85294], [116.53736, 39.85133], [116.54215, 39.84869], [116.54416, 39.84805], [116.54587, 39.84792], [116.54753, 39.84789], [116.54962, 39.84788], [116.55298, 39.84788], [116.55399, 39.84799], [116.55494, 39.84831], [116.55625, 39.84957], [116.55754, 39.85277], [116.5589, 39.85393], [116.56063, 39.85486], [116.56163, 39.85517], [116.56295, 39.85538], [116.56411, 39.85549], [116.56542, 39.85559], [116.57067, 39.85592], [116.57826, 39.85635], [116.59278, 39.85765], [116.59465, 39.85776], [116.59506, 39.85779], [116.60498, 39.85826], [116.61055, 39.85848], [116.61404, 39.85918], [116.61575, 39.85951], [116.61923, 39.86061], [116.62122, 39.86153], [116.62329, 39.86209], [116.62547, 39.86235], [116.62601, 39.8624], [116.62671, 39.8624], [116.65091, 39.86229], [116.65253, 39.86228], [116.663, 39.86226], [116.66471, 39.86225], [116.673, 39.86224]]}, "properties": {"kind": "line", "line": "Line 7", "colour": "#f2a900"}}, {"type": "Feature", "geometry": {"type": "LineString", "coordinates": [[116.68546, 39.86938], [116.68567, 39.86933], [116.68584, 39.86928], [116.686, 39.86924], [116.68616, 39.86919], [116.68633, 39.86914], [116.68651, 39.86908], [116.68669, 39.86901], [116.68688, 39.86893], [116.68707, 39.86885], [116.68726, 39.86875], [116.68746, 39.86863], [116.68766, 39.8685], [116.68785, 39.86837], [116.68803, 39.86823], [116.68821, 39.86809], [116.68837, 39.86795], [116.68852, 39.86779], [116.68866, 39.86763], [116.68879, 39.86746], [116.68891, 39.86728], [116.68902, 39.86708], [116.68913, 39.86686], [116.69138, 39.86197], [116.69151, 39.8617], [116.69161, 39.86146], [116.69169, 39.86123], [116.69174, 39.86101], [116.69175, 39.86079], [116.69173, 39.86056], [116.69168, 39.8603], [116.69159, 39.86002], [116.69145, 39.85969], [116.69128, 39.8593], [116.68903, 39.85538], [116.68782, 39.85326], [116.68766, 39.853]]}, "properties": {"kind": "line", "line": "Batong Line", "colour": "#a12b2f"}}, {"type": "Feature", "geometry": {"type": "LineString", "coordinates": [[116.40449, 39.92317], [116.4045, 39.92217], [116.40453, 39.91917], [116.40471, 39.91719], [116.40485, 39.91417], [116.40515, 39.90731], [116.40515, 39.90704], [116.40521, 39.90623], [116.40548, 39.90276], [116.40549, 39.90214], [116.4054, 39.90167], [116.40514, 39.90115], [116.40488, 39.9008], [116.40455, 39.9005], [116.40423, 39.90026], [116.40382, 39.90002], [116.40323, 39.89982], [116.4027, 39.8997], [116.40231, 39.89964], [116.40175, 39.89963], [116.40073, 39.8996], [116.39893, 39.89956], [116.3981, 39.89952], [116.39762, 39.89946], [116.39687, 39.89928], [116.39638, 39.89913], [116.39574, 39.89883], [116.39506, 39.89843], [116.39361, 39.89752], [116.39286, 39.89703], [116.39255, 39.89676], [116.3922, 39.89638], [116.39197, 39.89593], [116.39182, 39.89544], [116.3918, 39.89471], [116.39216, 39.88803]]}, "properties": {"kind": "line", "line": "Line 8", "colour": "#009b77"}}, {"type": "Feature", "geometry": {"type": "LineString", "coordinates": [[116.14978, 39.93231], [116.15035, 39.93171], [116.15057, 39.93145], [116.15169, 39.9302], [116.15302, 39.92871], [116.15321, 39.92846], [116.15334, 39.9283], [116.15346, 39.92813], [116.15375, 39.92757], [116.15449, 39.92599], [116.15457, 39.92579], [116.15465, 39.92556], [116.15471, 39.92529], [116.15472, 39.92503], [116.15472, 39.92474], [116.15471, 39.9235], [116.15473, 39.92278], [116.15475, 39.92262], [116.15476, 39.92242], [116.15481, 39.92215], [116.15492, 39.92172], [116.15518, 39.92088], [116.15558, 39.91957], [116.15567, 39.91931], [116.1558, 39.91903], [116.15609, 39.91846], [116.15619, 39.91833], [116.15634, 39.91819], [116.15768, 39.91706], [116.15804, 39.91671], [116.15822, 39.91648], [116.15835, 39.91626], [116.15842, 39.91601], [116.15847, 39.91579], [116.15853, 39.91546], [116.15856, 39.91495], [116.15856, 39.91385], [116.15856, 39.90766]]}, "properties": {"kind": "line", "line": "Line 11", "colour": "#5f2d8c"}}, {"type": "Feature", "geometry": {"type": "LineString", "coordinates": [[116.63508, 39.89724], [116.63141, 39.9027], [116.63075, 39.90366], [116.63055, 39.90389], [116.63034, 39.90407], [116.63013, 39.90423], [116.62987, 39.90439], [116.62972, 39.90448], [116.6295, 39.90459], [116.62908, 39.90476], [116.6288, 39.90484], [116.62851, 39.9049], [116.62826, 39.90494], [116.62805, 39.90495], [116.62734, 39.90498], [116.61908, 39.90509], [116.61845, 39.90512], [116.61782, 39.90517], [116.61698, 39.90527], [116.61637, 39.90537], [116.61577, 39.90542], [116.61516, 39.90543], [116.61458, 39.90539], [116.61409, 39.90532], [116.61372, 39.90525], [116.61279, 39.90506], [116.61185, 39.90487], [116.61113, 39.90474], [116.61071, 39.9047], [116.6103, 39.90468], [116.60991, 39.90468], [116.60953, 39.90471], [116.60909, 39.90476], [116.60865, 39.90484], [116.60825, 39.90493], [116.6078, 39.90507], [116.60733, 39.90524], [116.60543, 39.90606]]}, "properties": {"kind": "line", "line": "Batong Line", "colour": "#a12b2f"}}, {"type": "Feature", "geometry": {"type": "LineString", "coordinates": [[116.63511, 39.89726], [116.63691, 39.89456], [116.6371, 39.89429], [116.63732, 39.89401], [116.63755, 39.89377], [116.63784, 39.89352], [116.63814, 39.89329], [116.63844, 39.89311], [116.63881, 39.89292], [116.6393, 39.89273], [116.63992, 39.89254], [116.64076, 39.8923], [116.64165, 39.89204], [116.65163, 39.88918], [116.65486, 39.88825], [116.65534, 39.88811], [116.65575, 39.88796], [116.65613, 39.88778], [116.65654, 39.88755], [116.65692, 39.88728], [116.65735, 39.88695], [116.66274, 39.88256], [116.67219, 39.87486], [116.67287, 39.87431], [116.67351, 39.87379], [116.67366, 39.87366], [116.67383, 39.87353], [116.67399, 39.87339], [116.67417, 39.87325], [116.67435, 39.87311], [116.67452, 39.87297], [116.6747, 39.87285], [116.67486, 39.87274], [116.675, 39.87265], [116.67512, 39.87257], [116.67525, 39.87249], [116.67541, 39.8724], [116.6756, 39.8723], [116.67581, 39.87218], [116.67605, 39.87206], [116.67632, 39.87194], [116.67662, 39.87181], [116.67694, 39.87169], [116.67728, 39.87157], [116.67765, 39.87146]]}, "properties": {"kind": "line", "line": "Batong Line", "colour": "#a12b2f"}}, {"type": "Feature", "geometry": {"type": "LineString", "coordinates": [[116.12442, 40.06682], [116.12577, 40.06689], [116.13304, 40.06729], [116.14125, 40.06741], [116.14583, 40.06739], [116.15557, 40.06744], [116.1589, 40.06745], [116.18227, 40.06744], [116.19966, 40.06744], [116.20808, 40.06729], [116.20932, 40.06726], [116.21066, 40.06721], [116.2115, 40.06722], [116.21206, 40.06725], [116.21312, 40.06735], [116.21688, 40.06762], [116.22467, 40.06844], [116.22566, 40.06863], [116.22611, 40.06875], [116.22919, 40.06964], [116.23097, 40.07015], [116.23248, 40.07061], [116.23396, 40.07103], [116.23448, 40.07113], [116.2351, 40.07116], [116.23581, 40.07113], [116.23656, 40.07103], [116.23732, 40.07087], [116.23807, 40.07065], [116.23876, 40.07036], [116.23938, 40.07001], [116.23988, 40.0696], [116.24023, 40.06913], [116.24269, 40.06454], [116.24347, 40.063], [116.24357, 40.06281], [116.24406, 40.06141], [116.24448, 40.06032], [116.2452, 40.05835], [116.2459, 40.05642], [116.24625, 40.05547], [116.24642, 40.05508], [116.24678, 40.05459], [116.24828, 40.05301], [116.24992, 40.0514], [116.25056, 40.05068], [116.25101, 40.05013], [116.25126, 40.0498], [116.25148, 40.04915], [116.25188, 40.04826], [116.25201, 40.04789], [116.25226, 40.04593], [116.25257, 40.04387], [116.25261, 40.04366], [116.25266, 40.04344], [116.25286, 40.04302], [116.25312, 40.04257], [116.2533, 40.04229], [116.25345, 40.04208], [116.25366, 40.04189], [116.25901, 40.03787], [116.25944, 40.03749], [116.26127, 40.03597], [116.26209, 40.03528], [116.26314, 40.03426], [116.26416, 40.03325], [116.2647, 40.03255], [116.26562, 40.03146], [116.26587, 40.03118], [116.26642, 40.0306], [116.26685, 40.03005], [116.26746, 40.02927], [116.26806, 40.02861], [116.27097, 40.02517], [116.27433, 40.02134], [116.27512, 40.02044], [116.27691, 40.01836], [116.27852, 40.01644], [116.27911, 40.01558], [116.2796, 40.01482], [116.27984, 40.01447], [116.27996, 40.01422], [116.28009, 40.01384], [116.28035, 40.01258], [116.28069, 40.01123], [116.28101, 40.00947], [116.28163, 40.00549], [116.28229, 40.00193], [116.28243, 40.00121], [116.28261, 40.00061], [116.28281, 40.00023], [116.28352, 39.99957], [116.28623, 39.99749], [116.2873, 39.99669], [116.28813, 39.99616], [116.28839, 39.99597], [116.28854, 39.99584], [116.28862, 39.99571], [116.28872, 39.9954], [116.28891, 39.99446], [116.28909, 39.99326], [116.28914, 39.99296], [116.28933, 39.99207], [116.28939, 39.99145], [116.28927, 39.99014], [116.28895, 39.98913], [116.28871, 39.98837], [116.28845, 39.98725], [116.28831, 39.98653], [116.28822, 39.98619], [116.28824, 39.98596], [116.28834, 39.98563], [116.28858, 39.98515], [116.28872, 39.9849], [116.28896, 39.98472], [116.2893, 39.98446], [116.28957, 39.98433], [116.29012, 39.98416], [116.29047, 39.98409], [116.29102, 39.98395], [116.29187, 39.9839], [116.29264, 39.98383], [116.29337, 39.98381], [116.29427, 39.98387], [116.29517, 39.98392], [116.29633, 39.98393], [116.29714, 39.98382], [116.29759, 39.98364], [116.29813, 39.98335], [116.29855, 39.98314], [116.29902, 39.98283], [116.29919, 39.98263], [116.29928, 39.98222], [116.29939, 39.98127], [116.29945, 39.97947], [116.2996, 39.97775], [116.29976, 39.97646], [116.29989, 39.97468], [116.29991, 39.9744], [116.29996, 39.97389], [116.30005, 39.97323], [116.30015, 39.97266], [116.30019, 39.97218], [116.30024, 39.97147], [116.30026, 39.97096], [116.30039, 39.96963], [116.30048, 39.96841], [116.30054, 39.96754], [116.30061, 39.96682], [116.30077, 39.96549], [116.30087, 39.96462], [116.30109, 39.96309], [116.30129, 39.96211], [116.30133, 39.96194], [116.30159, 39.9604], [116.30178, 39.95961], [116.30193, 39.95887], [116.30198, 39.95863], [116.30205, 39.95819], [116.30228, 39.95693], [116.30256, 39.95569], [116.30268, 39.95397], [116.30293, 39.95156], [116.30305, 39.95054], [116.30323, 39.94748], [116.30325, 39.94713], [116.30333, 39.94628], [116.30336, 39.94597], [116.30358, 39.94493], [116.30371, 39.94467], [116.30411, 39.94317], [116.30445, 39.94229], [116.30466, 39.94182], [116.30489, 39.94149], [116.30525, 39.94107], [116.30557, 39.94083], [116.30593, 39.94054], [116.30626, 39.94041], [116.30699, 39.94017], [116.3079, 39.93983], [116.30859, 39.93964], [116.3091, 39.93954], [116.3095, 39.93945], [116.31003, 39.93938], [116.31056, 39.93935], [116.31125, 39.93937], [116.31245, 39.93967], [116.31347, 39.93988], [116.31495, 39.94014], [116.31577, 39.94031], [116.31662, 39.94039], [116.31736, 39.94044], [116.31869, 39.9405], [116.31958, 39.94051], [116.32114, 39.94058], [116.32162, 39.94058], [116.32263, 39.94036], [116.32332, 39.9401], [116.3247, 39.9392], [116.32585, 39.93786], [116.32644, 39.93715], [116.32674, 39.93641], [116.32679, 39.93585], [116.32688, 39.93529], [116.32698, 39.93439], [116.32745, 39.93159], [116.32749, 39.93118], [116.32762, 39.92969], [116.32789, 39.9271], [116.32812, 39.92499], [116.32841, 39.92245]]}, "properties": {"kind": "line", "line": "Line 16", "colour": "#6bae45"}}, {"type": "Feature", "geometry": {"type": "LineString", "coordinates": [[116.32858, 39.92244], [116.32844, 39.92339], [116.32794, 39.92823], [116.32765, 39.93108], [116.32764, 39.93118], [116.32759, 39.93193], [116.32727, 39.93465], [116.32706, 39.93539], [116.32683, 39.93591], [116.3268, 39.93646], [116.32652, 39.93712], [116.32599, 39.93784], [116.32526, 39.93867], [116.32472, 39.93926], [116.32402, 39.93973], [116.32334, 39.94017], [116.32254, 39.94045], [116.32163, 39.94066], [116.32005, 39.94068], [116.31883, 39.94066], [116.31733, 39.94059], [116.31661, 39.94048], [116.31571, 39.9404], [116.31448, 39.94016], [116.3135, 39.93998], [116.31277, 39.93981], [116.31108, 39.93949], [116.31018, 39.93948], [116.30913, 39.93961], [116.30806, 39.93989], [116.30605, 39.9406], [116.30544, 39.94103], [116.30496, 39.94159], [116.30469, 39.94201], [116.30442, 39.94259], [116.30389, 39.9444], [116.30371, 39.94494], [116.30345, 39.94612], [116.30334, 39.94721], [116.30325, 39.94978], [116.30301, 39.95259], [116.30268, 39.95576], [116.30204, 39.95908], [116.30149, 39.96195], [116.30079, 39.96663], [116.30048, 39.97014], [116.30021, 39.97427], [116.3002, 39.97441], [116.30007, 39.97645], [116.29974, 39.97948], [116.29951, 39.98238], [116.29932, 39.98281], [116.29878, 39.98322], [116.29797, 39.98361], [116.29713, 39.98395], [116.2964, 39.98409], [116.29426, 39.98404], [116.29292, 39.98404], [116.29146, 39.98415], [116.29065, 39.98426], [116.28997, 39.98442], [116.28937, 39.98462], [116.2888, 39.98505], [116.28852, 39.98552], [116.28836, 39.98594], [116.2884, 39.98639], [116.2888, 39.98804], [116.2891, 39.98908], [116.28944, 39.9901], [116.28956, 39.99146], [116.28918, 39.99376], [116.28889, 39.99533], [116.28875, 39.99577], [116.28846, 39.99607], [116.28773, 39.99662], [116.2865, 39.99747], [116.28635, 39.99757], [116.28397, 39.99943], [116.28337, 39.99997], [116.28256, 40.00112], [116.28095, 40.01123], [116.28017, 40.01434], [116.27906, 40.01606], [116.27716, 40.0185], [116.26983, 40.02676], [116.26588, 40.03154], [116.26322, 40.03446], [116.25953, 40.03772], [116.25541, 40.04076], [116.25363, 40.04209], [116.25343, 40.04231], [116.25318, 40.04268], [116.25299, 40.04295], [116.25286, 40.04318], [116.25277, 40.0434], [116.25249, 40.04506], [116.25213, 40.0479], [116.25134, 40.04989], [116.25007, 40.0514], [116.24773, 40.05373], [116.24668, 40.05494], [116.24649, 40.05521], [116.24637, 40.05551], [116.24447, 40.06065], [116.2436, 40.06303], [116.24295, 40.06428], [116.24036, 40.06917], [116.23997, 40.0697], [116.23943, 40.07016], [116.23879, 40.07054], [116.23807, 40.07084], [116.2373, 40.07107], [116.23651, 40.07123], [116.23575, 40.07132], [116.23503, 40.07134], [116.2344, 40.0713], [116.23389, 40.0712], [116.23241, 40.07076], [116.23076, 40.07025], [116.22917, 40.0698], [116.22574, 40.06881], [116.22477, 40.06866], [116.21373, 40.06751], [116.21202, 40.06737], [116.21167, 40.06734], [116.21063, 40.06732], [116.20934, 40.06737], [116.20809, 40.06741], [116.20026, 40.06756], [116.1851, 40.06755], [116.18228, 40.06754], [116.16952, 40.06751], [116.16069, 40.06754], [116.15557, 40.06758], [116.14029, 40.06748], [116.13305, 40.06739], [116.12442, 40.06694]]}, "properties": {"kind": "line", "line": "Line 16", "colour": "#6bae45"}}, {"type": "Feature", "geometry": {"type": "LineString", "coordinates": [[116.32873, 39.91282], [116.32869, 39.91226], [116.32851, 39.91152], [116.32809, 39.91048], [116.32779, 39.90974], [116.3277, 39.90944], [116.32768, 39.90932], [116.32765, 39.9091], [116.32764, 39.90892], [116.32765, 39.90771], [116.32766, 39.90679], [116.32765, 39.90577], [116.32765, 39.90566], [116.32766, 39.90556], [116.32796, 39.90372], [116.32842, 39.90016], [116.32841, 39.89859], [116.32839, 39.89632], [116.32847, 39.89537], [116.32847, 39.89466], [116.32857, 39.89331], [116.3286, 39.89032], [116.32863, 39.88937], [116.32865, 39.8891], [116.32868, 39.8889], [116.32871, 39.8887], [116.32875, 39.88856], [116.32907, 39.88741], [116.32944, 39.88515], [116.32964, 39.88347], [116.33012, 39.88077], [116.33023, 39.87959], [116.33042, 39.87818], [116.33061, 39.87714], [116.33071, 39.8762], [116.33075, 39.87573], [116.33073, 39.87512], [116.33058, 39.87425], [116.33009, 39.87286], [116.32939, 39.87191], [116.32809, 39.87086], [116.32677, 39.87027], [116.32602, 39.86954], [116.32555, 39.86877], [116.32558, 39.86813], [116.32554, 39.86655], [116.32553, 39.86636], [116.32553, 39.86585], [116.32552, 39.86542], [116.32552, 39.86512], [116.32551, 39.86504], [116.32527, 39.86442], [116.32502, 39.86383], [116.32495, 39.8636], [116.3249, 39.86313], [116.32481, 39.86059], [116.32475, 39.85999], [116.32445, 39.85925], [116.32416, 39.85874], [116.32366, 39.85828], [116.32279, 39.85747], [116.32234, 39.85702], [116.32204, 39.85616], [116.32192, 39.85537], [116.3213, 39.85405], [116.32063, 39.85363], [116.31994, 39.85351], [116.31698, 39.85334], [116.31519, 39.85314], [116.31257, 39.85284], [116.30943, 39.85242], [116.30656, 39.85218], [116.30466, 39.85204], [116.30259, 39.85176], [116.30082, 39.85137], [116.29729, 39.85009], [116.29608, 39.84963], [116.29478, 39.84914], [116.29368, 39.84872], [116.29139, 39.84786], [116.2906, 39.84743], [116.29006, 39.84693], [116.28961, 39.84628], [116.28945, 39.84563], [116.28936, 39.84414], [116.28972, 39.84259], [116.2901, 39.84162], [116.29054, 39.84077], [116.29069, 39.83958], [116.29079, 39.83863], [116.29084, 39.8377], [116.29081, 39.83748], [116.29062, 39.83713], [116.29027, 39.83679], [116.28999, 39.83659], [116.28926, 39.83628], [116.28846, 39.836], [116.2869, 39.83568], [116.28449, 39.83545], [116.28109, 39.83501], [116.27829, 39.83485], [116.27722, 39.8348], [116.27224, 39.83445], [116.27007, 39.83426], [116.26775, 39.83404], [116.26654, 39.83386], [116.26513, 39.83365], [116.26355, 39.83348], [116.2605, 39.83335], [116.25915, 39.8335], [116.25774, 39.83366], [116.25622, 39.83389], [116.25483, 39.83433], [116.25432, 39.8347], [116.25391, 39.8351], [116.25363, 39.83551], [116.25341, 39.83594], [116.25327, 39.83635], [116.25307, 39.83757], [116.25288, 39.8387]]}, "properties": {"kind": "line", "line": "Line 16", "colour": "#6bae45"}}, {"type": "Feature", "geometry": {"type": "LineString", "coordinates": [[116.34655, 40.0011], [116.34632, 40.00601], [116.34579, 40.01363], [116.34575, 40.01411], [116.3456, 40.01632], [116.34549, 40.01797], [116.3455, 40.02031], [116.34536, 40.02277], [116.34511, 40.0238], [116.34461, 40.02452], [116.34408, 40.02564], [116.34293, 40.02725], [116.34138, 40.0293], [116.34105, 40.02965], [116.34074, 40.02996], [116.34035, 40.03029], [116.33974, 40.03075], [116.33926, 40.03114], [116.33883, 40.03146], [116.33854, 40.03174], [116.33801, 40.03235], [116.33684, 40.03389], [116.33629, 40.03459], [116.33597, 40.03504], [116.33568, 40.03525], [116.33506, 40.0355], [116.33422, 40.03576], [116.33305, 40.03588], [116.33226, 40.0358], [116.33188, 40.03577], [116.33086, 40.03549], [116.3291, 40.03497], [116.32786, 40.03483], [116.32697, 40.03479], [116.32468, 40.03465], [116.32064, 40.03438], [116.31892, 40.03429], [116.31837, 40.03434], [116.31765, 40.03452], [116.31581, 40.03519], [116.31387, 40.03589], [116.31329, 40.03609], [116.31265, 40.03637], [116.31219, 40.03664], [116.31195, 40.03681], [116.31099, 40.03758], [116.31052, 40.03804]]}, "properties": {"kind": "line", "line": "Changping Line", "colour": "#e56db1"}}, {"type": "Feature", "geometry": {"type": "LineString", "coordinates": [[116.30055, 40.05071], [116.30131, 40.04927], [116.30134, 40.0492], [116.30144, 40.04902]]}, "properties": {"kind": "line", "line": "Changping Line", "colour": "#e56db1"}}, {"type": "Feature", "geometry": {"type": "LineString", "coordinates": [[116.30061, 40.05074], [116.30113, 40.04975], [116.30139, 40.04925], [116.30151, 40.04903]]}, "properties": {"kind": "line", "line": "Changping Line", "colour": "#e56db1"}}, {"type": "Feature", "geometry": {"type": "LineString", "coordinates": [[116.31524, 39.89468], [116.31519, 39.89624], [116.31515, 39.90583], [116.31516, 39.90585], [116.31516, 39.90587], [116.31517, 39.9059], [116.31519, 39.90592], [116.31537, 39.90624], [116.31558, 39.90657], [116.3156, 39.9066], [116.31561, 39.90664], [116.31563, 39.90666], [116.31563, 39.90668], [116.31564, 39.9067], [116.31563, 39.90906], [116.31563, 39.90916], [116.31566, 39.90929], [116.3157, 39.90947], [116.31579, 39.90967], [116.31615, 39.91034], [116.31625, 39.91048], [116.3164, 39.91065], [116.31675, 39.91098], [116.31689, 39.9111], [116.31705, 39.91123], [116.31745, 39.91153], [116.31827, 39.91203], [116.31842, 39.91214], [116.31847, 39.91217], [116.31853, 39.91223], [116.31859, 39.91228], [116.31864, 39.91234], [116.31869, 39.9124], [116.31874, 39.91247], [116.31885, 39.91262], [116.31899, 39.91283], [116.31934, 39.91333], [116.31944, 39.91348], [116.31955, 39.91369], [116.31966, 39.91393], [116.31971, 39.91407], [116.31975, 39.91421], [116.31981, 39.91443], [116.31983, 39.91463], [116.31983, 39.91481], [116.31977, 39.91789], [116.31971, 39.92257], [116.31973, 39.92346], [116.31943, 39.93239], [116.31936, 39.93423], [116.31941, 39.93718], [116.31915, 39.94116]]}, "properties": {"kind": "line", "line": "Line 9", "colour": "#8fc31f"}}, {"type": "Feature", "geometry": {"type": "LineString", "coordinates": [[116.31518, 39.89094], [116.31522, 39.89171]]}, "properties": {"kind": "line", "line": "Line 9", "colour": "#8fc31f"}}, {"type": "Feature", "geometry": {"type": "LineString", "coordinates": [[116.42041, 39.84478], [116.41964, 39.84472]]}, "properties": {"kind": "line", "line": "", "colour": "#4a7fb5"}}, {"type": "Feature", "geometry": {"type": "LineString", "coordinates": [[116.41968, 39.84479], [116.41891, 39.84482]]}, "properties": {"kind": "line", "line": "", "colour": "#4a7fb5"}}, {"type": "Feature", "geometry": {"type": "LineString", "coordinates": [[116.42519, 39.84472], [116.42569, 39.84471], [116.42608, 39.8447], [116.42762, 39.84464], [116.42776, 39.84461], [116.4279, 39.84459]]}, "properties": {"kind": "line", "line": "", "colour": "#4a7fb5"}}, {"type": "Feature", "geometry": {"type": "LineString", "coordinates": [[116.42519, 39.84472], [116.42545, 39.84468], [116.42569, 39.84464]]}, "properties": {"kind": "line", "line": "", "colour": "#4a7fb5"}}, {"type": "Feature", "geometry": {"type": "LineString", "coordinates": [[116.42569, 39.84471], [116.42545, 39.84468], [116.42519, 39.84464]]}, "properties": {"kind": "line", "line": "", "colour": "#4a7fb5"}}, {"type": "Feature", "geometry": {"type": "LineString", "coordinates": [[116.41075, 39.98948], [116.41076, 39.99047]]}, "properties": {"kind": "line", "line": "Line 5", "colour": "#a6228c"}}, {"type": "Feature", "geometry": {"type": "LineString", "coordinates": [[116.4107, 39.99046], [116.41069, 39.98948]]}, "properties": {"kind": "line", "line": "Line 5", "colour": "#a6228c"}}, {"type": "Feature", "geometry": {"type": "LineString", "coordinates": [[116.41072, 39.99267], [116.4107, 39.99046]]}, "properties": {"kind": "line", "line": "Line 5", "colour": "#a6228c"}}, {"type": "Feature", "geometry": {"type": "LineString", "coordinates": [[116.41076, 39.99047], [116.41079, 39.99267]]}, "properties": {"kind": "line", "line": "Line 5", "colour": "#a6228c"}}, {"type": "Feature", "geometry": {"type": "LineString", "coordinates": [[116.43299, 39.90714], [116.43307, 39.90715], [116.43327, 39.90716], [116.43371, 39.90717]]}, "properties": {"kind": "line", "line": "", "colour": "#4a7fb5"}}, {"type": "Feature", "geometry": {"type": "LineString", "coordinates": [[116.43267, 39.90702], [116.4328, 39.90709], [116.43299, 39.90714]]}, "properties": {"kind": "line", "line": "", "colour": "#4a7fb5"}}, {"type": "Feature", "geometry": {"type": "LineString", "coordinates": [[116.68547, 39.86942], [116.68567, 39.86937], [116.68586, 39.86932], [116.68603, 39.86928], [116.68618, 39.86924], [116.68634, 39.86919], [116.68649, 39.86914], [116.68665, 39.86908], [116.68682, 39.86901], [116.68701, 39.86893], [116.68723, 39.86882], [116.68747, 39.8687], [116.68772, 39.86855], [116.68797, 39.8684], [116.68821, 39.86823], [116.68843, 39.86805], [116.68864, 39.86787], [116.68883, 39.86768], [116.689, 39.86749], [116.68915, 39.86729], [116.68926, 39.8671], [116.68935, 39.86692], [116.69164, 39.86203], [116.69177, 39.86173], [116.69187, 39.86145], [116.69193, 39.86118], [116.69196, 39.86093], [116.69195, 39.86067], [116.69191, 39.86042], [116.69184, 39.86015], [116.69173, 39.85987], [116.6916, 39.85957], [116.69143, 39.85925], [116.68918, 39.85534], [116.688, 39.85322], [116.68784, 39.85295]]}, "properties": {"kind": "line", "line": "Batong Line", "colour": "#a12b2f"}}, {"type": "Feature", "geometry": {"type": "LineString", "coordinates": [[116.22589, 39.85871], [116.22705, 39.85793], [116.22757, 39.85766], [116.22827, 39.85746], [116.22859, 39.85741], [116.2289, 39.85738]]}, "properties": {"kind": "line", "line": "Line 14", "colour": "#d5a3ce"}}, {"type": "Feature", "geometry": {"type": "LineString", "coordinates": [[116.22987, 39.85729], [116.23033, 39.85736], [116.23136, 39.85755], [116.23285, 39.85785], [116.2333, 39.85794], [116.23449, 39.85822]]}, "properties": {"kind": "line", "line": "Line 14", "colour": "#d5a3ce"}}, {"type": "Feature", "geometry": {"type": "LineString", "coordinates": [[116.2289, 39.85738], [116.22912, 39.85737], [116.22937, 39.85738], [116.22962, 39.85741], [116.23115, 39.85767], [116.23241, 39.85793], [116.23281, 39.858], [116.23324, 39.85809]]}, "properties": {"kind": "line", "line": "Line 14", "colour": "#d5a3ce"}}, {"type": "Feature", "geometry": {"type": "LineString", "coordinates": [[116.22653, 39.85782], [116.22717, 39.85751], [116.22811, 39.85727], [116.22846, 39.85724], [116.22912, 39.85723], [116.22987, 39.85729]]}, "properties": {"kind": "line", "line": "Line 14", "colour": "#d5a3ce"}}, {"type": "Feature", "geometry": {"type": "LineString", "coordinates": [[116.43001, 39.97677], [116.42968, 39.97626], [116.42934, 39.97576]]}, "properties": {"kind": "line", "line": "Line 13", "colour": "#f7c800"}}, {"type": "Feature", "geometry": {"type": "LineString", "coordinates": [[116.42938, 39.97575], [116.42972, 39.97625], [116.43006, 39.97675]]}, "properties": {"kind": "line", "line": "Line 13", "colour": "#f7c800"}}, {"type": "Feature", "geometry": {"type": "LineString", "coordinates": [[116.42932, 39.97567], [116.42938, 39.97575]]}, "properties": {"kind": "line", "line": "Line 13", "colour": "#f7c800"}}, {"type": "Feature", "geometry": {"type": "LineString", "coordinates": [[116.42934, 39.97576], [116.42929, 39.97568]]}, "properties": {"kind": "line", "line": "Line 13", "colour": "#f7c800"}}, {"type": "Feature", "geometry": {"type": "LineString", "coordinates": [[116.30211, 40.04803], [116.30244, 40.04754], [116.30329, 40.04648], [116.30369, 40.04597], [116.30392, 40.04569], [116.30424, 40.04536], [116.30469, 40.04493], [116.30529, 40.04443], [116.30577, 40.04405], [116.30614, 40.04366], [116.30643, 40.04329], [116.3074, 40.04188], [116.30789, 40.04121], [116.30888, 40.03997], [116.30892, 40.03991]]}, "properties": {"kind": "line", "line": "Changping Line", "colour": "#e56db1"}}, {"type": "Feature", "geometry": {"type": "LineString", "coordinates": [[116.30205, 40.04802], [116.30221, 40.04779], [116.30227, 40.0477], [116.3029, 40.04688], [116.30344, 40.04619], [116.30398, 40.04552], [116.30444, 40.04508], [116.30501, 40.04453], [116.30553, 40.04405], [116.30573, 40.04388], [116.30596, 40.04362], [116.30641, 40.04309], [116.30676, 40.04261], [116.30767, 40.04141], [116.30888, 40.03988]]}, "properties": {"kind": "line", "line": "Changping Line", "colour": "#e56db1"}}, {"type": "Feature", "geometry": {"type": "LineString", "coordinates": [[116.4114, 39.93967], [116.41148, 39.93971]]}, "properties": {"kind": "line", "line": "Airport Express", "colour": "#a28e6b"}}, {"type": "Feature", "geometry": {"type": "LineString", "coordinates": [[116.41255, 39.93973], [116.41271, 39.93969]]}, "properties": {"kind": "line", "line": "Airport Express", "colour": "#a28e6b"}}, {"type": "Feature", "geometry": {"type": "LineString", "coordinates": [[116.32873, 39.91282], [116.32875, 39.91395], [116.32875, 39.91416], [116.32872, 39.91589], [116.3287, 39.91759], [116.32849, 39.92125], [116.32849, 39.92157], [116.32845, 39.92195], [116.32841, 39.92245]]}, "properties": {"kind": "line", "line": "Line 16", "colour": "#6bae45"}}, {"type": "Feature", "geometry": {"type": "LineString", "coordinates": [[116.32899, 39.91282], [116.32901, 39.91394], [116.32902, 39.91418], [116.32865, 39.92168], [116.32858, 39.92244]]}, "properties": {"kind": "line", "line": "Line 16", "colour": "#6bae45"}}, {"type": "Feature", "geometry": {"type": "LineString", "coordinates": [[116.15867, 39.90766], [116.15865, 39.91388], [116.15865, 39.91494], [116.15861, 39.91549], [116.15854, 39.91579], [116.15849, 39.91602], [116.15842, 39.91626], [116.15829, 39.91649], [116.15811, 39.91671], [116.15775, 39.91707], [116.15645, 39.9182], [116.15629, 39.91833], [116.15618, 39.91846], [116.15586, 39.91906], [116.15573, 39.91933], [116.15564, 39.91957], [116.15553, 39.91999], [116.15526, 39.92089], [116.15501, 39.9217], [116.1549, 39.92214], [116.15487, 39.92239], [116.15484, 39.92261], [116.15483, 39.9228], [116.15478, 39.9235], [116.1548, 39.92471], [116.1548, 39.92509], [116.15479, 39.92529], [116.15472, 39.92556], [116.15465, 39.92584], [116.15458, 39.92598], [116.15382, 39.92758], [116.15353, 39.92815], [116.1534, 39.92833], [116.15327, 39.9285], [116.15308, 39.92872], [116.15176, 39.93021], [116.15075, 39.93136], [116.15046, 39.9317], [116.14985, 39.93236]]}, "properties": {"kind": "line", "line": "Line 11", "colour": "#5f2d8c"}}, {"type": "Feature", "geometry": {"type": "LineString", "coordinates": [[116.42777, 39.93971], [116.42777, 39.94028], [116.42771, 39.9406], [116.42769, 39.94572], [116.42768, 39.946], [116.42763, 39.94628], [116.42752, 39.94656], [116.42738, 39.94687], [116.42722, 39.94713], [116.42696, 39.94742], [116.42666, 39.94766], [116.42632, 39.94789], [116.42596, 39.94808], [116.42552, 39.94822], [116.42499, 39.94833], [116.42443, 39.94838], [116.42389, 39.94837], [116.42371, 39.94836], [116.41274, 39.94799], [116.41232, 39.94801], [116.41154, 39.94799], [116.41074, 39.94796], [116.41031, 39.94791], [116.40321, 39.9477], [116.40286, 39.94773], [116.40207, 39.94773], [116.40128, 39.94772], [116.40097, 39.94768], [116.38904, 39.94756], [116.38872, 39.94761], [116.38792, 39.9476], [116.38683, 39.94758], [116.38647, 39.94754], [116.36851, 39.9474], [116.36796, 39.94743], [116.36705, 39.94739], [116.36618, 39.94735], [116.36588, 39.94729], [116.36544, 39.94725], [116.36501, 39.9472], [116.36453, 39.9471], [116.36391, 39.94694], [116.36354, 39.94683], [116.36262, 39.94651], [116.3616, 39.9461], [116.36015, 39.94548], [116.35906, 39.94505], [116.35803, 39.94473], [116.35681, 39.94439], [116.35419, 39.94369], [116.35216, 39.94312], [116.3515, 39.94292], [116.35108, 39.94279], [116.35077, 39.94266], [116.35048, 39.9425], [116.35025, 39.94232], [116.34997, 39.94209], [116.34974, 39.94185], [116.34955, 39.94158], [116.34944, 39.9412], [116.34925, 39.94046], [116.34924, 39.94037], [116.34923, 39.94027], [116.34923, 39.94018], [116.34922, 39.94006], [116.34923, 39.93973], [116.34926, 39.93913]]}, "properties": {"kind": "line", "line": "Line 2", "colour": "#006ab7"}}, {"type": "Feature", "geometry": {"type": "LineString", "coordinates": [[116.3494, 39.93914], [116.34938, 39.93974], [116.34937, 39.94006], [116.34937, 39.94018], [116.34938, 39.94029], [116.34938, 39.94037], [116.34939, 39.94046], [116.34948, 39.9412], [116.3496, 39.94157], [116.34978, 39.94182], [116.35001, 39.94206], [116.35028, 39.9423], [116.35052, 39.94247], [116.35078, 39.94263], [116.3511, 39.94276], [116.35151, 39.94288], [116.35218, 39.94304], [116.35422, 39.94364], [116.35682, 39.94434], [116.35806, 39.94468], [116.35909, 39.945], [116.36018, 39.94543], [116.36164, 39.94605], [116.36264, 39.94644], [116.36357, 39.94677], [116.36394, 39.94689], [116.36454, 39.94706], [116.36502, 39.94716], [116.36544, 39.94721], [116.36575, 39.94723], [116.36589, 39.94725], [116.36619, 39.94723], [116.36706, 39.94727], [116.36797, 39.94731], [116.36851, 39.94738], [116.38656, 39.94751], [116.3868, 39.94747], [116.38792, 39.94748], [116.38872, 39.94749], [116.38905, 39.94754], [116.40097, 39.94765], [116.40128, 39.94761], [116.40207, 39.94761], [116.40279, 39.94761], [116.40286, 39.94761], [116.40321, 39.94767], [116.41031, 39.94787], [116.41075, 39.94785], [116.41155, 39.94787], [116.41233, 39.9479], [116.41274, 39.94796], [116.42389, 39.94833], [116.42442, 39.94834], [116.42451, 39.94834], [116.42498, 39.9483], [116.4255, 39.94818], [116.42589, 39.94804], [116.42628, 39.94786], [116.42663, 39.94763], [116.42691, 39.94739], [116.42716, 39.94711], [116.42732, 39.94687], [116.42746, 39.94655], [116.42758, 39.94628], [116.42763, 39.946], [116.42763, 39.94572], [116.42766, 39.9406], [116.42761, 39.94028], [116.42761, 39.9397]]}, "properties": {"kind": "line", "line": "Line 2", "colour": "#006ab7"}}, {"type": "Feature", "geometry": {"type": "LineString", "coordinates": [[116.35918, 39.81164], [116.35926, 39.81116]]}, "properties": {"kind": "line", "line": "Daxing Line", "colour": "#008e9c"}}, {"type": "Feature", "geometry": {"type": "LineString", "coordinates": [[116.35948, 39.81166], [116.35954, 39.81117]]}, "properties": {"kind": "line", "line": "Daxing Line", "colour": "#008e9c"}}, {"type": "Feature", "geometry": {"type": "LineString", "coordinates": [[116.35922, 39.81225], [116.35938, 39.81116]]}, "properties": {"kind": "line", "line": "", "colour": "#008193"}}, {"type": "Feature", "geometry": {"type": "LineString", "coordinates": [[116.35943, 39.81116], [116.35927, 39.81225]]}, "properties": {"kind": "line", "line": "", "colour": "#008193"}}, {"type": "Feature", "geometry": {"type": "LineString", "coordinates": [[116.1611, 39.90352], [116.15983, 39.90443], [116.15956, 39.90463], [116.15928, 39.90489], [116.15909, 39.90511], [116.15899, 39.90531], [116.15887, 39.90554], [116.15877, 39.90572], [116.15869, 39.90602], [116.15867, 39.9063], [116.15866, 39.90683], [116.15867, 39.90766]]}, "properties": {"kind": "line", "line": "Line 11", "colour": "#5f2d8c"}}, {"type": "Feature", "geometry": {"type": "LineString", "coordinates": [[116.15856, 39.90766], [116.15855, 39.90684], [116.15857, 39.90629], [116.1586, 39.906], [116.15869, 39.90567], [116.15878, 39.90546], [116.15889, 39.90527], [116.15901, 39.90506], [116.15921, 39.90484], [116.15948, 39.9046], [116.15972, 39.90441], [116.16104, 39.90346]]}, "properties": {"kind": "line", "line": "Line 11", "colour": "#5f2d8c"}}, {"type": "Feature", "geometry": {"type": "LineString", "coordinates": [[116.31052, 40.03804], [116.31019, 40.03835], [116.31014, 40.0384]]}, "properties": {"kind": "line", "line": "Changping Line", "colour": "#e56db1"}}, {"type": "Feature", "geometry": {"type": "LineString", "coordinates": [[116.3101, 40.03839], [116.31049, 40.03802]]}, "properties": {"kind": "line", "line": "Changping Line", "colour": "#e56db1"}}, {"type": "Feature", "geometry": {"type": "LineString", "coordinates": [[116.30888, 40.03988], [116.30948, 40.03909], [116.3101, 40.03839]]}, "properties": {"kind": "line", "line": "Changping Line", "colour": "#e56db1"}}, {"type": "Feature", "geometry": {"type": "LineString", "coordinates": [[116.30892, 40.03991], [116.30906, 40.03974], [116.30975, 40.03887], [116.31014, 40.0384]]}, "properties": {"kind": "line", "line": "Changping Line", "colour": "#e56db1"}}, {"type": "Feature", "geometry": {"type": "LineString", "coordinates": [[116.57065, 39.80864], [116.56901, 39.80927], [116.56763, 39.80959], [116.56639, 39.80996], [116.56523, 39.81034], [116.5639, 39.81097], [116.5614, 39.81241], [116.55507, 39.81608], [116.55423, 39.8165], [116.55314, 39.81681], [116.55203, 39.817], [116.54901, 39.81735], [116.54717, 39.81757], [116.5454, 39.81779], [116.54385, 39.81804], [116.543, 39.81828], [116.54224, 39.81853], [116.54171, 39.81886], [116.54105, 39.81948], [116.54052, 39.82007], [116.53776, 39.82385], [116.53723, 39.82453], [116.53659, 39.82511], [116.53567, 39.82586], [116.53333, 39.82704], [116.53148, 39.82791], [116.52973, 39.82865], [116.52827, 39.82918], [116.52695, 39.82964], [116.52613, 39.82986], [116.52423, 39.83018], [116.52269, 39.83062], [116.52083, 39.83135], [116.51926, 39.83208], [116.51819, 39.83276], [116.5154, 39.83431], [116.51377, 39.83496], [116.51189, 39.8355], [116.50757, 39.8366], [116.50421, 39.83744], [116.50315, 39.83769], [116.50192, 39.83792], [116.50065, 39.83804], [116.49753, 39.83833], [116.4962, 39.83859], [116.49544, 39.83884], [116.49457, 39.83936], [116.49359, 39.84006], [116.49113, 39.84204], [116.48988, 39.84311], [116.48916, 39.8437], [116.48669, 39.84568], [116.48515, 39.8464], [116.48361, 39.84692], [116.48197, 39.8473], [116.48061, 39.84756], [116.47952, 39.84789], [116.47843, 39.84828], [116.4777, 39.84866], [116.47707, 39.84902], [116.4765, 39.84949], [116.47473, 39.85118], [116.47185, 39.85415], [116.47065, 39.85528], [116.46983, 39.85606], [116.46866, 39.85692], [116.46793, 39.85742], [116.46728, 39.85765], [116.46082, 39.85937], [116.46012, 39.85951], [116.45975, 39.85971], [116.45928, 39.86015], [116.45767, 39.86162], [116.45705, 39.86207], [116.45452, 39.86357]]}, "properties": {"kind": "line", "line": "Line 17", "colour": "#00a1a5"}}, {"type": "Feature", "geometry": {"type": "LineString", "coordinates": [[116.45442, 39.86349], [116.45696, 39.86199], [116.45757, 39.86155], [116.45918, 39.86008], [116.45966, 39.85964], [116.46006, 39.85941], [116.46078, 39.85927], [116.46723, 39.85755], [116.46785, 39.85733], [116.46857, 39.85685], [116.46973, 39.85599], [116.47054, 39.85522], [116.47174, 39.85409], [116.47462, 39.85111], [116.47639, 39.84942], [116.47698, 39.84894], [116.47762, 39.84857], [116.47836, 39.84819], [116.47946, 39.8478], [116.48057, 39.84746], [116.48193, 39.8472], [116.48356, 39.84682], [116.48509, 39.84631], [116.4866, 39.84559], [116.48906, 39.84363], [116.48979, 39.84299], [116.49103, 39.84197], [116.49349, 39.83998], [116.49449, 39.83928], [116.49537, 39.83875], [116.49615, 39.83849], [116.49751, 39.83823], [116.50064, 39.83793], [116.5019, 39.83782], [116.50311, 39.83759], [116.50417, 39.83734], [116.50753, 39.8365], [116.51185, 39.8354], [116.51371, 39.83487], [116.51533, 39.83423], [116.5181, 39.83268], [116.51918, 39.832], [116.52077, 39.83126], [116.52263, 39.83053], [116.52419, 39.83009], [116.5261, 39.82976], [116.5269, 39.82954], [116.52821, 39.82909], [116.52967, 39.82856], [116.53141, 39.82782], [116.53326, 39.82696], [116.53559, 39.82578], [116.53649, 39.82504], [116.53712, 39.82447], [116.53764, 39.8238], [116.5404, 39.82001], [116.54094, 39.81942], [116.54162, 39.81879], [116.54216, 39.81844], [116.54295, 39.81818], [116.54382, 39.81794], [116.54537, 39.81768], [116.54684, 39.81749], [116.54715, 39.81747], [116.54899, 39.81725], [116.55201, 39.8169], [116.5531, 39.81671], [116.55417, 39.81641], [116.555, 39.816], [116.56132, 39.81233], [116.56382, 39.81089], [116.56517, 39.81024], [116.56634, 39.80986], [116.56758, 39.8095], [116.56896, 39.80917], [116.57058, 39.80855]]}, "properties": {"kind": "line", "line": "Line 17", "colour": "#00a1a5"}}, {"type": "Feature", "geometry": {"type": "LineString", "coordinates": [[116.57058, 39.80855], [116.57208, 39.80797], [116.57967, 39.80525], [116.58182, 39.80467], [116.58403, 39.80379], [116.58517, 39.80296], [116.58584, 39.80249], [116.58924, 39.80011], [116.59061, 39.79915], [116.59321, 39.79733], [116.59672, 39.79467], [116.59878, 39.79305], [116.60064, 39.79205], [116.60177, 39.79187], [116.60525, 39.7918]]}, "properties": {"kind": "line", "line": "Line 17", "colour": "#00a1a5"}}, {"type": "Feature", "geometry": {"type": "LineString", "coordinates": [[116.60525, 39.79195], [116.60185, 39.79202], [116.60072, 39.79227], [116.59891, 39.79328], [116.59812, 39.79383], [116.59679, 39.79489], [116.5933, 39.79741], [116.59069, 39.79924], [116.58934, 39.80018], [116.58594, 39.80256], [116.58526, 39.80303], [116.58411, 39.80388], [116.58188, 39.80477], [116.57972, 39.80535], [116.57214, 39.80806], [116.57065, 39.80864]]}, "properties": {"kind": "line", "line": "Line 17", "colour": "#00a1a5"}}, {"type": "Feature", "geometry": {"type": "LineString", "coordinates": [[116.36595, 39.81107], [116.36354, 39.81105], [116.36322, 39.81105], [116.36303, 39.81105], [116.36138, 39.81104]]}, "properties": {"kind": "line", "line": "Line 19", "colour": "#0079c1"}}, {"type": "Feature", "geometry": {"type": "LineString", "coordinates": [[116.36595, 39.81111], [116.36354, 39.8111], [116.36322, 39.8111], [116.36303, 39.8111], [116.36138, 39.81108]]}, "properties": {"kind": "line", "line": "Line 19", "colour": "#0079c1"}}, {"type": "Feature", "geometry": {"type": "LineString", "coordinates": [[116.40482, 40.04779], [116.40481, 40.04792]]}, "properties": {"kind": "line", "line": "Line 5", "colour": "#a6228c"}}, {"type": "Feature", "geometry": {"type": "LineString", "coordinates": [[116.40481, 40.04792], [116.4048, 40.048]]}, "properties": {"kind": "line", "line": "Line 5", "colour": "#a6228c"}}, {"type": "Feature", "geometry": {"type": "LineString", "coordinates": [[116.40477, 40.04788], [116.40477, 40.04779]]}, "properties": {"kind": "line", "line": "Line 5", "colour": "#a6228c"}}, {"type": "Feature", "geometry": {"type": "LineString", "coordinates": [[116.40477, 40.04796], [116.40477, 40.04788]]}, "properties": {"kind": "line", "line": "Line 5", "colour": "#a6228c"}}, {"type": "Feature", "geometry": {"type": "LineString", "coordinates": [[116.3003, 40.05117], [116.30055, 40.05071]]}, "properties": {"kind": "line", "line": "Changping Line", "colour": "#e56db1"}}, {"type": "Feature", "geometry": {"type": "LineString", "coordinates": [[116.30061, 40.05074], [116.30036, 40.05119]]}, "properties": {"kind": "line", "line": "Changping Line", "colour": "#e56db1"}}, {"type": "Feature", "geometry": {"type": "LineString", "coordinates": [[116.30151, 40.04903], [116.3018, 40.04847], [116.30211, 40.04803]]}, "properties": {"kind": "line", "line": "Changping Line", "colour": "#e56db1"}}, {"type": "Feature", "geometry": {"type": "LineString", "coordinates": [[116.30144, 40.04902], [116.30164, 40.04863], [116.30205, 40.04802]]}, "properties": {"kind": "line", "line": "Changping Line", "colour": "#e56db1"}}, {"type": "Feature", "geometry": {"type": "LineString", "coordinates": [[116.29773, 40.05584], [116.29913, 40.05332], [116.29943, 40.05279], [116.29962, 40.05246], [116.29977, 40.05219]]}, "properties": {"kind": "line", "line": "Changping Line", "colour": "#e56db1"}}, {"type": "Feature", "geometry": {"type": "LineString", "coordinates": [[116.29982, 40.05221], [116.29977, 40.0523], [116.29968, 40.05247], [116.29778, 40.05586]]}, "properties": {"kind": "line", "line": "Changping Line", "colour": "#e56db1"}}, {"type": "Feature", "geometry": {"type": "LineString", "coordinates": [[116.29778, 40.05586], [116.29622, 40.05866], [116.29602, 40.059], [116.29579, 40.05936], [116.2954, 40.05994], [116.29512, 40.06033], [116.29409, 40.06172], [116.29374, 40.06221], [116.29342, 40.06268], [116.29317, 40.06308], [116.29293, 40.06354], [116.29274, 40.06399], [116.2926, 40.06441], [116.2925, 40.06484], [116.29225, 40.0659], [116.29221, 40.06608], [116.29214, 40.06628], [116.29206, 40.06649], [116.29195, 40.06674], [116.29183, 40.06699], [116.29166, 40.06731], [116.29132, 40.06796], [116.291, 40.06855], [116.29064, 40.06918], [116.29043, 40.06957], [116.28987, 40.07061], [116.28978, 40.07076]]}, "properties": {"kind": "line", "line": "Changping Line", "colour": "#e56db1"}}, {"type": "Feature", "geometry": {"type": "LineString", "coordinates": [[116.28972, 40.07074], [116.28981, 40.07058], [116.29037, 40.06955], [116.29057, 40.06916], [116.29093, 40.06853], [116.29126, 40.06794], [116.2916, 40.06729], [116.29177, 40.06697], [116.29189, 40.06672], [116.29199, 40.06647], [116.29208, 40.06626], [116.29214, 40.06607], [116.29218, 40.06589], [116.29243, 40.06483], [116.29253, 40.0644], [116.29267, 40.06397], [116.29286, 40.06352], [116.29311, 40.06306], [116.29336, 40.06266], [116.29368, 40.06219], [116.29403, 40.0617], [116.29506, 40.0603], [116.29534, 40.05992], [116.29573, 40.05934], [116.29596, 40.05898], [116.29615, 40.05864], [116.29773, 40.05584]]}, "properties": {"kind": "line", "line": "Changping Line", "colour": "#e56db1"}}, {"type": "Feature", "geometry": {"type": "LineString", "coordinates": [[116.17854, 39.74292], [116.17867, 39.74426], [116.17892, 39.74611], [116.17895, 39.74659], [116.17899, 39.74707], [116.17901, 39.7474], [116.17904, 39.74815], [116.17906, 39.74856], [116.17915, 39.74969], [116.17921, 39.75021], [116.17928, 39.75061], [116.17935, 39.75096], [116.17946, 39.75128], [116.17957, 39.75153], [116.17969, 39.75183], [116.18115, 39.75471], [116.18151, 39.75537], [116.18174, 39.75583], [116.18312, 39.75865], [116.18321, 39.75884], [116.18346, 39.75936], [116.1837, 39.75986], [116.18388, 39.76025], [116.18415, 39.76065], [116.18433, 39.76089], [116.1846, 39.76117], [116.18491, 39.76142], [116.18519, 39.76163], [116.18551, 39.76182], [116.1858, 39.76196], [116.18615, 39.76212], [116.18651, 39.76224], [116.18689, 39.76234], [116.18725, 39.76241], [116.18767, 39.76246], [116.18809, 39.76248], [116.19303, 39.76244], [116.19717, 39.76235], [116.19959, 39.76239], [116.2017, 39.76246], [116.20269, 39.76248], [116.20316, 39.76248], [116.20488, 39.76243], [116.20575, 39.76242], [116.20651, 39.76244], [116.20725, 39.76247], [116.20794, 39.7625], [116.20854, 39.76257]]}, "properties": {"kind": "line", "line": "Fangshan Line", "colour": "#d4802a"}}, {"type": "Feature", "geometry": {"type": "LineString", "coordinates": [[116.20853, 39.76268], [116.20793, 39.76262], [116.20725, 39.7626], [116.2065, 39.76258], [116.20576, 39.76256], [116.20488, 39.76254], [116.20317, 39.76254], [116.20269, 39.76252], [116.2017, 39.76248], [116.19959, 39.76241], [116.19717, 39.76238], [116.19303, 39.76247], [116.18809, 39.7625], [116.18767, 39.76249], [116.18725, 39.76246], [116.18687, 39.76239], [116.18648, 39.76229], [116.18613, 39.76217], [116.18577, 39.76203], [116.18546, 39.76189], [116.18513, 39.7617], [116.18483, 39.76148], [116.18451, 39.76126], [116.18421, 39.76095], [116.18403, 39.76072], [116.18374, 39.76028], [116.18355, 39.7599], [116.1833, 39.75939], [116.18305, 39.75888], [116.1829, 39.75857], [116.18168, 39.75605], [116.18137, 39.75542], [116.18109, 39.75475], [116.17966, 39.75184], [116.17953, 39.75153], [116.17943, 39.75128], [116.17932, 39.75097], [116.17924, 39.75061], [116.17917, 39.75022], [116.17911, 39.74969], [116.17899, 39.74855], [116.17894, 39.74813], [116.17884, 39.74741], [116.17878, 39.74709], [116.17873, 39.7466], [116.1787, 39.74612], [116.17864, 39.74429], [116.1785, 39.74292]]}, "properties": {"kind": "line", "line": "Fangshan Line", "colour": "#d4802a"}}, {"type": "Feature", "geometry": {"type": "LineString", "coordinates": [[116.1785, 39.74292], [116.1784, 39.74184], [116.17832, 39.741]]}, "properties": {"kind": "line", "line": "Fangshan Line", "colour": "#d4802a"}}, {"type": "Feature", "geometry": {"type": "LineString", "coordinates": [[116.17836, 39.74099], [116.17843, 39.74184], [116.17854, 39.74292]]}, "properties": {"kind": "line", "line": "Fangshan Line", "colour": "#d4802a"}}, {"type": "Feature", "geometry": {"type": "LineString", "coordinates": [[116.34574, 40.08872], [116.34647, 40.08873], [116.34693, 40.08873], [116.34745, 40.08873], [116.34806, 40.08876], [116.34876, 40.08879], [116.34953, 40.08884], [116.35032, 40.08891], [116.35109, 40.08898], [116.35183, 40.08904], [116.35251, 40.08908], [116.35309, 40.08909], [116.35355, 40.08907], [116.35395, 40.08903], [116.35435, 40.08897], [116.35474, 40.08889], [116.35511, 40.08878], [116.35546, 40.08864], [116.35576, 40.08846], [116.35602, 40.08824], [116.35622, 40.08797], [116.35634, 40.08765], [116.35639, 40.08727], [116.3564, 40.08687], [116.35641, 40.08649], [116.35643, 40.08613], [116.35644, 40.08577], [116.35647, 40.08543], [116.35649, 40.08509], [116.35652, 40.08476], [116.35655, 40.08442], [116.35659, 40.08409], [116.35662, 40.08374], [116.35667, 40.0834], [116.35671, 40.08307], [116.35676, 40.08277], [116.3568, 40.08248], [116.35684, 40.0822], [116.35688, 40.08194], [116.35692, 40.0817], [116.35695, 40.08148], [116.35698, 40.08127], [116.357, 40.08108], [116.35702, 40.0809], [116.35703, 40.08075], [116.35705, 40.08062], [116.35706, 40.08051], [116.35707, 40.08041], [116.35708, 40.08034], [116.35709, 40.08027], [116.35709, 40.08025], [116.35709, 40.08023]]}, "properties": {"kind": "line", "line": "", "colour": "#4a7fb5"}}, {"type": "Feature", "geometry": {"type": "LineString", "coordinates": [[116.35724, 40.08033], [116.35723, 40.08042], [116.35721, 40.08067], [116.35717, 40.08105], [116.35713, 40.08152], [116.35707, 40.08207], [116.35702, 40.08267], [116.35695, 40.08327], [116.35689, 40.08385], [116.35684, 40.08439], [116.35679, 40.08484], [116.35675, 40.08523], [116.35672, 40.08557], [116.35671, 40.08588], [116.35672, 40.08616], [116.35673, 40.08642], [116.35676, 40.08668], [116.35679, 40.08692], [116.35683, 40.08717], [116.35688, 40.08744], [116.35693, 40.08772], [116.35695, 40.088], [116.35691, 40.08826], [116.35681, 40.08849], [116.35667, 40.08869], [116.35647, 40.08887], [116.35622, 40.08903], [116.35594, 40.08916], [116.35562, 40.08927], [116.35526, 40.08936], [116.35487, 40.08943], [116.35445, 40.08948], [116.35401, 40.0895], [116.35356, 40.08949], [116.35309, 40.08947], [116.35262, 40.08943], [116.35216, 40.08939], [116.3517, 40.08933], [116.35136, 40.08927], [116.35098, 40.0892], [116.35051, 40.08911], [116.35013, 40.08905], [116.34976, 40.089], [116.34934, 40.08895], [116.34893, 40.08891], [116.34854, 40.08889], [116.34807, 40.08885], [116.34767, 40.08883], [116.34723, 40.08881], [116.34722, 40.08881], [116.34685, 40.0888], [116.34646, 40.08879], [116.34611, 40.08878], [116.34573, 40.08877]]}, "properties": {"kind": "line", "line": "", "colour": "#4a7fb5"}}, {"type": "Feature", "geometry": {"type": "LineString", "coordinates": [[116.33432, 40.08812], [116.33943, 40.08843], [116.3427, 40.08856], [116.34426, 40.08865], [116.34574, 40.08872]]}, "properties": {"kind": "line", "line": "", "colour": "#4a7fb5"}}, {"type": "Feature", "geometry": {"type": "LineString", "coordinates": [[116.34573, 40.08877], [116.34429, 40.08871], [116.3426, 40.08861], [116.33954, 40.0885], [116.33491, 40.0882], [116.3348, 40.08819], [116.33297, 40.08805], [116.33273, 40.08803], [116.33078, 40.08788]]}, "properties": {"kind": "line", "line": "", "colour": "#4a7fb5"}}, {"type": "Feature", "geometry": {"type": "LineString", "coordinates": [[116.34152, 39.84442], [116.32874, 39.84322], [116.32735, 39.84321], [116.32594, 39.84321], [116.3158, 39.84323], [116.31414, 39.84323], [116.31084, 39.84321], [116.30906, 39.84326]]}, "properties": {"kind": "line", "line": "Line 10", "colour": "#009bc0"}}, {"type": "Feature", "geometry": {"type": "LineString", "coordinates": [[116.30904, 39.84312], [116.31072, 39.84312], [116.31414, 39.84314], [116.31553, 39.84313], [116.32593, 39.84313], [116.32735, 39.84313], [116.32874, 39.84313], [116.34152, 39.84434]]}, "properties": {"kind": "line", "line": "Line 10", "colour": "#009bc0"}}, {"type": "Feature", "geometry": {"type": "LineString", "coordinates": [[116.34176, 39.84436], [116.34312, 39.84449]]}, "properties": {"kind": "line", "line": "Line 10", "colour": "#009bc0"}}, {"type": "Feature", "geometry": {"type": "LineString", "coordinates": [[116.34311, 39.84457], [116.34177, 39.84444]]}, "properties": {"kind": "line", "line": "Line 10", "colour": "#009bc0"}}, {"type": "Feature", "geometry": {"type": "LineString", "coordinates": [[116.31544, 40.07442], [116.31629, 40.07455], [116.31685, 40.07465], [116.31745, 40.07476], [116.31805, 40.0749], [116.31855, 40.07507], [116.3243, 40.07712], [116.3258, 40.07761], [116.32728, 40.07793], [116.33004, 40.07837], [116.33321, 40.07863], [116.33775, 40.07888], [116.34648, 40.07929], [116.35396, 40.07956], [116.35675, 40.07968], [116.36081, 40.07985], [116.36753, 40.08037], [116.3698, 40.08051], [116.3705, 40.08055], [116.37165, 40.08063], [116.37522, 40.08089], [116.3764, 40.08075], [116.37777, 40.0803], [116.37825, 40.08], [116.37861, 40.0797], [116.37901, 40.0793], [116.37928, 40.07899], [116.37957, 40.07852], [116.37974, 40.07812], [116.37991, 40.07757], [116.3802, 40.07653], [116.38046, 40.07544], [116.38107, 40.07289], [116.38195, 40.07159], [116.38289, 40.07104], [116.38431, 40.07083], [116.38728, 40.0713], [116.39282, 40.07238], [116.39458, 40.07246], [116.39583, 40.07252], [116.39718, 40.07252], [116.40071, 40.07254], [116.40873, 40.07253], [116.41771, 40.07262], [116.42028, 40.07262], [116.42398, 40.07263], [116.42517, 40.07258], [116.42628, 40.07246], [116.4274, 40.07202], [116.42846, 40.07129], [116.42894, 40.07067], [116.42899, 40.06995], [116.42882, 40.06921], [116.4288, 40.06858], [116.42895, 40.06811], [116.42935, 40.06752], [116.42998, 40.06715], [116.43092, 40.06697], [116.43194, 40.06693], [116.43427, 40.06698], [116.43782, 40.06698]]}, "properties": {"kind": "line", "line": "Line 18", "colour": "#4a7fb5"}}, {"type": "Feature", "geometry": {"type": "LineString", "coordinates": [[116.42632, 39.84477], [116.42438, 39.84477], [116.4234, 39.84478], [116.42167, 39.84478], [116.42041, 39.84478], [116.41968, 39.84479], [116.41923, 39.84485]]}, "properties": {"kind": "line", "line": "Line 10", "colour": "#009bc0"}}, {"type": "Feature", "geometry": {"type": "LineString", "coordinates": [[116.42438, 39.84477], [116.42519, 39.84472]]}, "properties": {"kind": "line", "line": "", "colour": "#4a7fb5"}}, {"type": "Feature", "geometry": {"type": "LineString", "coordinates": [[116.105, 39.72768], [116.10535, 39.7279], [116.10559, 39.72815], [116.10573, 39.72841], [116.1058, 39.7286], [116.10582, 39.72883], [116.10579, 39.72906], [116.10567, 39.72945], [116.10554, 39.72964], [116.10529, 39.72987], [116.10498, 39.73008], [116.10464, 39.73022], [116.1044, 39.73028], [116.10392, 39.73034], [116.1026, 39.7305]]}, "properties": {"kind": "line", "line": "", "colour": "#4a7fb5"}}, {"type": "Feature", "geometry": {"type": "LineString", "coordinates": [[116.10411, 39.72746], [116.10434, 39.72748], [116.10469, 39.72756], [116.105, 39.72768]]}, "properties": {"kind": "line", "line": "", "colour": "#4a7fb5"}}, {"type": "Feature", "geometry": {"type": "LineString", "coordinates": [[116.09635, 39.72739], [116.09859, 39.72733], [116.09894, 39.72735], [116.09936, 39.7274], [116.09995, 39.72749], [116.10039, 39.72753], [116.10079, 39.72752]]}, "properties": {"kind": "line", "line": "Yanfang Line", "colour": "#f2a900"}}, {"type": "Feature", "geometry": {"type": "LineString", "coordinates": [[116.10079, 39.72752], [116.1012, 39.72752], [116.10169, 39.72751], [116.10411, 39.72746]]}, "properties": {"kind": "line", "line": "Yanfang Line", "colour": "#f2a900"}}, {"type": "Feature", "geometry": {"type": "LineString", "coordinates": [[116.68547, 39.86942], [116.68526, 39.86948], [116.68505, 39.86953], [116.68484, 39.86959], [116.68463, 39.86964], [116.68443, 39.8697], [116.68425, 39.86975], [116.68407, 39.86979], [116.68394, 39.86983], [116.68381, 39.86986], [116.68221, 39.87027], [116.68164, 39.87041], [116.68136, 39.87048], [116.68125, 39.87051], [116.68028, 39.87077], [116.67929, 39.87103], [116.67916, 39.87107], [116.67902, 39.87111], [116.67885, 39.87115], [116.67867, 39.8712], [116.67849, 39.87124], [116.67831, 39.87129], [116.67814, 39.87133], [116.67799, 39.87137], [116.67785, 39.87141], [116.67775, 39.87144], [116.67765, 39.87146]]}, "properties": {"kind": "line", "line": "Batong Line", "colour": "#a12b2f"}}, {"type": "Feature", "geometry": {"type": "LineString", "coordinates": [[116.68546, 39.86938], [116.68523, 39.86944], [116.68499, 39.8695], [116.68474, 39.86957], [116.6845, 39.86963], [116.68428, 39.86969], [116.68408, 39.86974], [116.6838, 39.86981], [116.68319, 39.86997], [116.68274, 39.87008], [116.68218, 39.87022], [116.68162, 39.87037], [116.68123, 39.87047], [116.68026, 39.87072], [116.67927, 39.87098], [116.67915, 39.87101], [116.67901, 39.87105], [116.67887, 39.87109], [116.67871, 39.87113], [116.67854, 39.87118], [116.67837, 39.87123], [116.6782, 39.87127], [116.67804, 39.87132], [116.67789, 39.87136], [116.67774, 39.8714], [116.67764, 39.87143]]}, "properties": {"kind": "line", "line": "Batong Line", "colour": "#a12b2f"}}, {"type": "Feature", "geometry": {"type": "LineString", "coordinates": [[116.68014, 39.8482], [116.67676, 39.84823], [116.67555, 39.84825], [116.67352, 39.84825]]}, "properties": {"kind": "line", "line": "Line 7", "colour": "#f2a900"}}, {"type": "Feature", "geometry": {"type": "LineString", "coordinates": [[116.68013, 39.84793], [116.68045, 39.84793], [116.68093, 39.84793], [116.68153, 39.84797], [116.68223, 39.84805], [116.68299, 39.84822], [116.68379, 39.84848], [116.68459, 39.84886], [116.68537, 39.84938], [116.68609, 39.85007], [116.68672, 39.85094]]}, "properties": {"kind": "line", "line": "Batong Line", "colour": "#a12b2f"}}, {"type": "Feature", "geometry": {"type": "LineString", "coordinates": [[116.68652, 39.85101], [116.68595, 39.85018], [116.68533, 39.84952], [116.68466, 39.84902], [116.68397, 39.84865], [116.68326, 39.84839], [116.68256, 39.84822], [116.68188, 39.84812], [116.68124, 39.84808], [116.68065, 39.84806], [116.68012, 39.84806]]}, "properties": {"kind": "line", "line": "Batong Line", "colour": "#a12b2f"}}, {"type": "Feature", "geometry": {"type": "LineString", "coordinates": [[116.68652, 39.85101], [116.68662, 39.85118], [116.68675, 39.85137], [116.68689, 39.85157], [116.68704, 39.85178], [116.68719, 39.85199], [116.68734, 39.8522], [116.68749, 39.85241], [116.68762, 39.85261], [116.68774, 39.85279], [116.68784, 39.85295]]}, "properties": {"kind": "line", "line": "Batong Line", "colour": "#a12b2f"}}, {"type": "Feature", "geometry": {"type": "LineString", "coordinates": [[116.68766, 39.853], [116.68755, 39.85279], [116.68746, 39.85261], [116.68739, 39.85244], [116.68733, 39.85227], [116.68727, 39.8521], [116.6872, 39.85192], [116.68712, 39.85172], [116.68702, 39.85149], [116.68689, 39.85124], [116.68672, 39.85094]]}, "properties": {"kind": "line", "line": "Batong Line", "colour": "#a12b2f"}}, {"type": "Feature", "geometry": {"type": "LineString", "coordinates": [[116.68789, 39.85346], [116.68777, 39.85327], [116.68617, 39.85067]]}, "properties": {"kind": "line", "line": "Line 7", "colour": "#f2a900"}}, {"type": "Feature", "geometry": {"type": "LineString", "coordinates": [[116.68014, 39.84809], [116.68051, 39.84809], [116.68099, 39.8481], [116.68157, 39.84814], [116.68221, 39.84823], [116.6829, 39.84837], [116.68361, 39.8486], [116.68432, 39.84893], [116.68501, 39.84938], [116.68565, 39.84996], [116.68617, 39.85067]]}, "properties": {"kind": "line", "line": "Line 7", "colour": "#f2a900"}}, {"type": "Feature", "geometry": {"type": "LineString", "coordinates": [[116.68014, 39.8482], [116.68087, 39.84822], [116.68159, 39.84829], [116.68229, 39.8484], [116.68296, 39.84857], [116.68359, 39.84879], [116.68418, 39.84906], [116.68473, 39.84939], [116.68522, 39.84978], [116.68565, 39.85022], [116.68601, 39.85072]]}, "properties": {"kind": "line", "line": "Line 7", "colour": "#f2a900"}}, {"type": "Feature", "geometry": {"type": "LineString", "coordinates": [[116.68013, 39.84793], [116.67678, 39.84792], [116.67555, 39.84792], [116.67352, 39.84793]]}, "properties": {"kind": "line", "line": "Batong Line", "colour": "#a12b2f"}}, {"type": "Feature", "geometry": {"type": "LineString", "coordinates": [[116.68012, 39.84806], [116.67608, 39.84807], [116.67563, 39.84807], [116.67555, 39.84807], [116.67352, 39.84808]]}, "properties": {"kind": "line", "line": "Batong Line", "colour": "#a12b2f"}}, {"type": "Feature", "geometry": {"type": "LineString", "coordinates": [[116.68014, 39.84809], [116.67676, 39.8481], [116.67563, 39.8481], [116.67555, 39.8481], [116.67352, 39.84811]]}, "properties": {"kind": "line", "line": "Line 7", "colour": "#f2a900"}}, {"type": "Feature", "geometry": {"type": "LineString", "coordinates": [[116.67727, 39.86162], [116.67699, 39.86165], [116.67675, 39.86169], [116.67654, 39.86174], [116.67635, 39.86178], [116.67617, 39.86183], [116.676, 39.86188], [116.67583, 39.86192], [116.67565, 39.86197], [116.67546, 39.86202], [116.67525, 39.86206], [116.67501, 39.8621], [116.67477, 39.86214], [116.67452, 39.86217], [116.67427, 39.86219], [116.67402, 39.86221], [116.67379, 39.86222], [116.67356, 39.86223], [116.67335, 39.86224], [116.67317, 39.86224], [116.673, 39.86224]]}, "properties": {"kind": "line", "line": "Line 7", "colour": "#f2a900"}}, {"type": "Feature", "geometry": {"type": "LineString", "coordinates": [[116.67301, 39.86235], [116.67344, 39.86234], [116.67388, 39.86231], [116.67433, 39.86228], [116.67478, 39.86224], [116.67524, 39.86219], [116.67569, 39.86213], [116.67612, 39.86208], [116.67655, 39.86202], [116.67695, 39.86197], [116.67733, 39.86191]]}, "properties": {"kind": "line", "line": "Line 7", "colour": "#f2a900"}}, {"type": "Feature", "geometry": {"type": "LineString", "coordinates": [[116.68122, 39.86148], [116.68173, 39.86143], [116.68223, 39.86139], [116.68271, 39.86137], [116.68317, 39.86136], [116.6836, 39.86136], [116.684, 39.86136], [116.68435, 39.86137], [116.68466, 39.86138], [116.68492, 39.86139], [116.68513, 39.86139], [116.68534, 39.8614], [116.68562, 39.8614], [116.68597, 39.8614], [116.68635, 39.86138], [116.68678, 39.86135], [116.68723, 39.86129], [116.68768, 39.86121], [116.68814, 39.86109], [116.68859, 39.86094], [116.68901, 39.86074], [116.68938, 39.8605], [116.68969, 39.86021], [116.68994, 39.85988], [116.69011, 39.85951], [116.69021, 39.8591], [116.69024, 39.85864], [116.6902, 39.85815], [116.69008, 39.85761], [116.68988, 39.85704], [116.68961, 39.85643]]}, "properties": {"kind": "line", "line": "Line 7", "colour": "#f2a900"}}, {"type": "Feature", "geometry": {"type": "LineString", "coordinates": [[116.68945, 39.85646], [116.68976, 39.85706], [116.68997, 39.85763], [116.69009, 39.85815], [116.69012, 39.85864], [116.69007, 39.85909], [116.68995, 39.85949], [116.68976, 39.85985], [116.68952, 39.86017], [116.68922, 39.86045], [116.68888, 39.86069], [116.68851, 39.86088], [116.68812, 39.86102], [116.68773, 39.86112], [116.68733, 39.86119], [116.68694, 39.86123], [116.68656, 39.86125], [116.68619, 39.86126], [116.68586, 39.86125], [116.68556, 39.86124], [116.68531, 39.86124], [116.68509, 39.86124], [116.68489, 39.86124], [116.68472, 39.86123], [116.68456, 39.86123], [116.6844, 39.86123], [116.68425, 39.86123], [116.68408, 39.86123], [116.6839, 39.86123], [116.68369, 39.86122], [116.68346, 39.86122], [116.68322, 39.86122], [116.683, 39.86121], [116.68278, 39.86119], [116.68258, 39.86118], [116.68237, 39.86116], [116.68216, 39.86115], [116.68194, 39.86114], [116.6817, 39.86114], [116.68145, 39.86115], [116.68116, 39.86118]]}, "properties": {"kind": "line", "line": "Line 7", "colour": "#f2a900"}}, {"type": "Feature", "geometry": {"type": "LineString", "coordinates": [[116.67727, 39.86162], [116.67948, 39.86137], [116.6803, 39.86128], [116.68116, 39.86118]]}, "properties": {"kind": "line", "line": "Line 7", "colour": "#f2a900"}}, {"type": "Feature", "geometry": {"type": "LineString", "coordinates": [[116.67733, 39.86191], [116.67953, 39.86167], [116.68036, 39.86157], [116.68122, 39.86148]]}, "properties": {"kind": "line", "line": "Line 7", "colour": "#f2a900"}}, {"type": "Feature", "geometry": {"type": "LineString", "coordinates": [[116.68945, 39.85646], [116.68886, 39.85544], [116.68773, 39.85352], [116.68601, 39.85072]]}, "properties": {"kind": "line", "line": "Line 7", "colour": "#f2a900"}}, {"type": "Feature", "geometry": {"type": "LineString", "coordinates": [[116.68789, 39.85346], [116.689, 39.85539], [116.68961, 39.85643]]}, "properties": {"kind": "line", "line": "Line 7", "colour": "#f2a900"}}, {"type": "Feature", "geometry": {"type": "LineString", "coordinates": [[116.32847, 40.06955], [116.32746, 40.06956]]}, "properties": {"kind": "line", "line": "Line 13", "colour": "#f7c800"}}, {"type": "Feature", "geometry": {"type": "LineString", "coordinates": [[116.33257, 40.06953], [116.33124, 40.06953], [116.33073, 40.06953], [116.32991, 40.06953], [116.32897, 40.06954]]}, "properties": {"kind": "line", "line": "Line 13", "colour": "#f7c800"}}, {"type": "Feature", "geometry": {"type": "LineString", "coordinates": [[116.33284, 40.06931], [116.33337, 40.06931], [116.33392, 40.06932], [116.33524, 40.06931], [116.33908, 40.06926]]}, "properties": {"kind": "line", "line": "Line 13", "colour": "#f7c800"}}, {"type": "Feature", "geometry": {"type": "LineString", "coordinates": [[116.35256, 40.06919], [116.35228, 40.06919], [116.35164, 40.0692], [116.35134, 40.06921]]}, "properties": {"kind": "line", "line": "Line 13", "colour": "#f7c800"}}, {"type": "Feature", "geometry": {"type": "LineString", "coordinates": [[116.35134, 40.06916], [116.35164, 40.06916], [116.35228, 40.06916], [116.35256, 40.06915]]}, "properties": {"kind": "line", "line": "Line 13", "colour": "#f7c800"}}, {"type": "Feature", "geometry": {"type": "LineString", "coordinates": [[116.35554, 40.06917], [116.3554, 40.06917], [116.35455, 40.06918], [116.3538, 40.06918], [116.35302, 40.06918], [116.35256, 40.06919]]}, "properties": {"kind": "line", "line": "Line 13", "colour": "#f7c800"}}, {"type": "Feature", "geometry": {"type": "LineString", "coordinates": [[116.35554, 40.06912], [116.35611, 40.06912], [116.35654, 40.06911], [116.35732, 40.06911], [116.35972, 40.06908], [116.36033, 40.06906], [116.36067, 40.06905], [116.36103, 40.06902], [116.36134, 40.06899]]}, "properties": {"kind": "line", "line": "Line 13", "colour": "#f7c800"}}, {"type": "Feature", "geometry": {"type": "LineString", "coordinates": [[116.62452, 39.92598], [116.62418, 39.92598], [116.62382, 39.92596], [116.62342, 39.92593], [116.62301, 39.9259], [116.6226, 39.92585], [116.6222, 39.9258], [116.62183, 39.92575], [116.6215, 39.92571], [116.62122, 39.92566], [116.621, 39.92563], [116.6208, 39.92559], [116.62056, 39.92555], [116.62028, 39.9255], [116.61996, 39.92544], [116.61963, 39.92538], [116.61928, 39.92531], [116.61893, 39.92525], [116.61858, 39.92519], [116.61824, 39.92513], [116.61791, 39.92507], [116.6176, 39.92502], [116.6173, 39.92498], [116.61701, 39.92493], [116.61672, 39.92488], [116.61645, 39.92484], [116.61619, 39.92479], [116.61594, 39.92475], [116.6157, 39.92471], [116.61548, 39.92467], [116.61528, 39.92463], [116.61506, 39.92458], [116.61477, 39.92452], [116.61443, 39.92445], [116.61403, 39.92437], [116.6136, 39.92428], [116.61314, 39.92418], [116.61265, 39.92408], [116.61215, 39.92397], [116.61205, 39.92395], [116.61163, 39.92387], [116.61116, 39.92377]]}, "properties": {"kind": "line", "line": "Line 6", "colour": "#b6a12b"}}, {"type": "Feature", "geometry": {"type": "LineString", "coordinates": [[116.62701, 39.9258], [116.62452, 39.92582], [116.62419, 39.92583], [116.62383, 39.92582], [116.62344, 39.92579], [116.62303, 39.92575], [116.62263, 39.92571], [116.62246, 39.92569], [116.62223, 39.92566], [116.62186, 39.92561], [116.62153, 39.92556], [116.62126, 39.92552], [116.62105, 39.92548], [116.62085, 39.92545], [116.6206, 39.9254], [116.62032, 39.92535], [116.62001, 39.92529], [116.61967, 39.92523], [116.61933, 39.92517], [116.61897, 39.92511], [116.61862, 39.92504], [116.61828, 39.92498], [116.61795, 39.92493], [116.61765, 39.92488], [116.61734, 39.92483], [116.61705, 39.92478], [116.61676, 39.92474], [116.61649, 39.92469], [116.61623, 39.92465], [116.61598, 39.9246], [116.61575, 39.92456], [116.61553, 39.92452], [116.61533, 39.92448], [116.61511, 39.92444], [116.61482, 39.92438], [116.61448, 39.92431], [116.61409, 39.92423], [116.61365, 39.92414], [116.61319, 39.92404], [116.6127, 39.92394], [116.6122, 39.92383], [116.6121, 39.92381], [116.61168, 39.92372], [116.61117, 39.92361]]}, "properties": {"kind": "line", "line": "Line 6", "colour": "#b6a12b"}}, {"type": "Feature", "geometry": {"type": "LineString", "coordinates": [[116.60938, 39.92339], [116.60919, 39.92335], [116.60905, 39.92332], [116.60893, 39.9233], [116.60882, 39.92327], [116.60871, 39.92325], [116.60858, 39.92322], [116.60842, 39.92319], [116.60822, 39.92315], [116.60795, 39.92309], [116.6076, 39.92302], [116.60722, 39.92295], [116.60683, 39.92291], [116.60644, 39.9229], [116.60604, 39.92291], [116.60565, 39.92295], [116.60526, 39.92302], [116.60489, 39.9231], [116.60454, 39.92321], [116.60421, 39.92334], [116.60391, 39.92348], [116.60364, 39.92363], [116.60341, 39.92376], [116.60322, 39.92387], [116.60306, 39.92396], [116.60292, 39.92404], [116.60279, 39.92411], [116.60268, 39.92417], [116.60256, 39.92424], [116.60244, 39.92431], [116.6023, 39.92439], [116.60212, 39.92448], [116.60191, 39.92457], [116.60166, 39.92465], [116.60139, 39.92474], [116.6011, 39.92481], [116.60079, 39.92488], [116.60046, 39.92494], [116.60013, 39.92497], [116.59978, 39.925], [116.59945, 39.925], [116.59857, 39.92495], [116.59571, 39.92487], [116.59363, 39.92436]]}, "properties": {"kind": "line", "line": "Line 6", "colour": "#b6a12b"}}, {"type": "Feature", "geometry": {"type": "LineString", "coordinates": [[116.60943, 39.92324], [116.60925, 39.9232], [116.6091, 39.92317], [116.60898, 39.92314], [116.60888, 39.92312], [116.60877, 39.9231], [116.60864, 39.92307], [116.60848, 39.92303], [116.60827, 39.92299], [116.608, 39.92293], [116.60765, 39.92286], [116.60726, 39.92279], [116.60685, 39.92275], [116.60644, 39.92274], [116.60602, 39.92275], [116.60561, 39.92279], [116.60521, 39.92286], [116.60482, 39.92295], [116.60445, 39.92306], [116.60411, 39.92319], [116.60379, 39.92335], [116.60352, 39.9235], [116.60329, 39.92363], [116.60309, 39.92374], [116.60293, 39.92383], [116.60279, 39.92391], [116.60267, 39.92398], [116.60255, 39.92404], [116.60244, 39.92411], [116.60231, 39.92418], [116.60218, 39.92425], [116.60201, 39.92434], [116.60181, 39.92442], [116.60158, 39.92451], [116.60132, 39.92459], [116.60104, 39.92466], [116.60074, 39.92472], [116.60043, 39.92478], [116.6001, 39.92481], [116.59978, 39.92483], [116.59945, 39.92483], [116.5986, 39.9248], [116.59575, 39.9247], [116.59364, 39.92426]]}, "properties": {"kind": "line", "line": "Line 6", "colour": "#b6a12b"}}, {"type": "Feature", "geometry": {"type": "LineString", "coordinates": [[116.60938, 39.92339], [116.61027, 39.92358], [116.61116, 39.92377]]}, "properties": {"kind": "line", "line": "Line 6", "colour": "#b6a12b"}}, {"type": "Feature", "geometry": {"type": "LineString", "coordinates": [[116.60943, 39.92324], [116.61033, 39.92342], [116.61117, 39.92361]]}, "properties": {"kind": "line", "line": "Line 6", "colour": "#b6a12b"}}, {"type": "Feature", "geometry": {"type": "LineString", "coordinates": [[116.25288, 39.8387], [116.25274, 39.83992], [116.25277, 39.84021], [116.25285, 39.84065], [116.25296, 39.84106], [116.25317, 39.84198], [116.25317, 39.84254], [116.25313, 39.84304], [116.25297, 39.84362], [116.25269, 39.84423], [116.25239, 39.8447], [116.25193, 39.84516], [116.25151, 39.8455], [116.25108, 39.84576], [116.25058, 39.84599], [116.25003, 39.8462], [116.24922, 39.8464], [116.24796, 39.84663], [116.24623, 39.84693], [116.24476, 39.84717], [116.24298, 39.8475], [116.24122, 39.84783], [116.23937, 39.84821], [116.23782, 39.84852], [116.23643, 39.84871], [116.23487, 39.84889], [116.23341, 39.84903], [116.23174, 39.849], [116.22896, 39.84877], [116.22811, 39.8487], [116.22725, 39.84861], [116.22655, 39.84852], [116.22581, 39.84838], [116.22486, 39.84815], [116.22338, 39.8478]]}, "properties": {"kind": "line", "line": "Line 16", "colour": "#6bae45"}}, {"type": "Feature", "geometry": {"type": "LineString", "coordinates": [[116.22343, 39.84767], [116.2249, 39.84803], [116.22583, 39.84825], [116.22661, 39.84841], [116.22767, 39.84855], [116.2289, 39.84867], [116.2315, 39.84881], [116.2335, 39.84888], [116.23484, 39.84878], [116.23631, 39.84863], [116.23782, 39.84842], [116.23926, 39.84808], [116.24012, 39.84786], [116.24059, 39.84772], [116.24121, 39.84761], [116.24291, 39.84729], [116.24506, 39.8469], [116.24616, 39.84673], [116.24787, 39.84644], [116.24865, 39.84631], [116.24931, 39.84618], [116.2499, 39.84603], [116.25034, 39.84586], [116.2508, 39.84562], [116.25115, 39.84539], [116.25132, 39.84523], [116.25172, 39.84489], [116.25197, 39.84463], [116.2522, 39.84432], [116.25241, 39.84396], [116.25258, 39.84353], [116.25268, 39.84314], [116.25273, 39.84279], [116.25274, 39.84254], [116.25275, 39.84212], [116.25271, 39.84164], [116.2526, 39.841], [116.25255, 39.84058], [116.25254, 39.84016], [116.25255, 39.83981], [116.2527, 39.83868]]}, "properties": {"kind": "line", "line": "Line 16", "colour": "#6bae45"}}, {"type": "Feature", "geometry": {"type": "LineString", "coordinates": [[116.34816, 39.97386], [116.34816, 39.9732], [116.3481, 39.97276], [116.34811, 39.97219], [116.34841, 39.96643], [116.34848, 39.96524], [116.34865, 39.9617]]}, "properties": {"kind": "line", "line": "Changping Line", "colour": "#e56db1"}}, {"type": "Feature", "geometry": {"type": "LineString", "coordinates": [[116.3488, 39.9617], [116.34868, 39.96411], [116.34855, 39.96587], [116.34853, 39.96644], [116.34839, 39.96982], [116.34825, 39.97265], [116.34824, 39.97386]]}, "properties": {"kind": "line", "line": "Changping Line", "colour": "#e56db1"}}, {"type": "Feature", "geometry": {"type": "LineString", "coordinates": [[116.30764, 40.103], [116.30742, 40.10367]]}, "properties": {"kind": "line", "line": "", "colour": "#4a7fb5"}}, {"type": "Feature", "geometry": {"type": "LineString", "coordinates": [[116.30736, 40.10365], [116.30757, 40.10298]]}, "properties": {"kind": "line", "line": "", "colour": "#4a7fb5"}}, {"type": "Feature", "geometry": {"type": "LineString", "coordinates": [[116.50589, 39.90744], [116.50735, 39.90743]]}, "properties": {"kind": "line", "line": "Line 1", "colour": "#a12b2f"}}, {"type": "Feature", "geometry": {"type": "LineString", "coordinates": [[116.60545, 39.90609], [116.60535, 39.90613], [116.60525, 39.90617], [116.60516, 39.90621], [116.60506, 39.90625], [116.60497, 39.90629], [116.60487, 39.90633], [116.60478, 39.90637], [116.60469, 39.90641], [116.6046, 39.90645], [116.60452, 39.90648], [116.60443, 39.90652], [116.60435, 39.90655], [116.60427, 39.90659], [116.60419, 39.90662], [116.60411, 39.90665], [116.60404, 39.90668], [116.60397, 39.90671], [116.6039, 39.90674], [116.60383, 39.90677], [116.60376, 39.9068], [116.60369, 39.90683], [116.60361, 39.90686], [116.60352, 39.9069], [116.60343, 39.90694], [116.60332, 39.90699], [116.60321, 39.90703], [116.60309, 39.90709], [116.60297, 39.90714], [116.60284, 39.90719], [116.60271, 39.90724], [116.60258, 39.9073], [116.60245, 39.90735], [116.60232, 39.9074], [116.60218, 39.90745], [116.60205, 39.9075], [116.60192, 39.90755], [116.6018, 39.90759], [116.60168, 39.90763], [116.60156, 39.90767], [116.60145, 39.9077], [116.60135, 39.90772], [116.60124, 39.90775], [116.60114, 39.90777], [116.60104, 39.90779], [116.60094, 39.90781], [116.60084, 39.90783], [116.60074, 39.90784], [116.60064, 39.90786], [116.60054, 39.90787], [116.60043, 39.90788], [116.60032, 39.90789], [116.6002, 39.9079], [116.60008, 39.90791], [116.59996, 39.90791], [116.59982, 39.90792], [116.59969, 39.90793], [116.59954, 39.90793], [116.59938, 39.90794], [116.59922, 39.90794], [116.59904, 39.90795], [116.59869, 39.90796], [116.59551, 39.90804], [116.59505, 39.90806], [116.59406, 39.90808], [116.59314, 39.9081], [116.59223, 39.90812], [116.59216, 39.90812], [116.59205, 39.90813], [116.59189, 39.90813], [116.59171, 39.90813], [116.5915, 39.90814], [116.59126, 39.90815], [116.591, 39.90815], [116.59073, 39.90816], [116.59045, 39.90817], [116.59017, 39.90817], [116.58988, 39.90818], [116.5896, 39.90819], [116.58933, 39.9082], [116.58908, 39.9082], [116.58884, 39.90821], [116.58863, 39.90821], [116.58844, 39.90822], [116.58829, 39.90822], [116.58817, 39.90822], [116.5881, 39.90823], [116.58803, 39.90823], [116.58793, 39.90823], [116.58779, 39.90823], [116.58763, 39.90823], [116.58745, 39.90824], [116.58724, 39.90824], [116.58702, 39.90824], [116.58678, 39.90825], [116.58653, 39.90825], [116.58628, 39.90826], [116.58603, 39.90826], [116.58578, 39.90826], [116.58553, 39.90827], [116.5853, 39.90827], [116.58508, 39.90828], [116.58487, 39.90828], [116.58469, 39.90828], [116.58452, 39.90829], [116.58439, 39.90829], [116.58429, 39.90829], [116.58413, 39.90829], [116.58399, 39.9083], [116.58389, 39.9083], [116.58379, 39.9083], [116.58369, 39.90831], [116.5836, 39.90831], [116.58351, 39.90831], [116.58342, 39.90831], [116.58334, 39.90832], [116.58326, 39.90832], [116.58318, 39.90832], [116.58309, 39.90832], [116.58301, 39.90833], [116.58292, 39.90833], [116.58283, 39.90834], [116.58273, 39.90834], [116.58263, 39.90835], [116.58252, 39.90836], [116.58241, 39.90837], [116.58229, 39.90838], [116.58215, 39.90839], [116.58201, 39.9084], [116.58186, 39.90841], [116.5817, 39.90843], [116.58153, 39.90845], [116.58136, 39.90846], [116.58118, 39.90848], [116.581, 39.9085], [116.58082, 39.90852], [116.58064, 39.90854], [116.58045, 39.90856], [116.58027, 39.90858], [116.58009, 39.9086], [116.57991, 39.90862], [116.57973, 39.90864], [116.57956, 39.90866], [116.57939, 39.90868], [116.57923, 39.9087], [116.57908, 39.90872], [116.57893, 39.90874], [116.57879, 39.90875], [116.57867, 39.90877], [116.57855, 39.90878], [116.57843, 39.90879], [116.57832, 39.90881], [116.57821, 39.90882], [116.5781, 39.90883], [116.578, 39.90884], [116.57789, 39.90886], [116.57779, 39.90887], [116.5777, 39.90888], [116.5776, 39.90889], [116.57751, 39.9089], [116.57741, 39.90891], [116.57732, 39.90892], [116.57723, 39.90893], [116.57715, 39.90894], [116.57706, 39.90895], [116.57698, 39.90896], [116.5769, 39.90897], [116.57681, 39.90898], [116.57673, 39.90899], [116.57669, 39.909], [116.57663, 39.909], [116.57657, 39.90901], [116.57651, 39.90902], [116.57644, 39.90903], [116.57636, 39.90903], [116.57628, 39.90904], [116.57619, 39.90905], [116.57611, 39.90906], [116.57602, 39.90907], [116.57593, 39.90908], [116.57584, 39.90909], [116.57574, 39.9091], [116.57565, 39.90911], [116.57556, 39.90912], [116.57547, 39.90913], [116.57539, 39.90914], [116.57531, 39.90914], [116.57523, 39.90915], [116.57516, 39.90916], [116.57508, 39.90917], [116.575, 39.90917], [116.57491, 39.90918], [116.57481, 39.90919], [116.57471, 39.90919], [116.5746, 39.9092], [116.57449, 39.90921], [116.57437, 39.90922], [116.57424, 39.90922], [116.57411, 39.90923], [116.57398, 39.90923], [116.57384, 39.90924], [116.5737, 39.90924], [116.57355, 39.90924], [116.5734, 39.90924], [116.57325, 39.90924], [116.5731, 39.90924], [116.57294, 39.90923], [116.57279, 39.90923], [116.57263, 39.90922], [116.57247, 39.90921], [116.57232, 39.9092], [116.57216, 39.90919], [116.57202, 39.90918], [116.57187, 39.90917], [116.57173, 39.90916], [116.57159, 39.90915], [116.57146, 39.90914], [116.57133, 39.90912], [116.5712, 39.90911], [116.57108, 39.9091], [116.57098, 39.90909], [116.57097, 39.90909], [116.57086, 39.90908], [116.57075, 39.90907], [116.57065, 39.90906], [116.57056, 39.90905], [116.57047, 39.90904], [116.57039, 39.90903], [116.57031, 39.90903], [116.57024, 39.90902], [116.57016, 39.90901], [116.57007, 39.909], [116.56995, 39.90899], [116.56982, 39.90897], [116.56967, 39.90895], [116.5695, 39.90894], [116.56932, 39.90892], [116.56913, 39.90889], [116.56893, 39.90887], [116.56872, 39.90885], [116.5685, 39.90882], [116.56827, 39.9088], [116.56804, 39.90877], [116.56781, 39.90874], [116.56757, 39.90872], [116.56733, 39.90869], [116.56709, 39.90866], [116.56685, 39.90863], [116.56662, 39.90861], [116.56639, 39.90858], [116.56617, 39.90856], [116.56597, 39.90853], [116.56578, 39.90851], [116.5656, 39.90849], [116.56543, 39.90848], [116.56526, 39.90846], [116.56511, 39.90845], [116.56496, 39.90843], [116.56481, 39.90842], [116.56467, 39.90841], [116.56452, 39.9084], [116.56438, 39.90839], [116.56422, 39.90839], [116.56407, 39.90838], [116.56391, 39.90837], [116.56373, 39.90836], [116.56355, 39.90836], [116.56336, 39.90835], [116.56315, 39.90835], [116.56293, 39.90834], [116.54988, 39.90809], [116.54884, 39.90807], [116.54766, 39.90805], [116.52648, 39.90826], [116.52554, 39.90827], [116.5246, 39.90828], [116.52449, 39.90828], [116.52437, 39.90828], [116.52423, 39.90828], [116.52407, 39.90828], [116.5239, 39.90828], [116.52371, 39.90828], [116.52351, 39.90828], [116.5233, 39.90827], [116.52308, 39.90827], [116.52284, 39.90825], [116.52259, 39.90824], [116.52232, 39.90822], [116.52205, 39.9082], [116.52176, 39.90817], [116.52147, 39.90814], [116.52116, 39.9081], [116.52084, 39.90806], [116.52051, 39.90801], [116.52017, 39.90795], [116.51983, 39.90789], [116.51949, 39.90782], [116.51918, 39.90776], [116.5189, 39.9077], [116.51864, 39.90765], [116.51841, 39.9076], [116.51819, 39.90756], [116.518, 39.90752], [116.51782, 39.90748], [116.51765, 39.90744], [116.5175, 39.90741], [116.51736, 39.90738], [116.51723, 39.90736], [116.5171, 39.90733], [116.51698, 39.90731], [116.51686, 39.90729], [116.51674, 39.90727], [116.51662, 39.90725], [116.51649, 39.90724], [116.51636, 39.90722], [116.51623, 39.90721], [116.51608, 39.90719], [116.51594, 39.90718], [116.51581, 39.90718], [116.51567, 39.90717], [116.51553, 39.90716], [116.51539, 39.90716], [116.51525, 39.90716], [116.51512, 39.90715], [116.51498, 39.90715], [116.51485, 39.90716], [116.51472, 39.90716], [116.51458, 39.90716], [116.51445, 39.90716], [116.51432, 39.90716], [116.51419, 39.90717], [116.51406, 39.90717], [116.51393, 39.90718], [116.5138, 39.90718], [116.51367, 39.90718], [116.51354, 39.90718], [116.51341, 39.90719], [116.51328, 39.90719], [116.51313, 39.90719]]}, "properties": {"kind": "line", "line": "Batong Line", "colour": "#a12b2f"}}, {"type": "Feature", "geometry": {"type": "LineString", "coordinates": [[116.51314, 39.90715], [116.51341, 39.90714], [116.51364, 39.90714], [116.51386, 39.90714], [116.51405, 39.90713], [116.51423, 39.90713], [116.51438, 39.90713], [116.51449, 39.90713], [116.51458, 39.90713], [116.51472, 39.90712], [116.51485, 39.90712], [116.51498, 39.90712], [116.51512, 39.90712], [116.51526, 39.90712], [116.51539, 39.90713], [116.51553, 39.90713], [116.51567, 39.90714], [116.51581, 39.90714], [116.51595, 39.90715], [116.51609, 39.90716], [116.51623, 39.90718], [116.51637, 39.90719], [116.5165, 39.90721], [116.51662, 39.90722], [116.51675, 39.90724], [116.51687, 39.90726], [116.51699, 39.90728], [116.51711, 39.9073], [116.51724, 39.90732], [116.51737, 39.90735], [116.51751, 39.90738], [116.51766, 39.90741], [116.51783, 39.90745], [116.51801, 39.90749], [116.5182, 39.90753], [116.51842, 39.90757], [116.51865, 39.90762], [116.51891, 39.90767], [116.51919, 39.90773], [116.5195, 39.90779], [116.51984, 39.90786], [116.52018, 39.90792], [116.52052, 39.90798], [116.52085, 39.90803], [116.52116, 39.90807], [116.52147, 39.90811], [116.52177, 39.90814], [116.52205, 39.90817], [116.52233, 39.90819], [116.52259, 39.90821], [116.52284, 39.90822], [116.52308, 39.90823], [116.5233, 39.90824], [116.52352, 39.90825], [116.52371, 39.90825], [116.5239, 39.90825], [116.52407, 39.90825], [116.52423, 39.90825], [116.52437, 39.90825], [116.52449, 39.90825], [116.5246, 39.90825], [116.52554, 39.90824], [116.52648, 39.90823], [116.54769, 39.90799], [116.54885, 39.90801], [116.55069, 39.90806], [116.56293, 39.9083], [116.56315, 39.90831], [116.56336, 39.90831], [116.56355, 39.90832], [116.56374, 39.90832], [116.56391, 39.90833], [116.56407, 39.90834], [116.56423, 39.90835], [116.56438, 39.90835], [116.56453, 39.90836], [116.56467, 39.90837], [116.56482, 39.90838], [116.56497, 39.90839], [116.56512, 39.90841], [116.56527, 39.90842], [116.56543, 39.90844], [116.5656, 39.90845], [116.56578, 39.90847], [116.56597, 39.90849], [116.56618, 39.90852], [116.5664, 39.90854], [116.56663, 39.90857], [116.56686, 39.90859], [116.5671, 39.90862], [116.56734, 39.90865], [116.56758, 39.90868], [116.56781, 39.9087], [116.56805, 39.90873], [116.56828, 39.90876], [116.56851, 39.90878], [116.56873, 39.90881], [116.56894, 39.90883], [116.56914, 39.90885], [116.56933, 39.90888], [116.56951, 39.9089], [116.56967, 39.90891], [116.56982, 39.90893], [116.56996, 39.90895], [116.57007, 39.90896], [116.57017, 39.90897], [116.57025, 39.90898], [116.57032, 39.90899], [116.57039, 39.90899], [116.57048, 39.909], [116.57057, 39.90901], [116.57066, 39.90902], [116.57076, 39.90903], [116.57086, 39.90904], [116.57097, 39.90905], [116.57099, 39.90905], [116.57109, 39.90906], [116.57121, 39.90907], [116.57133, 39.90908], [116.57146, 39.9091], [116.5716, 39.90911], [116.57173, 39.90912], [116.57188, 39.90913], [116.57202, 39.90914], [116.57217, 39.90915], [116.57232, 39.90916], [116.57247, 39.90917], [116.57263, 39.90918], [116.57279, 39.90919], [116.57295, 39.90919], [116.5731, 39.9092], [116.57325, 39.9092], [116.5734, 39.9092], [116.57355, 39.9092], [116.5737, 39.9092], [116.57384, 39.90919], [116.57398, 39.90919], [116.57411, 39.90919], [116.57424, 39.90918], [116.57437, 39.90918], [116.57448, 39.90917], [116.5746, 39.90916], [116.57471, 39.90915], [116.57481, 39.90915], [116.57491, 39.90914], [116.57499, 39.90913], [116.57508, 39.90913], [116.57515, 39.90912], [116.57522, 39.90911], [116.5753, 39.9091], [116.57538, 39.9091], [116.57547, 39.90909], [116.57556, 39.90908], [116.57565, 39.90907], [116.57574, 39.90906], [116.57583, 39.90905], [116.57592, 39.90904], [116.57601, 39.90903], [116.5761, 39.90902], [116.57619, 39.90901], [116.57627, 39.909], [116.57635, 39.90899], [116.57643, 39.90899], [116.5765, 39.90898], [116.57657, 39.90897], [116.57663, 39.90896], [116.57668, 39.90896], [116.57672, 39.90895], [116.57681, 39.90894], [116.57689, 39.90893], [116.57697, 39.90892], [116.57705, 39.90891], [116.57714, 39.9089], [116.57723, 39.90889], [116.57732, 39.90888], [116.57741, 39.90887], [116.5775, 39.90886], [116.57759, 39.90885], [116.57769, 39.90884], [116.57779, 39.90883], [116.57789, 39.90882], [116.57799, 39.9088], [116.57809, 39.90879], [116.5782, 39.90878], [116.57831, 39.90877], [116.57843, 39.90875], [116.57854, 39.90874], [116.57866, 39.90873], [116.57879, 39.90871], [116.57892, 39.9087], [116.57907, 39.90868], [116.57922, 39.90866], [116.57938, 39.90864], [116.57955, 39.90862], [116.57972, 39.9086], [116.5799, 39.90858], [116.58008, 39.90856], [116.58026, 39.90854], [116.58045, 39.90852], [116.58063, 39.9085], [116.58081, 39.90848], [116.581, 39.90846], [116.58118, 39.90844], [116.58135, 39.90842], [116.58152, 39.90841], [116.58169, 39.90839], [116.58185, 39.90837], [116.582, 39.90836], [116.58215, 39.90835], [116.58228, 39.90834], [116.5824, 39.90833], [116.58252, 39.90832], [116.58263, 39.90831], [116.58273, 39.9083], [116.58283, 39.9083], [116.58292, 39.90829], [116.58301, 39.90829], [116.58309, 39.90828], [116.58317, 39.90828], [116.58326, 39.90828], [116.58334, 39.90828], [116.58342, 39.90827], [116.58351, 39.90827], [116.5836, 39.90827], [116.58369, 39.90827], [116.58378, 39.90826], [116.58388, 39.90826], [116.58399, 39.90826], [116.58412, 39.90825], [116.58429, 39.90825], [116.58448, 39.90825], [116.58471, 39.90824], [116.58495, 39.90824], [116.58521, 39.90823], [116.58549, 39.90823], [116.58578, 39.90822], [116.58607, 39.90822], [116.58637, 39.90821], [116.58666, 39.90821], [116.58695, 39.9082], [116.58722, 39.9082], [116.58748, 39.90819], [116.58773, 39.90819], [116.58795, 39.90818], [116.58814, 39.90818], [116.5883, 39.90818], [116.58843, 39.90818], [116.58851, 39.90817], [116.5886, 39.90817], [116.58871, 39.90817], [116.58886, 39.90817], [116.58904, 39.90816], [116.58923, 39.90816], [116.58945, 39.90815], [116.58967, 39.90815], [116.58991, 39.90814], [116.59016, 39.90814], [116.59041, 39.90813], [116.59066, 39.90812], [116.5909, 39.90812], [116.59114, 39.90811], [116.59136, 39.90811], [116.59157, 39.9081], [116.59176, 39.9081], [116.59192, 39.90809], [116.59206, 39.90809], [116.59216, 39.90809], [116.59223, 39.90808], [116.59314, 39.90807], [116.59406, 39.90805], [116.59437, 39.90804], [116.59904, 39.90791], [116.59922, 39.90791], [116.59938, 39.90791], [116.59954, 39.9079], [116.59968, 39.90789], [116.59982, 39.90789], [116.59995, 39.90788], [116.60008, 39.90788], [116.6002, 39.90787], [116.60031, 39.90786], [116.60043, 39.90785], [116.60053, 39.90784], [116.60064, 39.90783], [116.60074, 39.90781], [116.60084, 39.9078], [116.60093, 39.90778], [116.60103, 39.90776], [116.60113, 39.90774], [116.60123, 39.90772], [116.60133, 39.90769], [116.60144, 39.90767], [116.60155, 39.90764], [116.60166, 39.9076], [116.60178, 39.90756], [116.60191, 39.90752], [116.60204, 39.90747], [116.60217, 39.90742], [116.6023, 39.90737], [116.60243, 39.90732], [116.60256, 39.90727], [116.60269, 39.90722], [116.60282, 39.90716], [116.60295, 39.90711], [116.60307, 39.90706], [116.60319, 39.90701], [116.6033, 39.90696], [116.60341, 39.90691], [116.6035, 39.90687], [116.60359, 39.90683], [116.60367, 39.9068], [116.60374, 39.90677], [116.60381, 39.90674], [116.60388, 39.90671], [116.60395, 39.90668], [116.60402, 39.90665], [116.60409, 39.90662], [116.60417, 39.90659], [116.60425, 39.90656], [116.60433, 39.90652], [116.60441, 39.90649], [116.6045, 39.90645], [116.60458, 39.90642], [116.60467, 39.90638], [116.60476, 39.90634], [116.60485, 39.9063], [116.60495, 39.90627], [116.60504, 39.90623], [116.60514, 39.90619], [116.60523, 39.90614], [116.60533, 39.9061], [116.60543, 39.90606]]}, "properties": {"kind": "line", "line": "Batong Line", "colour": "#a12b2f"}}, {"type": "Feature", "geometry": {"type": "LineString", "coordinates": [[116.50589, 39.9074], [116.50649, 39.90739]]}, "properties": {"kind": "line", "line": "Line 1", "colour": "#a12b2f"}}, {"type": "Feature", "geometry": {"type": "LineString", "coordinates": [[116.50671, 39.90739], [116.50735, 39.90739]]}, "properties": {"kind": "line", "line": "Line 1", "colour": "#a12b2f"}}, {"type": "Feature", "geometry": {"type": "LineString", "coordinates": [[116.50649, 39.90739], [116.50671, 39.90739]]}, "properties": {"kind": "line", "line": "Line 1", "colour": "#a12b2f"}}, {"type": "Feature", "geometry": {"type": "LineString", "coordinates": [[116.50649, 39.90735], [116.50659, 39.90735], [116.50671, 39.90735]]}, "properties": {"kind": "line", "line": "Batong Line", "colour": "#a12b2f"}}, {"type": "Feature", "geometry": {"type": "LineString", "coordinates": [[116.50671, 39.90735], [116.50689, 39.90735], [116.50698, 39.90735], [116.50706, 39.90734], [116.50713, 39.90734], [116.5072, 39.90734], [116.50727, 39.90733], [116.50734, 39.90733]]}, "properties": {"kind": "line", "line": "Batong Line", "colour": "#a12b2f"}}, {"type": "Feature", "geometry": {"type": "LineString", "coordinates": [[116.59551, 39.90804], [116.59555, 39.90804], [116.59558, 39.90804], [116.59562, 39.90804], [116.59566, 39.90804], [116.59569, 39.90804], [116.59572, 39.90804], [116.59576, 39.90805], [116.59579, 39.90805], [116.59582, 39.90805], [116.59585, 39.90805], [116.59588, 39.90805], [116.59591, 39.90805], [116.59594, 39.90805], [116.59597, 39.90806], [116.59601, 39.90806], [116.59604, 39.90806], [116.59607, 39.90806], [116.59611, 39.90806], [116.59614, 39.90806], [116.59618, 39.90806], [116.59805, 39.90801], [116.59808, 39.90801], [116.59811, 39.90801], [116.59814, 39.908], [116.59817, 39.908], [116.5982, 39.908], [116.59823, 39.908], [116.59826, 39.90799], [116.59829, 39.90799], [116.59832, 39.90799], [116.59835, 39.90798], [116.59838, 39.90798], [116.59842, 39.90798], [116.59845, 39.90797], [116.59848, 39.90797], [116.59852, 39.90797], [116.59855, 39.90796], [116.59859, 39.90796], [116.59862, 39.90796], [116.59866, 39.90796], [116.59869, 39.90796]]}, "properties": {"kind": "line", "line": "", "colour": "#4a7fb5"}}, {"type": "Feature", "geometry": {"type": "LineString", "coordinates": [[116.51313, 39.90719], [116.51299, 39.90719], [116.51284, 39.9072], [116.51268, 39.9072], [116.51252, 39.9072], [116.51237, 39.9072], [116.51221, 39.90721], [116.51205, 39.90721], [116.51189, 39.90721], [116.51173, 39.90721], [116.51158, 39.90722], [116.51143, 39.90722], [116.51128, 39.90722], [116.51114, 39.90722], [116.511, 39.90722], [116.51087, 39.90723], [116.51074, 39.90723], [116.5106, 39.90723]]}, "properties": {"kind": "line", "line": "Batong Line", "colour": "#a12b2f"}}, {"type": "Feature", "geometry": {"type": "LineString", "coordinates": [[116.51314, 39.90715], [116.51292, 39.90715], [116.51267, 39.90716], [116.51241, 39.90716], [116.51216, 39.90716], [116.51191, 39.90717], [116.51167, 39.90717], [116.51143, 39.90718], [116.51124, 39.90718], [116.51105, 39.90718], [116.51088, 39.90718], [116.51074, 39.90719], [116.5106, 39.90719]]}, "properties": {"kind": "line", "line": "Batong Line", "colour": "#a12b2f"}}, {"type": "Feature", "geometry": {"type": "LineString", "coordinates": [[116.51067, 39.90735], [116.50948, 39.90736], [116.50836, 39.90738]]}, "properties": {"kind": "line", "line": "Line 1", "colour": "#a12b2f"}}, {"type": "Feature", "geometry": {"type": "LineString", "coordinates": [[116.51067, 39.90739], [116.50948, 39.90741], [116.50836, 39.90742]]}, "properties": {"kind": "line", "line": "Line 1", "colour": "#a12b2f"}}, {"type": "Feature", "geometry": {"type": "LineString", "coordinates": [[116.51145, 39.90738], [116.51142, 39.90739], [116.51067, 39.90739]]}, "properties": {"kind": "line", "line": "Line 1", "colour": "#a12b2f"}}, {"type": "Feature", "geometry": {"type": "LineString", "coordinates": [[116.50834, 39.90721], [116.50948, 39.9072], [116.5106, 39.90719]]}, "properties": {"kind": "line", "line": "Batong Line", "colour": "#a12b2f"}}, {"type": "Feature", "geometry": {"type": "LineString", "coordinates": [[116.50835, 39.90725], [116.50948, 39.90724], [116.5106, 39.90723]]}, "properties": {"kind": "line", "line": "Batong Line", "colour": "#a12b2f"}}, {"type": "Feature", "geometry": {"type": "LineString", "coordinates": [[116.48833, 39.90775], [116.48939, 39.90771], [116.4908, 39.90766]]}, "properties": {"kind": "line", "line": "Line 1", "colour": "#a12b2f"}}, {"type": "Feature", "geometry": {"type": "LineString", "coordinates": [[116.48832, 39.90749], [116.48834, 39.90749], [116.48937, 39.90745]]}, "properties": {"kind": "line", "line": "Batong Line", "colour": "#a12b2f"}}, {"type": "Feature", "geometry": {"type": "LineString", "coordinates": [[116.48832, 39.90759], [116.48833, 39.90759], [116.48834, 39.90759], [116.48938, 39.90755]]}, "properties": {"kind": "line", "line": "Batong Line", "colour": "#a12b2f"}}, {"type": "Feature", "geometry": {"type": "LineString", "coordinates": [[116.49075, 39.9075], [116.49088, 39.9075], [116.49103, 39.90749], [116.49118, 39.90749], [116.49135, 39.90749], [116.49153, 39.90749], [116.49172, 39.90748], [116.49191, 39.90748], [116.4921, 39.90748], [116.4923, 39.90748], [116.49249, 39.90748], [116.49269, 39.90748], [116.49288, 39.90748], [116.49307, 39.90748], [116.49325, 39.90748], [116.49342, 39.90748], [116.49358, 39.90748], [116.49373, 39.90748], [116.49386, 39.90748], [116.49398, 39.90748], [116.49408, 39.90748], [116.50502, 39.90737]]}, "properties": {"kind": "line", "line": "Batong Line", "colour": "#a12b2f"}}, {"type": "Feature", "geometry": {"type": "LineString", "coordinates": [[116.49074, 39.9074], [116.49092, 39.9074], [116.49102, 39.9074], [116.4911, 39.90739], [116.49129, 39.90739], [116.49149, 39.90739], [116.49168, 39.90739], [116.49188, 39.90739], [116.49208, 39.90739], [116.49228, 39.9074], [116.49247, 39.9074], [116.49267, 39.90741], [116.49285, 39.90741], [116.49303, 39.90741], [116.4932, 39.90742], [116.49337, 39.90742], [116.49352, 39.90743], [116.49366, 39.90743], [116.49379, 39.90743], [116.4939, 39.90744], [116.494, 39.90744], [116.49408, 39.90744], [116.50503, 39.90733]]}, "properties": {"kind": "line", "line": "Batong Line", "colour": "#a12b2f"}}, {"type": "Feature", "geometry": {"type": "LineString", "coordinates": [[116.50732, 39.90728], [116.5074, 39.90728], [116.50747, 39.90727], [116.50754, 39.90727], [116.50761, 39.90726], [116.50768, 39.90725], [116.50775, 39.90725], [116.50783, 39.90724], [116.5079, 39.90723], [116.50797, 39.90723], [116.50804, 39.90722], [116.50812, 39.90722], [116.50819, 39.90722], [116.50827, 39.90721], [116.50834, 39.90721]]}, "properties": {"kind": "line", "line": "Batong Line", "colour": "#a12b2f"}}, {"type": "Feature", "geometry": {"type": "LineString", "coordinates": [[116.50734, 39.90733], [116.50741, 39.90732], [116.50747, 39.90731], [116.50754, 39.90731], [116.5076, 39.9073], [116.50767, 39.90729], [116.50774, 39.90729], [116.5078, 39.90728], [116.50787, 39.90727], [116.50794, 39.90727], [116.50802, 39.90726], [116.50809, 39.90726], [116.50817, 39.90726], [116.50825, 39.90725], [116.50835, 39.90725]]}, "properties": {"kind": "line", "line": "Batong Line", "colour": "#a12b2f"}}, {"type": "Feature", "geometry": {"type": "LineString", "coordinates": [[116.49075, 39.90754], [116.49082, 39.90754], [116.49092, 39.90754], [116.49105, 39.90753], [116.4912, 39.90753], [116.49136, 39.90753], [116.49155, 39.90753], [116.49156, 39.90753], [116.4917, 39.90753], [116.49175, 39.90753], [116.49179, 39.90753], [116.49196, 39.90753], [116.49217, 39.90753], [116.49239, 39.90753], [116.49261, 39.90753], [116.49283, 39.90752], [116.49304, 39.90752], [116.49324, 39.90752], [116.49343, 39.90752], [116.4936, 39.90752], [116.49376, 39.90752], [116.49389, 39.90752], [116.49399, 39.90752], [116.49407, 39.90752], [116.5046, 39.90741], [116.50502, 39.90741]]}, "properties": {"kind": "line", "line": "Line 1", "colour": "#a12b2f"}}, {"type": "Feature", "geometry": {"type": "LineString", "coordinates": [[116.4908, 39.90766], [116.49087, 39.90765], [116.49093, 39.90765], [116.49099, 39.90765], [116.49104, 39.90764], [116.49109, 39.90764], [116.49114, 39.90763], [116.49118, 39.90763], [116.49122, 39.90763], [116.49127, 39.90762], [116.49131, 39.90762], [116.49135, 39.90761], [116.49139, 39.90761], [116.49143, 39.9076], [116.49148, 39.9076], [116.49152, 39.9076], [116.49157, 39.90759], [116.49162, 39.90759], [116.49168, 39.90759], [116.49173, 39.90759], [116.4918, 39.90759], [116.49193, 39.90758], [116.49233, 39.90758], [116.49248, 39.90758], [116.49265, 39.90758], [116.49407, 39.90756], [116.5046, 39.90745], [116.50502, 39.90745]]}, "properties": {"kind": "line", "line": "Line 1", "colour": "#a12b2f"}}, {"type": "Feature", "geometry": {"type": "LineString", "coordinates": [[116.48545, 39.9078], [116.48595, 39.90779], [116.48613, 39.90779], [116.48629, 39.90778], [116.48643, 39.90777], [116.48658, 39.90775], [116.48674, 39.90773], [116.48694, 39.90771], [116.48719, 39.90769], [116.48749, 39.90767], [116.48788, 39.90765], [116.48835, 39.90763]]}, "properties": {"kind": "line", "line": "Line 1", "colour": "#a12b2f"}}, {"type": "Feature", "geometry": {"type": "LineString", "coordinates": [[116.48567, 39.90775], [116.48603, 39.90775], [116.4861, 39.90775], [116.48616, 39.90775], [116.48622, 39.90774], [116.48629, 39.90774], [116.48635, 39.90773], [116.48641, 39.90772], [116.48648, 39.90771], [116.48654, 39.9077], [116.4866, 39.90769], [116.48667, 39.90768], [116.48674, 39.90767], [116.48681, 39.90766], [116.48688, 39.90765], [116.48696, 39.90764], [116.48703, 39.90763], [116.48712, 39.90762], [116.4872, 39.90761], [116.48729, 39.9076], [116.48738, 39.9076], [116.48748, 39.9076], [116.488, 39.90759], [116.48801, 39.90759], [116.48803, 39.90759], [116.48805, 39.90759], [116.48806, 39.90759], [116.48808, 39.90759], [116.4881, 39.90759], [116.48812, 39.90759], [116.48814, 39.90759], [116.48816, 39.90759], [116.48818, 39.90759], [116.4882, 39.90759], [116.48822, 39.90759], [116.48824, 39.90759], [116.48826, 39.90759], [116.48828, 39.90759], [116.48829, 39.90759], [116.48831, 39.90759], [116.48832, 39.90759]]}, "properties": {"kind": "line", "line": "Batong Line", "colour": "#a12b2f"}}, {"type": "Feature", "geometry": {"type": "LineString", "coordinates": [[116.4858, 39.90771], [116.48603, 39.90771], [116.48609, 39.90771], [116.48615, 39.90771], [116.4862, 39.90771], [116.48624, 39.9077], [116.48629, 39.90769], [116.48633, 39.90769], [116.48637, 39.90768], [116.48642, 39.90767], [116.48647, 39.90766], [116.48652, 39.90765], [116.48657, 39.90764], [116.48663, 39.90763], [116.4867, 39.90762], [116.48678, 39.90761], [116.48686, 39.9076], [116.48696, 39.90759], [116.48707, 39.90758], [116.48719, 39.90756], [116.48728, 39.90756], [116.48733, 39.90755], [116.48748, 39.90754], [116.48805, 39.90751], [116.48807, 39.90751], [116.48808, 39.90751], [116.4881, 39.90751], [116.48811, 39.90751], [116.48812, 39.9075], [116.48813, 39.9075], [116.48815, 39.9075], [116.48816, 39.9075], [116.48817, 39.9075], [116.48819, 39.9075], [116.4882, 39.9075], [116.48821, 39.9075], [116.48823, 39.9075], [116.48824, 39.9075], [116.48826, 39.9075], [116.48827, 39.9075], [116.48829, 39.9075], [116.4883, 39.9075], [116.48832, 39.90749]]}, "properties": {"kind": "line", "line": "Batong Line", "colour": "#a12b2f"}}, {"type": "Feature", "geometry": {"type": "LineString", "coordinates": [[116.48835, 39.90763], [116.48938, 39.90759], [116.49075, 39.90754]]}, "properties": {"kind": "line", "line": "Line 1", "colour": "#a12b2f"}}, {"type": "Feature", "geometry": {"type": "LineString", "coordinates": [[116.48833, 39.90775], [116.4872, 39.90779], [116.48646, 39.90782], [116.48644, 39.90782], [116.48642, 39.90782], [116.48639, 39.90782], [116.48637, 39.90782], [116.48634, 39.90782], [116.48631, 39.90782], [116.48627, 39.90782], [116.48624, 39.90783], [116.4862, 39.90783], [116.48616, 39.90783], [116.48612, 39.90783], [116.48608, 39.90783], [116.48604, 39.90783], [116.48601, 39.90783], [116.48597, 39.90783], [116.48593, 39.90783], [116.48589, 39.90783], [116.48585, 39.90783], [116.48581, 39.90783], [116.48578, 39.90783], [116.48545, 39.90784]]}, "properties": {"kind": "line", "line": "Line 1", "colour": "#a12b2f"}}, {"type": "Feature", "geometry": {"type": "LineString", "coordinates": [[116.50836, 39.90742], [116.50811, 39.90742], [116.50791, 39.90742], [116.5077, 39.90742], [116.50735, 39.90743]]}, "properties": {"kind": "line", "line": "Line 1", "colour": "#a12b2f"}}, {"type": "Feature", "geometry": {"type": "LineString", "coordinates": [[116.51145, 39.90734], [116.51142, 39.90734], [116.51067, 39.90735]]}, "properties": {"kind": "line", "line": "Line 1", "colour": "#a12b2f"}}, {"type": "Feature", "geometry": {"type": "LineString", "coordinates": [[116.50836, 39.90738], [116.50735, 39.90739]]}, "properties": {"kind": "line", "line": "Line 1", "colour": "#a12b2f"}}, {"type": "Feature", "geometry": {"type": "LineString", "coordinates": [[116.51457, 39.90735], [116.51145, 39.90738]]}, "properties": {"kind": "line", "line": "Line 1", "colour": "#a12b2f"}}, {"type": "Feature", "geometry": {"type": "LineString", "coordinates": [[116.51456, 39.90731], [116.51145, 39.90734]]}, "properties": {"kind": "line", "line": "Line 1", "colour": "#a12b2f"}}, {"type": "Feature", "geometry": {"type": "LineString", "coordinates": [[116.31933, 39.88902], [116.32017, 39.88892]]}, "properties": {"kind": "line", "line": "", "colour": "#4a7fb5"}}, {"type": "Feature", "geometry": {"type": "LineString", "coordinates": [[116.31513, 39.89412], [116.31524, 39.89457]]}, "properties": {"kind": "line", "line": "", "colour": "#4a7fb5"}}, {"type": "Feature", "geometry": {"type": "LineString", "coordinates": [[116.31494, 39.89451], [116.31504, 39.89418]]}, "properties": {"kind": "line", "line": "", "colour": "#4a7fb5"}}, {"type": "Feature", "geometry": {"type": "LineString", "coordinates": [[116.31522, 39.89171], [116.31529, 39.89275]]}, "properties": {"kind": "line", "line": "Line 9", "colour": "#8fc31f"}}, {"type": "Feature", "geometry": {"type": "LineString", "coordinates": [[116.31493, 39.89274], [116.31506, 39.89055]]}, "properties": {"kind": "line", "line": "Line 9", "colour": "#8fc31f"}}, {"type": "Feature", "geometry": {"type": "LineString", "coordinates": [[116.31495, 39.89466], [116.31494, 39.89451], [116.31491, 39.89415], [116.31492, 39.89354], [116.31493, 39.89274]]}, "properties": {"kind": "line", "line": "Line 9", "colour": "#8fc31f"}}, {"type": "Feature", "geometry": {"type": "LineString", "coordinates": [[116.31529, 39.89275], [116.31528, 39.89354], [116.31527, 39.89414], [116.31524, 39.89457], [116.31524, 39.89468]]}, "properties": {"kind": "line", "line": "Line 9", "colour": "#8fc31f"}}, {"type": "Feature", "geometry": {"type": "LineString", "coordinates": [[116.31654, 39.85334], [116.31645, 39.85238]]}, "properties": {"kind": "line", "line": "", "colour": "#4a7fb5"}}, {"type": "Feature", "geometry": {"type": "LineString", "coordinates": [[116.3435, 39.8446], [116.34311, 39.84457]]}, "properties": {"kind": "line", "line": "Line 10", "colour": "#009bc0"}}, {"type": "Feature", "geometry": {"type": "LineString", "coordinates": [[116.34312, 39.84449], [116.34349, 39.84452]]}, "properties": {"kind": "line", "line": "Line 10", "colour": "#009bc0"}}, {"type": "Feature", "geometry": {"type": "LineString", "coordinates": [[116.34177, 39.84444], [116.34152, 39.84442]]}, "properties": {"kind": "line", "line": "Line 10", "colour": "#009bc0"}}, {"type": "Feature", "geometry": {"type": "LineString", "coordinates": [[116.34152, 39.84434], [116.34176, 39.84436]]}, "properties": {"kind": "line", "line": "Line 10", "colour": "#009bc0"}}, {"type": "Feature", "geometry": {"type": "LineString", "coordinates": [[116.53251, 39.85477], [116.53238, 39.85486]]}, "properties": {"kind": "line", "line": "", "colour": "#4a7fb5"}}, {"type": "Feature", "geometry": {"type": "LineString", "coordinates": [[116.53259, 39.85471], [116.53251, 39.85477]]}, "properties": {"kind": "line", "line": "", "colour": "#4a7fb5"}}, {"type": "Feature", "geometry": {"type": "LineString", "coordinates": [[116.53266, 39.85466], [116.53259, 39.85471]]}, "properties": {"kind": "line", "line": "", "colour": "#4a7fb5"}}, {"type": "Feature", "geometry": {"type": "LineString", "coordinates": [[116.53269, 39.85471], [116.53238, 39.85486], [116.53229, 39.85491], [116.53213, 39.85498], [116.5319, 39.85509], [116.53159, 39.85522], [116.53119, 39.85541], [116.53092, 39.85552]]}, "properties": {"kind": "line", "line": "", "colour": "#4a7fb5"}}, {"type": "Feature", "geometry": {"type": "LineString", "coordinates": [[116.53273, 39.85476], [116.53241, 39.8549]]}, "properties": {"kind": "line", "line": "", "colour": "#4a7fb5"}}, {"type": "Feature", "geometry": {"type": "LineString", "coordinates": [[116.53241, 39.8549], [116.53233, 39.85494], [116.53222, 39.85499], [116.53216, 39.85502], [116.53194, 39.85512], [116.53178, 39.85519], [116.53159, 39.85528], [116.53141, 39.85536], [116.53095, 39.85556]]}, "properties": {"kind": "line", "line": "", "colour": "#4a7fb5"}}, {"type": "Feature", "geometry": {"type": "LineString", "coordinates": [[116.53281, 39.85479], [116.53275, 39.8548], [116.53258, 39.85486], [116.53256, 39.85486]]}, "properties": {"kind": "line", "line": "", "colour": "#4a7fb5"}}, {"type": "Feature", "geometry": {"type": "LineString", "coordinates": [[116.53256, 39.85486], [116.53233, 39.85494]]}, "properties": {"kind": "line", "line": "", "colour": "#4a7fb5"}}, {"type": "Feature", "geometry": {"type": "LineString", "coordinates": [[116.53276, 39.85482], [116.53258, 39.85486]]}, "properties": {"kind": "line", "line": "", "colour": "#4a7fb5"}}, {"type": "Feature", "geometry": {"type": "LineString", "coordinates": [[116.53278, 39.85486], [116.53252, 39.85492], [116.53222, 39.85499]]}, "properties": {"kind": "line", "line": "", "colour": "#4a7fb5"}}, {"type": "Feature", "geometry": {"type": "LineString", "coordinates": [[116.53216, 39.85502], [116.53203, 39.85505], [116.5319, 39.85509]]}, "properties": {"kind": "line", "line": "", "colour": "#4a7fb5"}}, {"type": "Feature", "geometry": {"type": "LineString", "coordinates": [[116.53194, 39.85512], [116.53203, 39.85505], [116.53213, 39.85498]]}, "properties": {"kind": "line", "line": "", "colour": "#4a7fb5"}}, {"type": "Feature", "geometry": {"type": "LineString", "coordinates": [[116.53178, 39.85519], [116.5317, 39.85525], [116.53162, 39.85531]]}, "properties": {"kind": "line", "line": "", "colour": "#4a7fb5"}}, {"type": "Feature", "geometry": {"type": "LineString", "coordinates": [[116.53159, 39.85528], [116.5317, 39.85525], [116.53181, 39.85523]]}, "properties": {"kind": "line", "line": "", "colour": "#4a7fb5"}}, {"type": "Feature", "geometry": {"type": "LineString", "coordinates": [[116.53141, 39.85536], [116.53119, 39.85541]]}, "properties": {"kind": "line", "line": "", "colour": "#4a7fb5"}}, {"type": "Feature", "geometry": {"type": "LineString", "coordinates": [[116.52329, 39.85796], [116.52406, 39.8578]]}, "properties": {"kind": "line", "line": "", "colour": "#4a7fb5"}}, {"type": "Feature", "geometry": {"type": "LineString", "coordinates": [[116.52406, 39.8578], [116.52557, 39.85745], [116.5265, 39.85722], [116.52753, 39.85694], [116.52951, 39.85616], [116.53092, 39.85552]]}, "properties": {"kind": "line", "line": "", "colour": "#4a7fb5"}}, {"type": "Feature", "geometry": {"type": "LineString", "coordinates": [[116.53095, 39.85556], [116.52974, 39.85611], [116.5284, 39.85667], [116.52755, 39.85698], [116.52607, 39.85741], [116.52508, 39.85769], [116.52432, 39.85786]]}, "properties": {"kind": "line", "line": "", "colour": "#4a7fb5"}}, {"type": "Feature", "geometry": {"type": "LineString", "coordinates": [[116.53567, 39.85466], [116.53504, 39.85499]]}, "properties": {"kind": "line", "line": "", "colour": "#4a7fb5"}}, {"type": "Feature", "geometry": {"type": "LineString", "coordinates": [[116.53504, 39.85499], [116.53494, 39.85505], [116.5347, 39.85515], [116.53445, 39.85523], [116.53424, 39.85525]]}, "properties": {"kind": "line", "line": "", "colour": "#4a7fb5"}}, {"type": "Feature", "geometry": {"type": "LineString", "coordinates": [[116.53017, 39.85597], [116.52948, 39.85627]]}, "properties": {"kind": "line", "line": "", "colour": "#4a7fb5"}}, {"type": "Feature", "geometry": {"type": "LineString", "coordinates": [[116.50502, 39.90741], [116.50589, 39.9074]]}, "properties": {"kind": "line", "line": "Line 1", "colour": "#a12b2f"}}, {"type": "Feature", "geometry": {"type": "LineString", "coordinates": [[116.50502, 39.90745], [116.50589, 39.90744]]}, "properties": {"kind": "line", "line": "Line 1", "colour": "#a12b2f"}}, {"type": "Feature", "geometry": {"type": "LineString", "coordinates": [[116.50502, 39.90737], [116.50649, 39.90735]]}, "properties": {"kind": "line", "line": "Batong Line", "colour": "#a12b2f"}}, {"type": "Feature", "geometry": {"type": "LineString", "coordinates": [[116.50503, 39.90733], [116.50689, 39.90731], [116.50697, 39.90731], [116.50704, 39.9073], [116.50711, 39.9073], [116.50718, 39.9073], [116.50725, 39.90729], [116.50732, 39.90728]]}, "properties": {"kind": "line", "line": "Batong Line", "colour": "#a12b2f"}}, {"type": "Feature", "geometry": {"type": "LineString", "coordinates": [[116.42673, 39.93999], [116.41271, 39.93969], [116.41193, 39.93968]]}, "properties": {"kind": "line", "line": "Airport Express", "colour": "#a28e6b"}}, {"type": "Feature", "geometry": {"type": "LineString", "coordinates": [[116.41193, 39.93972], [116.41148, 39.93971], [116.41107, 39.9397]]}, "properties": {"kind": "line", "line": "Airport Express", "colour": "#a28e6b"}}, {"type": "Feature", "geometry": {"type": "LineString", "coordinates": [[116.44426, 39.93237], [116.44431, 39.93577], [116.44431, 39.9452], [116.44425, 39.9458], [116.44405, 39.94629], [116.44357, 39.94668], [116.44108, 39.94834], [116.44028, 39.94863], [116.43972, 39.94873], [116.43862, 39.94882], [116.43641, 39.9486], [116.43507, 39.94846], [116.4324, 39.9483], [116.43142, 39.94821], [116.43025, 39.94819], [116.42968, 39.94825], [116.42943, 39.94832], [116.42925, 39.94844], [116.42903, 39.94857], [116.42884, 39.94878], [116.42865, 39.94906], [116.42836, 39.94975], [116.42824, 39.95023], [116.42815, 39.95057], [116.42795, 39.95195], [116.42794, 39.95332], [116.42797, 39.95416], [116.42806, 39.95489], [116.42855, 39.95686], [116.42902, 39.95861], [116.42963, 39.95985], [116.43014, 39.96045], [116.43057, 39.96096], [116.43171, 39.96213], [116.43333, 39.96359], [116.43619, 39.96617], [116.43796, 39.96816], [116.44141, 39.97191], [116.44186, 39.97238], [116.44286, 39.97337], [116.44332, 39.9741], [116.44378, 39.97495], [116.44383, 39.97561], [116.44382, 39.97717], [116.44362, 39.97815], [116.44292, 39.97915], [116.44188, 39.98019], [116.44042, 39.98157], [116.43899, 39.98446], [116.43885, 39.98506], [116.43891, 39.98657], [116.43904, 39.98725], [116.43961, 39.98893], [116.44028, 39.99047], [116.44077, 39.99118], [116.44177, 39.99264], [116.44251, 39.99372], [116.44456, 39.99717], [116.44631, 40.00239], [116.44866, 40.00976], [116.44872, 40.01078], [116.44859, 40.01155], [116.44803, 40.01304], [116.44774, 40.01378], [116.44691, 40.01488], [116.44636, 40.01539], [116.44575, 40.01576], [116.44492, 40.01617], [116.44096, 40.01742], [116.43854, 40.01829], [116.4378, 40.01879], [116.43701, 40.01964], [116.43643, 40.0203], [116.43597, 40.02112], [116.4358, 40.02215], [116.43559, 40.03134], [116.43562, 40.03309], [116.43564, 40.03472], [116.43595, 40.04431], [116.43608, 40.04835], [116.43609, 40.04966], [116.43609, 40.05155], [116.43595, 40.05347], [116.43604, 40.06143], [116.4362, 40.06448], [116.43615, 40.06637], [116.43617, 40.06711], [116.43618, 40.06778], [116.43619, 40.06942], [116.43609, 40.07264], [116.43595, 40.07516], [116.43609, 40.0767], [116.43631, 40.07757], [116.43672, 40.07821], [116.43848, 40.07952], [116.44468, 40.08401], [116.44551, 40.08488], [116.44573, 40.08552], [116.44606, 40.08736], [116.44629, 40.08854], [116.44659, 40.08935], [116.44688, 40.08983], [116.44835, 40.092], [116.44872, 40.0928], [116.44958, 40.09411], [116.45252, 40.09819], [116.45805, 40.10561], [116.45987, 40.10842], [116.4603, 40.10951], [116.46052, 40.11036], [116.46061, 40.11118], [116.46062, 40.11416], [116.46063, 40.11672], [116.46049, 40.12021], [116.46039, 40.1216], [116.46005, 40.12444], [116.46001, 40.12523], [116.46032, 40.12607], [116.46053, 40.1264], [116.461, 40.12703], [116.46183, 40.12785], [116.46325, 40.12948]]}, "properties": {"kind": "line", "line": "Line 17", "colour": "#00a1a5"}}, {"type": "Feature", "geometry": {"type": "LineString", "coordinates": [[116.44415, 39.9309], [116.44416, 39.92189], [116.44416, 39.92164], [116.44409, 39.91168], [116.44414, 39.90834], [116.44423, 39.9074], [116.44435, 39.90668], [116.44448, 39.90613], [116.44464, 39.90554], [116.44483, 39.90487], [116.44501, 39.90392], [116.4451, 39.90317], [116.44511, 39.90252], [116.44504, 39.9019], [116.44484, 39.90079], [116.44461, 39.89987], [116.4444, 39.89905], [116.44426, 39.89845], [116.44418, 39.89795], [116.44412, 39.89727], [116.44415, 39.89436], [116.44423, 39.8914], [116.44425, 39.89067], [116.44443, 39.88934], [116.44453, 39.88826], [116.44466, 39.87762], [116.44467, 39.87505], [116.44464, 39.87383], [116.44461, 39.87239], [116.4446, 39.87023], [116.44462, 39.86832], [116.4447, 39.86775], [116.44482, 39.86724], [116.44509, 39.86674], [116.44543, 39.86629], [116.44591, 39.86591], [116.44647, 39.8657], [116.44723, 39.86565], [116.44828, 39.86558], [116.4493, 39.86547], [116.45027, 39.86535], [116.45093, 39.86523], [116.45146, 39.8651], [116.45206, 39.86485], [116.45285, 39.86442], [116.45442, 39.86349]]}, "properties": {"kind": "line", "line": "Line 17", "colour": "#00a1a5"}}, {"type": "Feature", "geometry": {"type": "LineString", "coordinates": [[116.45452, 39.86357], [116.45322, 39.86436], [116.45218, 39.86492], [116.45112, 39.86532], [116.45029, 39.86548], [116.44796, 39.86567], [116.44652, 39.86581], [116.446, 39.86598], [116.44563, 39.86628], [116.4453, 39.86666], [116.44501, 39.86713], [116.44481, 39.86779], [116.44474, 39.86837], [116.44473, 39.87016], [116.44475, 39.87353], [116.44476, 39.87382], [116.44479, 39.87861], [116.44471, 39.88385], [116.44478, 39.88806], [116.44453, 39.88969], [116.44436, 39.89073], [116.44433, 39.89215], [116.4442, 39.89728], [116.44437, 39.8984], [116.44493, 39.90064], [116.44512, 39.90173], [116.44522, 39.90253], [116.44513, 39.90402], [116.44448, 39.90667], [116.44436, 39.90735], [116.44426, 39.90835]]}, "properties": {"kind": "line", "line": "Line 17", "colour": "#00a1a5"}}, {"type": "Feature", "geometry": {"type": "LineString", "coordinates": [[116.60525, 39.7918], [116.60721, 39.7918]]}, "properties": {"kind": "line", "line": "Line 17", "colour": "#00a1a5"}}, {"type": "Feature", "geometry": {"type": "LineString", "coordinates": [[116.6072, 39.79189], [116.60525, 39.79195]]}, "properties": {"kind": "line", "line": "Line 17", "colour": "#00a1a5"}}, {"type": "Feature", "geometry": {"type": "LineString", "coordinates": [[116.44423, 39.9309], [116.44424, 39.93095], [116.44425, 39.93175], [116.44426, 39.93237]]}, "properties": {"kind": "line", "line": "Line 17", "colour": "#00a1a5"}}, {"type": "Feature", "geometry": {"type": "LineString", "coordinates": [[116.44416, 39.93237], [116.44416, 39.93184], [116.44415, 39.9309]]}, "properties": {"kind": "line", "line": "Line 17", "colour": "#00a1a5"}}, {"type": "Feature", "geometry": {"type": "LineString", "coordinates": [[116.46325, 40.12948], [116.4644, 40.13082], [116.46567, 40.13225]]}, "properties": {"kind": "line", "line": "Line 17", "colour": "#00a1a5"}}, {"type": "Feature", "geometry": {"type": "LineString", "coordinates": [[116.46549, 40.13232], [116.46427, 40.13088], [116.46308, 40.12956]]}, "properties": {"kind": "line", "line": "Line 17", "colour": "#00a1a5"}}, {"type": "Feature", "geometry": {"type": "LineString", "coordinates": [[116.14978, 39.93231], [116.14901, 39.93313], [116.14888, 39.93327], [116.14875, 39.93341], [116.14832, 39.93388], [116.1476, 39.93467]]}, "properties": {"kind": "line", "line": "Line 11", "colour": "#5f2d8c"}}, {"type": "Feature", "geometry": {"type": "LineString", "coordinates": [[116.14767, 39.9347], [116.14838, 39.93391], [116.14882, 39.93344], [116.14894, 39.9333], [116.14907, 39.93317], [116.14985, 39.93236]]}, "properties": {"kind": "line", "line": "Line 11", "colour": "#5f2d8c"}}, {"type": "Feature", "geometry": {"type": "LineString", "coordinates": [[116.21818, 39.84639], [116.22078, 39.84699], [116.22343, 39.84767]]}, "properties": {"kind": "line", "line": "Line 16", "colour": "#6bae45"}}, {"type": "Feature", "geometry": {"type": "LineString", "coordinates": [[116.22338, 39.8478], [116.22267, 39.84763], [116.22017, 39.84704], [116.2181, 39.84659]]}, "properties": {"kind": "line", "line": "Line 16", "colour": "#6bae45"}}, {"type": "Feature", "geometry": {"type": "LineString", "coordinates": [[116.31504, 39.89462], [116.31504, 39.8944], [116.31504, 39.89418], [116.31505, 39.89354]]}, "properties": {"kind": "line", "line": "Line 7", "colour": "#f2a900"}}, {"type": "Feature", "geometry": {"type": "LineString", "coordinates": [[116.31514, 39.89354], [116.31513, 39.89412], [116.31512, 39.89415], [116.31511, 39.89462]]}, "properties": {"kind": "line", "line": "Line 7", "colour": "#f2a900"}}, {"type": "Feature", "geometry": {"type": "LineString", "coordinates": [[116.67352, 39.84811], [116.67164, 39.84811], [116.67099, 39.84811], [116.66812, 39.84812]]}, "properties": {"kind": "line", "line": "Line 7", "colour": "#f2a900"}}, {"type": "Feature", "geometry": {"type": "LineString", "coordinates": [[116.67352, 39.84825], [116.67164, 39.84826], [116.671, 39.84826], [116.66812, 39.84827]]}, "properties": {"kind": "line", "line": "Line 7", "colour": "#f2a900"}}, {"type": "Feature", "geometry": {"type": "LineString", "coordinates": [[116.48938, 39.90755], [116.49075, 39.9075]]}, "properties": {"kind": "line", "line": "Batong Line", "colour": "#a12b2f"}}, {"type": "Feature", "geometry": {"type": "LineString", "coordinates": [[116.67352, 39.84808], [116.67164, 39.84808], [116.67099, 39.84808], [116.66812, 39.84809]]}, "properties": {"kind": "line", "line": "Batong Line", "colour": "#a12b2f"}}, {"type": "Feature", "geometry": {"type": "LineString", "coordinates": [[116.67352, 39.84793], [116.67164, 39.84793], [116.67099, 39.84793], [116.66813, 39.84794]]}, "properties": {"kind": "line", "line": "Batong Line", "colour": "#a12b2f"}}, {"type": "Feature", "geometry": {"type": "LineString", "coordinates": [[116.48937, 39.90745], [116.49074, 39.9074]]}, "properties": {"kind": "line", "line": "Batong Line", "colour": "#a12b2f"}}, {"type": "Feature", "geometry": {"type": "LineString", "coordinates": [[116.61002, 40.04955], [116.6099, 40.04998]]}, "properties": {"kind": "line", "line": "Airport Express", "colour": "#a28e6b"}}, {"type": "Feature", "geometry": {"type": "LineString", "coordinates": [[116.6101, 40.04876], [116.61001, 40.04931], [116.6099, 40.04998]]}, "properties": {"kind": "line", "line": "Airport Express", "colour": "#a28e6b"}}, {"type": "Feature", "geometry": {"type": "LineString", "coordinates": [[116.35968, 39.81107], [116.35959, 39.81107], [116.35951, 39.81106], [116.35942, 39.81106], [116.35935, 39.81105], [116.35927, 39.81105], [116.3592, 39.81104], [116.35914, 39.81104], [116.35908, 39.81103], [116.35902, 39.81102], [116.35897, 39.81101], [116.35892, 39.81101], [116.35887, 39.811], [116.35882, 39.81099], [116.35878, 39.81098], [116.35875, 39.81097], [116.35871, 39.81097], [116.35868, 39.81096], [116.35865, 39.81095], [116.35862, 39.81094], [116.35859, 39.81094], [116.35779, 39.81074], [116.35761, 39.8107], [116.3574, 39.81065], [116.35719, 39.81061], [116.35696, 39.81057], [116.35671, 39.81053], [116.35646, 39.8105], [116.35618, 39.81046], [116.3559, 39.81044], [116.35561, 39.81042], [116.3553, 39.8104], [116.35498, 39.8104], [116.35465, 39.8104], [116.35431, 39.81041], [116.35396, 39.81043], [116.3536, 39.81046], [116.35322, 39.8105], [116.35284, 39.81056], [116.35245, 39.81063], [116.35205, 39.81071], [116.35165, 39.81081], [116.34876, 39.81155], [116.34856, 39.8116], [116.34832, 39.81167], [116.34804, 39.81174], [116.34774, 39.81182], [116.34741, 39.81191], [116.34706, 39.81201], [116.34669, 39.81212], [116.34631, 39.81224], [116.34591, 39.81237], [116.34551, 39.8125], [116.3451, 39.81265], [116.34469, 39.81281], [116.34428, 39.81297], [116.34388, 39.81315], [116.34349, 39.81334], [116.34311, 39.81353], [116.34275, 39.81374], [116.34241, 39.81395], [116.34209, 39.81418], [116.3418, 39.81442], [116.34153, 39.81466], [116.3413, 39.81492], [116.34109, 39.81521], [116.34091, 39.81551], [116.34075, 39.81583], [116.3406, 39.81616], [116.34049, 39.81651], [116.34038, 39.81687], [116.3403, 39.81723], [116.34024, 39.81761], [116.34019, 39.81798], [116.34015, 39.81836], [116.34013, 39.81874], [116.34011, 39.81912], [116.34011, 39.8195], [116.34012, 39.81987], [116.34014, 39.82023], [116.34016, 39.82058], [116.34019, 39.82093], [116.34023, 39.82125], [116.34026, 39.82156]]}, "properties": {"kind": "line", "line": "Line 19", "colour": "#0079c1"}}, {"type": "Feature", "geometry": {"type": "LineString", "coordinates": [[116.33997, 39.82159], [116.33992, 39.82118], [116.33988, 39.82076], [116.33985, 39.82035], [116.33983, 39.81993], [116.33982, 39.81951], [116.33983, 39.81909], [116.33984, 39.81868], [116.33987, 39.81827], [116.33991, 39.81787], [116.33997, 39.81747], [116.34004, 39.81709], [116.34013, 39.81671], [116.34024, 39.81635], [116.34037, 39.81601], [116.34051, 39.81568], [116.34068, 39.81536], [116.34087, 39.81507], [116.34108, 39.81479], [116.34131, 39.81454], [116.34156, 39.81431], [116.34184, 39.8141], [116.34214, 39.81389], [116.34246, 39.8137], [116.34279, 39.81351], [116.34314, 39.81332], [116.34349, 39.81315], [116.34386, 39.81298], [116.34423, 39.81282], [116.34461, 39.81267], [116.34499, 39.81252], [116.34537, 39.81238], [116.34575, 39.81225], [116.34613, 39.81213], [116.3465, 39.81201], [116.34686, 39.8119], [116.34722, 39.8118], [116.34756, 39.8117], [116.34789, 39.81161], [116.3482, 39.81153], [116.3485, 39.81145], [116.34921, 39.81127], [116.35158, 39.81066], [116.35187, 39.81058], [116.35216, 39.81052], [116.35246, 39.81046], [116.35275, 39.81041], [116.35305, 39.81037], [116.35334, 39.81034], [116.35364, 39.81031], [116.35394, 39.81029], [116.35425, 39.81028], [116.35455, 39.81028], [116.35486, 39.81028], [116.35517, 39.8103], [116.35549, 39.81032], [116.35581, 39.81035], [116.35613, 39.81038], [116.35646, 39.81043], [116.35679, 39.81048], [116.35713, 39.81055], [116.35747, 39.81062], [116.35782, 39.8107], [116.35861, 39.81089], [116.35864, 39.8109], [116.35866, 39.81091], [116.35869, 39.81091], [116.35872, 39.81092], [116.35876, 39.81093], [116.3588, 39.81094], [116.35884, 39.81095], [116.35888, 39.81095], [116.35893, 39.81096], [116.35898, 39.81097], [116.35903, 39.81098], [116.35909, 39.81098], [116.35915, 39.81099], [116.35921, 39.811], [116.35928, 39.811], [116.35935, 39.81101], [116.35943, 39.81101], [116.35951, 39.81102], [116.35959, 39.81102], [116.35968, 39.81102]]}, "properties": {"kind": "line", "line": "Line 19", "colour": "#0079c1"}}, {"type": "Feature", "geometry": {"type": "LineString", "coordinates": [[116.34026, 39.82156], [116.34039, 39.82255], [116.34052, 39.82358], [116.34092, 39.83289], [116.34087, 39.83425], [116.34238, 39.84371], [116.3429, 39.84609], [116.34323, 39.84759], [116.34375, 39.84838], [116.34407, 39.84881], [116.3445, 39.84919], [116.35657, 39.85246], [116.35712, 39.85268], [116.35767, 39.85351], [116.35802, 39.85418], [116.3582, 39.85501], [116.35829, 39.85572], [116.35831, 39.85629], [116.35814, 39.8626], [116.35801, 39.86751], [116.358, 39.8682], [116.35763, 39.88198], [116.3574, 39.88962], [116.3572, 39.89642], [116.35715, 39.89825], [116.35721, 39.90877], [116.35715, 39.91079], [116.35732, 39.91182], [116.35825, 39.91566], [116.35829, 39.9173], [116.35833, 39.92165], [116.36112, 39.92781], [116.36143, 39.92901], [116.36178, 39.93197], [116.36216, 39.93522], [116.36225, 39.93837], [116.36256, 39.93953], [116.36282, 39.94006], [116.36319, 39.94054], [116.36429, 39.94125], [116.36549, 39.9421], [116.36566, 39.94238], [116.36579, 39.94294], [116.36587, 39.94437], [116.36589, 39.94615], [116.36545, 39.95116], [116.36534, 39.95231], [116.36513, 39.95491], [116.36484, 39.95706], [116.36404, 39.96577], [116.36391, 39.9669], [116.36376, 39.97509]]}, "properties": {"kind": "line", "line": "Line 19", "colour": "#0079c1"}}, {"type": "Feature", "geometry": {"type": "LineString", "coordinates": [[116.33997, 39.82159], [116.3401, 39.82258], [116.34023, 39.82358], [116.34082, 39.83289], [116.34077, 39.83425], [116.34229, 39.84372], [116.3428, 39.8461], [116.34313, 39.84761], [116.34366, 39.84841], [116.34398, 39.84886], [116.34444, 39.84925], [116.35653, 39.85253], [116.35704, 39.85273], [116.35758, 39.85354], [116.35793, 39.8542], [116.3581, 39.85502], [116.35819, 39.85573], [116.35821, 39.85629], [116.358, 39.8626], [116.35791, 39.86751], [116.35753, 39.88187], [116.35753, 39.88198], [116.3573, 39.88963], [116.35705, 39.89825], [116.35709, 39.90877], [116.35705, 39.91079], [116.35722, 39.91183], [116.35735, 39.91237], [116.35815, 39.91567], [116.35819, 39.9173], [116.35823, 39.92167], [116.36102, 39.92783], [116.36133, 39.92902], [116.36169, 39.93197], [116.36206, 39.93523], [116.36215, 39.93838], [116.36246, 39.93949], [116.36272, 39.9401], [116.36313, 39.94061], [116.36423, 39.94139], [116.36532, 39.94218], [116.3655, 39.94242], [116.36566, 39.94303], [116.36567, 39.9437], [116.36569, 39.94435], [116.36576, 39.94616], [116.36534, 39.95101], [116.36532, 39.95124], [116.36526, 39.95232], [116.36473, 39.95711], [116.36424, 39.96286], [116.36422, 39.96299], [116.36421, 39.96317], [116.36417, 39.96366], [116.36415, 39.96393], [116.3638, 39.96692], [116.36359, 39.97509]]}, "properties": {"kind": "line", "line": "Line 19", "colour": "#0079c1"}}, {"type": "Feature", "geometry": {"type": "LineString", "coordinates": [[116.42647, 39.93219], [116.42801, 39.93225]]}, "properties": {"kind": "line", "line": "Line 3", "colour": "#4a7fb5"}}, {"type": "Feature", "geometry": {"type": "LineString", "coordinates": [[116.55197, 39.97452], [116.5531, 39.97472], [116.55411, 39.97488]]}, "properties": {"kind": "line", "line": "Line 12", "colour": "#7a6a55"}}, {"type": "Feature", "geometry": {"type": "LineString", "coordinates": [[116.42969, 39.93234], [116.432, 39.93239], [116.44223, 39.93241], [116.44485, 39.93241], [116.45492, 39.93243], [116.45546, 39.93243], [116.46478, 39.93247], [116.47031, 39.93248], [116.4734, 39.93248], [116.48487, 39.93248], [116.48636, 39.93253], [116.4874, 39.93263], [116.48813, 39.93275], [116.48927, 39.93303], [116.49341, 39.93422], [116.49694, 39.93523], [116.49757, 39.93552], [116.49857, 39.936], [116.49887, 39.93628], [116.49934, 39.93715], [116.49975, 39.9381], [116.49983, 39.9387], [116.49983, 39.943], [116.49983, 39.9434], [116.49993, 39.94464], [116.5001, 39.94511], [116.50033, 39.94552], [116.50062, 39.94575], [116.50428, 39.9464], [116.50544, 39.94647], [116.50821, 39.9463], [116.51383, 39.9461], [116.51955, 39.94645], [116.52128, 39.94667], [116.5229, 39.94687], [116.52515, 39.94685], [116.52679, 39.94657], [116.52768, 39.94633], [116.52864, 39.94601], [116.53308, 39.94396], [116.5349, 39.94368], [116.53676, 39.94377], [116.53806, 39.94414], [116.53931, 39.94487], [116.54001, 39.9457], [116.54058, 39.94678], [116.54087, 39.94798], [116.54104, 39.94969], [116.54107, 39.95079], [116.54111, 39.95252], [116.54123, 39.96013], [116.54128, 39.96464], [116.54128, 39.96465], [116.54137, 39.96963], [116.54141, 39.97075], [116.54167, 39.97143], [116.54206, 39.97214], [116.54277, 39.97276], [116.54344, 39.97328], [116.54432, 39.97373], [116.54527, 39.97401], [116.54597, 39.97414], [116.55193, 39.97473]]}, "properties": {"kind": "line", "line": "Line 3", "colour": "#4a7fb5"}}, {"type": "Feature", "geometry": {"type": "LineString", "coordinates": [[116.55194, 39.97464], [116.54805, 39.97426], [116.54595, 39.97404], [116.54504, 39.97388], [116.54436, 39.97367], [116.54345, 39.97322], [116.54283, 39.97288], [116.54208, 39.97249], [116.54071, 39.9719], [116.53869, 39.97144], [116.53718, 39.97125], [116.53565, 39.97124], [116.53469, 39.97136], [116.53385, 39.97152], [116.53236, 39.97194], [116.53039, 39.97267], [116.52837, 39.97338], [116.52742, 39.97371], [116.52475, 39.97478], [116.52214, 39.97546], [116.51752, 39.97682], [116.51514, 39.97784], [116.51298, 39.97897], [116.51134, 39.97975], [116.50977, 39.98048], [116.50877, 39.98085], [116.50819, 39.98102], [116.50761, 39.98106], [116.50696, 39.98102], [116.50628, 39.98088], [116.5056, 39.9806], [116.50422, 39.97987], [116.50272, 39.97939], [116.50077, 39.97931], [116.49948, 39.97931], [116.49834, 39.97931], [116.48553, 39.97918], [116.48504, 39.97918], [116.48404, 39.97918], [116.48267, 39.97906], [116.48213, 39.97882], [116.48151, 39.9783], [116.47748, 39.97464], [116.47393, 39.97141], [116.47184, 39.96952], [116.47132, 39.96917], [116.47068, 39.96884], [116.46994, 39.96853], [116.46902, 39.96824], [116.46791, 39.96797], [116.46532, 39.96742], [116.46326, 39.96711], [116.46195, 39.96685], [116.46048, 39.96624], [116.45922, 39.96544], [116.45777, 39.96431], [116.45438, 39.96123], [116.45241, 39.95943], [116.45141, 39.95852], [116.45098, 39.95826], [116.45052, 39.95807], [116.45, 39.95792], [116.44936, 39.95778], [116.44885, 39.95769], [116.44813, 39.95762], [116.44747, 39.95761], [116.44663, 39.95768], [116.44603, 39.95793], [116.44548, 39.95824], [116.44176, 39.96077], [116.43609, 39.96444], [116.43518, 39.96503], [116.43174, 39.96729], [116.43098, 39.9677], [116.43009, 39.968], [116.42894, 39.96818], [116.42802, 39.96823], [116.42426, 39.96814], [116.42231, 39.9681], [116.41517, 39.96791], [116.4118, 39.96783], [116.40782, 39.96774], [116.40254, 39.9676], [116.401, 39.96755], [116.39305, 39.96732], [116.38839, 39.9672], [116.38503, 39.96711], [116.37583, 39.9669], [116.37473, 39.96688], [116.36723, 39.96671], [116.36386, 39.96666], [116.36118, 39.96662], [116.35256, 39.9664], [116.34966, 39.96637], [116.34287, 39.96631], [116.33887, 39.96619], [116.33783, 39.96619], [116.33388, 39.9662], [116.32457, 39.96613], [116.3184, 39.96594], [116.3161, 39.96583], [116.31572, 39.96577], [116.31497, 39.96565], [116.31398, 39.96539], [116.3114, 39.96444], [116.30681, 39.9628], [116.30298, 39.96144], [116.30157, 39.96079], [116.30048, 39.96029], [116.29805, 39.95921], [116.29633, 39.95865], [116.29354, 39.95812], [116.28974, 39.95782], [116.288, 39.95747], [116.28759, 39.95738], [116.285, 39.95661], [116.28369, 39.95637], [116.28184, 39.95616], [116.27744, 39.95596], [116.2767, 39.95592], [116.27319, 39.95574], [116.27123, 39.95556], [116.27063, 39.95538], [116.27016, 39.95515], [116.26991, 39.95479], [116.26979, 39.95423], [116.26975, 39.95346], [116.26966, 39.95249], [116.26943, 39.95146], [116.26872, 39.94642], [116.26844, 39.94443], [116.26834, 39.94354], [116.26821, 39.94252], [116.26818, 39.94193]]}, "properties": {"kind": "line", "line": "Line 12", "colour": "#7a6a55"}}, {"type": "Feature", "geometry": {"type": "LineString", "coordinates": [[116.42648, 39.93227], [116.42802, 39.93231]]}, "properties": {"kind": "line", "line": "Line 3", "colour": "#4a7fb5"}}, {"type": "Feature", "geometry": {"type": "LineString", "coordinates": [[116.55193, 39.97473], [116.55359, 39.97492]]}, "properties": {"kind": "line", "line": "Line 3", "colour": "#4a7fb5"}}, {"type": "Feature", "geometry": {"type": "LineString", "coordinates": [[116.36138, 39.81104], [116.35968, 39.81102]]}, "properties": {"kind": "line", "line": "Line 19", "colour": "#0079c1"}}, {"type": "Feature", "geometry": {"type": "LineString", "coordinates": [[116.36138, 39.81108], [116.35968, 39.81107]]}, "properties": {"kind": "line", "line": "Line 19", "colour": "#0079c1"}}, {"type": "Feature", "geometry": {"type": "LineString", "coordinates": [[116.41166, 39.91776], [116.41171, 39.91616], [116.41174, 39.91541], [116.41177, 39.91468], [116.41195, 39.9119], [116.41222, 39.90775]]}, "properties": {"kind": "line", "line": "Line 5", "colour": "#a6228c"}}, {"type": "Feature", "geometry": {"type": "LineString", "coordinates": [[116.41206, 40.04845], [116.4164, 40.04659]]}, "properties": {"kind": "line", "line": "", "colour": "#F9E700"}}, {"type": "Feature", "geometry": {"type": "LineString", "coordinates": [[116.4164, 40.04659], [116.41648, 40.04656]]}, "properties": {"kind": "line", "line": "", "colour": "#F9E700"}}, {"type": "Feature", "geometry": {"type": "LineString", "coordinates": [[116.41643, 40.04662], [116.41209, 40.04848]]}, "properties": {"kind": "line", "line": "", "colour": "#F9E700"}}, {"type": "Feature", "geometry": {"type": "LineString", "coordinates": [[116.41651, 40.04659], [116.41643, 40.04662]]}, "properties": {"kind": "line", "line": "", "colour": "#F9E700"}}, {"type": "Feature", "geometry": {"type": "LineString", "coordinates": [[116.42802, 39.93231], [116.42969, 39.93234]]}, "properties": {"kind": "line", "line": "Line 3", "colour": "#4a7fb5"}}, {"type": "Feature", "geometry": {"type": "LineString", "coordinates": [[116.42801, 39.93225], [116.42968, 39.93227]]}, "properties": {"kind": "line", "line": "Line 3", "colour": "#4a7fb5"}}, {"type": "Feature", "geometry": {"type": "LineString", "coordinates": [[116.29784, 40.07095], [116.29755, 40.07082], [116.29731, 40.07068], [116.29703, 40.07051], [116.29678, 40.07034], [116.29637, 40.06998], [116.29624, 40.06984], [116.29611, 40.06968], [116.29595, 40.06946], [116.29542, 40.06869], [116.29341, 40.06584], [116.29328, 40.06566], [116.29312, 40.06541], [116.293, 40.06516], [116.29292, 40.06486], [116.29288, 40.06461], [116.29287, 40.06429], [116.29293, 40.06394]]}, "properties": {"kind": "line", "line": "Line 18", "colour": "#4a7fb5"}}, {"type": "Feature", "geometry": {"type": "LineString", "coordinates": [[116.29383, 40.06258], [116.29356, 40.06288], [116.29339, 40.06312], [116.29325, 40.06337], [116.29317, 40.06358], [116.2931, 40.06385], [116.29307, 40.06407], [116.29308, 40.06438], [116.29311, 40.06458], [116.29317, 40.06479], [116.29325, 40.06502], [116.29335, 40.0652], [116.29346, 40.06538], [116.29449, 40.067], [116.29499, 40.06779], [116.29526, 40.06821], [116.29554, 40.06863], [116.2959, 40.06911], [116.29613, 40.06941], [116.29629, 40.06963], [116.29639, 40.06976], [116.2965, 40.06987], [116.29665, 40.07001], [116.29686, 40.07018], [116.29711, 40.07038], [116.29738, 40.07056], [116.29763, 40.07071], [116.29791, 40.07084]]}, "properties": {"kind": "line", "line": "Line 18", "colour": "#4a7fb5"}}, {"type": "Feature", "geometry": {"type": "LineString", "coordinates": [[116.30759, 40.0714], [116.30801, 40.0714], [116.30846, 40.07138], [116.30878, 40.07134], [116.30921, 40.07125], [116.30956, 40.07117], [116.30991, 40.07105], [116.3102, 40.07094], [116.31069, 40.07073], [116.31096, 40.07059], [116.31121, 40.07047], [116.31158, 40.0703], [116.31207, 40.07011], [116.31255, 40.06994], [116.31306, 40.0698], [116.31354, 40.06973], [116.31394, 40.06969], [116.31434, 40.06966], [116.31475, 40.06964], [116.31697, 40.06961], [116.3191, 40.06959], [116.3196, 40.06958], [116.31982, 40.06958], [116.32002, 40.06958], [116.32027, 40.06958], [116.32057, 40.06956], [116.32091, 40.06952], [116.32198, 40.06936], [116.32282, 40.06933]]}, "properties": {"kind": "line", "line": "Line 13", "colour": "#f7c800"}}, {"type": "Feature", "geometry": {"type": "LineString", "coordinates": [[116.30122, 40.07163], [116.30086, 40.07163], [116.3005, 40.07164], [116.3001, 40.07163], [116.29975, 40.07161], [116.29934, 40.07156], [116.29888, 40.07149], [116.29855, 40.07141], [116.29827, 40.07133], [116.29791, 40.0712], [116.29742, 40.07101], [116.29492, 40.06995], [116.29448, 40.06974], [116.29415, 40.06958], [116.29393, 40.06944], [116.29376, 40.06931], [116.29325, 40.06871], [116.29165, 40.06653], [116.29039, 40.06474], [116.29005, 40.06376], [116.28997, 40.06232], [116.29038, 40.06072], [116.29174, 40.0581], [116.29328, 40.05541], [116.29342, 40.05466], [116.29324, 40.05384], [116.29281, 40.05324], [116.2919, 40.05277], [116.29032, 40.05224], [116.28714, 40.05161], [116.28157, 40.05034], [116.28032, 40.04979], [116.27973, 40.04932], [116.27948, 40.04865], [116.27951, 40.04776], [116.28024, 40.04466], [116.28083, 40.04218], [116.28101, 40.04074], [116.28097, 40.03925], [116.28095, 40.03866], [116.28071, 40.03732], [116.28069, 40.0365], [116.28088, 40.03524], [116.28084, 40.03458], [116.28058, 40.03386], [116.27978, 40.03327], [116.27895, 40.0329], [116.27776, 40.03266], [116.27381, 40.03239], [116.2724, 40.03219], [116.26839, 40.03147]]}, "properties": {"kind": "line", "line": "Line 18", "colour": "#4a7fb5"}}, {"type": "Feature", "geometry": {"type": "LineString", "coordinates": [[116.32241, 40.06952], [116.32157, 40.06954], [116.32092, 40.06956], [116.32056, 40.06961], [116.32022, 40.06965], [116.31991, 40.06967], [116.31973, 40.06969], [116.31958, 40.06969], [116.31943, 40.0697], [116.31697, 40.06976], [116.31467, 40.06979], [116.31441, 40.06979], [116.31418, 40.0698], [116.31394, 40.06981], [116.31357, 40.06985], [116.3131, 40.06993], [116.31265, 40.07004], [116.31214, 40.07021], [116.31166, 40.0704], [116.31133, 40.07057], [116.31107, 40.07072], [116.31079, 40.07088], [116.3103, 40.07114], [116.30995, 40.0713], [116.30954, 40.07146], [116.30915, 40.07159], [116.30885, 40.07167], [116.30845, 40.07174], [116.30815, 40.07179], [116.30786, 40.07181], [116.30766, 40.07182], [116.30729, 40.07181], [116.30634, 40.07174], [116.30613, 40.07173], [116.30594, 40.07172], [116.30562, 40.07171]]}, "properties": {"kind": "line", "line": "Line 13", "colour": "#f7c800"}}, {"type": "Feature", "geometry": {"type": "LineString", "coordinates": [[116.29293, 40.06394], [116.293, 40.06368], [116.2931, 40.06345], [116.29321, 40.06325], [116.29333, 40.06304], [116.29354, 40.06269], [116.29383, 40.06224], [116.29404, 40.06195], [116.29427, 40.06167], [116.29543, 40.06027], [116.29559, 40.06007], [116.29574, 40.05985], [116.29584, 40.05971]]}, "properties": {"kind": "line", "line": "Line 18", "colour": "#4a7fb5"}}, {"type": "Feature", "geometry": {"type": "LineString", "coordinates": [[116.29591, 40.05974], [116.29578, 40.06005], [116.29568, 40.06026], [116.29546, 40.06068], [116.2953, 40.06094], [116.29514, 40.06117], [116.2949, 40.06149], [116.29465, 40.06176], [116.29433, 40.06206], [116.29383, 40.06258]]}, "properties": {"kind": "line", "line": "Line 18", "colour": "#4a7fb5"}}, {"type": "Feature", "geometry": {"type": "LineString", "coordinates": [[116.30697, 40.0715], [116.30704, 40.0715], [116.30761, 40.07151], [116.308, 40.07152], [116.30847, 40.07157], [116.30885, 40.07163], [116.3092, 40.0717], [116.30961, 40.07183], [116.31013, 40.07204], [116.31056, 40.07226], [116.311, 40.07254], [116.31145, 40.07287], [116.31183, 40.07315], [116.31212, 40.07334], [116.3124, 40.07353], [116.31266, 40.07367], [116.31297, 40.07382], [116.31347, 40.07402], [116.31398, 40.07418], [116.31457, 40.0743], [116.31544, 40.07442]]}, "properties": {"kind": "line", "line": "Line 18", "colour": "#4a7fb5"}}, {"type": "Feature", "geometry": {"type": "LineString", "coordinates": [[116.43781, 40.06713], [116.43103, 40.06716], [116.43029, 40.06723], [116.42966, 40.06759], [116.42938, 40.06795], [116.42899, 40.06857], [116.42919, 40.07008], [116.42908, 40.07087], [116.42846, 40.07153], [116.42777, 40.07199], [116.42662, 40.07253], [116.42566, 40.07268], [116.42469, 40.07274], [116.42028, 40.07279], [116.41113, 40.07276], [116.40873, 40.07275], [116.40027, 40.07272], [116.39673, 40.07272], [116.39316, 40.07261], [116.38591, 40.07122], [116.38423, 40.07102], [116.38306, 40.07119], [116.38206, 40.07169], [116.3813, 40.07292], [116.3804, 40.0765], [116.38012, 40.0776], [116.37994, 40.07815], [116.37976, 40.07859], [116.37943, 40.07908], [116.37915, 40.0794], [116.3788, 40.07976], [116.37833, 40.08013], [116.37793, 40.08039], [116.37656, 40.08084], [116.37526, 40.081], [116.37164, 40.08076], [116.36979, 40.08063], [116.36556, 40.08035], [116.36072, 40.07996], [116.35801, 40.07983], [116.35674, 40.07979]]}, "properties": {"kind": "line", "line": "Line 18", "colour": "#4a7fb5"}}, {"type": "Feature", "geometry": {"type": "LineString", "coordinates": [[116.29791, 40.07084], [116.29818, 40.07096], [116.29847, 40.07106], [116.299, 40.07121], [116.29939, 40.07129], [116.29978, 40.07135], [116.30016, 40.07139], [116.30057, 40.07142], [116.30105, 40.07144], [116.30121, 40.07144], [116.30268, 40.07145], [116.30499, 40.07147], [116.3052, 40.07148], [116.30697, 40.0715]]}, "properties": {"kind": "line", "line": "Line 18", "colour": "#4a7fb5"}}, {"type": "Feature", "geometry": {"type": "LineString", "coordinates": [[116.3052, 40.07133], [116.30698, 40.07138], [116.3071, 40.07138], [116.30759, 40.0714]]}, "properties": {"kind": "line", "line": "Line 18", "colour": "#4a7fb5"}}, {"type": "Feature", "geometry": {"type": "LineString", "coordinates": [[116.30288, 40.07151], [116.30208, 40.0715], [116.30121, 40.0715], [116.30116, 40.0715], [116.30094, 40.07149], [116.30056, 40.07148], [116.30015, 40.07146], [116.29977, 40.07143], [116.29938, 40.07137], [116.29898, 40.0713], [116.29841, 40.07116], [116.29812, 40.07106], [116.29784, 40.07095]]}, "properties": {"kind": "line", "line": "Line 18", "colour": "#4a7fb5"}}, {"type": "Feature", "geometry": {"type": "LineString", "coordinates": [[116.30562, 40.07171], [116.30499, 40.0717], [116.30289, 40.07165], [116.30262, 40.07165], [116.30218, 40.07164], [116.3016, 40.07163], [116.3015, 40.07163], [116.30122, 40.07163]]}, "properties": {"kind": "line", "line": "Line 18", "colour": "#4a7fb5"}}, {"type": "Feature", "geometry": {"type": "LineString", "coordinates": [[116.43782, 40.06698], [116.43944, 40.06699]]}, "properties": {"kind": "line", "line": "Line 18", "colour": "#4a7fb5"}}, {"type": "Feature", "geometry": {"type": "LineString", "coordinates": [[116.43943, 40.06712], [116.43781, 40.06713]]}, "properties": {"kind": "line", "line": "Line 18", "colour": "#4a7fb5"}}, {"type": "Feature", "geometry": {"type": "LineString", "coordinates": [[116.26839, 40.03147], [116.26694, 40.03121]]}, "properties": {"kind": "line", "line": "Line 18", "colour": "#4a7fb5"}}, {"type": "Feature", "geometry": {"type": "LineString", "coordinates": [[116.26711, 40.03105], [116.26845, 40.0313]]}, "properties": {"kind": "line", "line": "Line 18", "colour": "#4a7fb5"}}, {"type": "Feature", "geometry": {"type": "LineString", "coordinates": [[116.55198, 39.97444], [116.55292, 39.97459], [116.55414, 39.97476]]}, "properties": {"kind": "line", "line": "Line 3", "colour": "#4a7fb5"}}, {"type": "Feature", "geometry": {"type": "LineString", "coordinates": [[116.26835, 39.94193], [116.26837, 39.94252]]}, "properties": {"kind": "line", "line": "Line 12", "colour": "#7a6a55"}}, {"type": "Feature", "geometry": {"type": "LineString", "coordinates": [[116.15538, 39.922], [116.1552, 39.92194], [116.15502, 39.92189]]}, "properties": {"kind": "line", "line": "", "colour": "#4a7fb5"}}, {"type": "Feature", "geometry": {"type": "LineString", "coordinates": [[116.15503, 39.922], [116.1552, 39.92194], [116.15538, 39.92189]]}, "properties": {"kind": "line", "line": "", "colour": "#4a7fb5"}}, {"type": "Feature", "geometry": {"type": "LineString", "coordinates": [[116.1588, 39.92191], [116.1592, 39.92202]]}, "properties": {"kind": "line", "line": "", "colour": "#4a7fb5"}}, {"type": "Feature", "geometry": {"type": "LineString", "coordinates": [[116.37881, 40.06248], [116.37833, 40.06269], [116.37239, 40.0652]]}, "properties": {"kind": "line", "line": "Line 13", "colour": "#f7c800"}}, {"type": "Feature", "geometry": {"type": "LineString", "coordinates": [[116.37237, 40.06517], [116.37879, 40.06245]]}, "properties": {"kind": "line", "line": "Line 13", "colour": "#f7c800"}}, {"type": "Feature", "geometry": {"type": "LineString", "coordinates": [[116.38474, 40.05997], [116.38002, 40.06196], [116.37921, 40.06231]]}, "properties": {"kind": "line", "line": "", "colour": "#F9E700"}}, {"type": "Feature", "geometry": {"type": "LineString", "coordinates": [[116.3792, 40.06228], [116.38003, 40.06192], [116.38472, 40.05994]]}, "properties": {"kind": "line", "line": "", "colour": "#F9E700"}}, {"type": "Feature", "geometry": {"type": "LineString", "coordinates": [[116.35674, 40.07979], [116.34532, 40.07937], [116.33435, 40.07882], [116.33033, 40.07852], [116.3288, 40.07832], [116.32704, 40.07801], [116.3254, 40.07765], [116.31798, 40.075], [116.31739, 40.07485], [116.31683, 40.07474], [116.31624, 40.07467], [116.31552, 40.0746], [116.31464, 40.07452], [116.31403, 40.0744], [116.31343, 40.07423], [116.31296, 40.07406], [116.31243, 40.07381], [116.31216, 40.07363], [116.31191, 40.07344], [116.31107, 40.07279], [116.31085, 40.07262], [116.31048, 40.0724], [116.31005, 40.07217], [116.30972, 40.07203], [116.30951, 40.07196], [116.30912, 40.07184], [116.30879, 40.07176], [116.30844, 40.0717], [116.30793, 40.07162], [116.30743, 40.07159], [116.30692, 40.07158], [116.3061, 40.07155], [116.30527, 40.07153], [116.30499, 40.07153], [116.30288, 40.07151]]}, "properties": {"kind": "line", "line": "Line 18", "colour": "#4a7fb5"}}, {"type": "Feature", "geometry": {"type": "LineString", "coordinates": [[116.32897, 40.06934], [116.32905, 40.06934]]}, "properties": {"kind": "line", "line": "Line 13", "colour": "#f7c800"}}, {"type": "Feature", "geometry": {"type": "LineString", "coordinates": [[116.32282, 40.06933], [116.32351, 40.06933], [116.32468, 40.06932], [116.32571, 40.06938]]}, "properties": {"kind": "line", "line": "Line 13", "colour": "#f7c800"}}, {"type": "Feature", "geometry": {"type": "LineString", "coordinates": [[116.32614, 40.06951], [116.32535, 40.0695], [116.32445, 40.06951], [116.32241, 40.06952]]}, "properties": {"kind": "line", "line": "Line 13", "colour": "#f7c800"}}, {"type": "Feature", "geometry": {"type": "LineString", "coordinates": [[116.16492, 39.93855], [116.16533, 39.93795], [116.16557, 39.93753], [116.16578, 39.93711], [116.16598, 39.93662], [116.16617, 39.93605], [116.16733, 39.93075], [116.16743, 39.93046], [116.16756, 39.93018], [116.16787, 39.92968], [116.16853, 39.9287], [116.16976, 39.92709], [116.17078, 39.92597], [116.17124, 39.92552], [116.17138, 39.92538], [116.17193, 39.92483]]}, "properties": {"kind": "line", "line": "Line 1", "colour": "#a12b2f"}}, {"type": "Feature", "geometry": {"type": "LineString", "coordinates": [[116.17196, 39.92485], [116.17142, 39.9254], [116.17127, 39.92555], [116.17081, 39.92598], [116.16979, 39.9271], [116.16861, 39.92875], [116.16794, 39.92971], [116.16765, 39.93019], [116.16751, 39.93048], [116.16741, 39.93076], [116.16621, 39.93606], [116.16603, 39.93663], [116.16582, 39.93712], [116.16562, 39.93753], [116.16537, 39.93797], [116.16497, 39.93856]]}, "properties": {"kind": "line", "line": "Line 1", "colour": "#a12b2f"}}, {"type": "Feature", "geometry": {"type": "LineString", "coordinates": [[116.34664, 39.99765], [116.34672, 39.99605], [116.34694, 39.99177], [116.34721, 39.9868], [116.34727, 39.98572], [116.34732, 39.9847], [116.3475, 39.98196], [116.34781, 39.97728], [116.34785, 39.97691], [116.34795, 39.97651], [116.34806, 39.97557], [116.34809, 39.97517], [116.34812, 39.97449], [116.34816, 39.97386]]}, "properties": {"kind": "line", "line": "Changping Line", "colour": "#e56db1"}}, {"type": "Feature", "geometry": {"type": "LineString", "coordinates": [[116.34824, 39.97386], [116.34821, 39.9745], [116.34798, 39.97674], [116.34788, 39.9771], [116.34781, 39.97807], [116.34773, 39.97941], [116.34766, 39.98066], [116.34758, 39.98179], [116.34744, 39.98382], [116.3474, 39.98436], [116.34737, 39.98573], [116.34731, 39.9868], [116.3473, 39.98697], [116.34704, 39.99169], [116.34672, 39.99765]]}, "properties": {"kind": "line", "line": "Changping Line", "colour": "#e56db1"}}, {"type": "Feature", "geometry": {"type": "LineString", "coordinates": [[116.34646, 40.0011], [116.34657, 39.99894], [116.34664, 39.99765]]}, "properties": {"kind": "line", "line": "Changping Line", "colour": "#e56db1"}}, {"type": "Feature", "geometry": {"type": "LineString", "coordinates": [[116.34672, 39.99765], [116.34665, 39.99894], [116.34655, 40.0011]]}, "properties": {"kind": "line", "line": "Changping Line", "colour": "#e56db1"}}, {"type": "Feature", "geometry": {"type": "LineString", "coordinates": [[116.30135, 40.04982], [116.30058, 40.05123], [116.30056, 40.05125]]}, "properties": {"kind": "line", "line": "", "colour": "#F9E700"}}, {"type": "Feature", "geometry": {"type": "LineString", "coordinates": [[116.30052, 40.05124], [116.30053, 40.05121], [116.30131, 40.0498]]}, "properties": {"kind": "line", "line": "", "colour": "#F9E700"}}, {"type": "Feature", "geometry": {"type": "LineString", "coordinates": [[116.30056, 40.05125], [116.30028, 40.05176], [116.30002, 40.05227]]}, "properties": {"kind": "line", "line": "", "colour": "#F9E700"}}, {"type": "Feature", "geometry": {"type": "LineString", "coordinates": [[116.29997, 40.05225], [116.30024, 40.05175], [116.30052, 40.05124]]}, "properties": {"kind": "line", "line": "", "colour": "#F9E700"}}, {"type": "Feature", "geometry": {"type": "LineString", "coordinates": [[116.34349, 39.84452], [116.34396, 39.84457], [116.34541, 39.84456], [116.34688, 39.84456], [116.3633, 39.84442], [116.36504, 39.84443], [116.37136, 39.84447], [116.37317, 39.84431], [116.37743, 39.84393], [116.37891, 39.8438], [116.37982, 39.84372], [116.38066, 39.8437], [116.3902, 39.84386], [116.39198, 39.84391]]}, "properties": {"kind": "line", "line": "Line 10", "colour": "#009bc0"}}, {"type": "Feature", "geometry": {"type": "LineString", "coordinates": [[116.45293, 39.86444], [116.45351, 39.86495], [116.45393, 39.86549], [116.45423, 39.86596], [116.45438, 39.86632], [116.45459, 39.86691], [116.45478, 39.86764], [116.45485, 39.86827], [116.45484, 39.86939], [116.45508, 39.8749], [116.45519, 39.88228], [116.45526, 39.88312]]}, "properties": {"kind": "line", "line": "Line 10", "colour": "#009bc0"}}, {"type": "Feature", "geometry": {"type": "LineString", "coordinates": [[116.44426, 39.90835], [116.4442, 39.91183], [116.44428, 39.91875], [116.44428, 39.92164], [116.44427, 39.92527], [116.44423, 39.9309]]}, "properties": {"kind": "line", "line": "Line 17", "colour": "#00a1a5"}}, {"type": "Feature", "geometry": {"type": "Point", "coordinates": [116.4119, 40.02902]}, "properties": {"kind": "station", "name": "Beiyuanlu North", "name_zh": "\u5317\u82d1\u8def\u5317"}}, {"type": "Feature", "geometry": {"type": "Point", "coordinates": [116.57533, 39.79372]}, "properties": {"kind": "station", "name": "Ciqu South", "name_zh": "\u6b21\u6e20\u5357"}}, {"type": "Feature", "geometry": {"type": "Point", "coordinates": [116.19762, 39.89899]}, "properties": {"kind": "station", "name": "\u8859\u95e8\u53e3", "name_zh": "\u8859\u95e8\u53e3"}}, {"type": "Feature", "geometry": {"type": "Point", "coordinates": [116.46901, 39.94293]}, "properties": {"kind": "station", "name": "Zaoying", "name_zh": "\u67a3\u8425"}}, {"type": "Feature", "geometry": {"type": "Point", "coordinates": [116.47253, 39.93231]}, "properties": {"kind": "station", "name": "Chaoyang Park", "name_zh": "\u671d\u9633\u516c\u56ed"}}, {"type": "Feature", "geometry": {"type": "Point", "coordinates": [116.26886, 39.86402]}, "properties": {"kind": "station", "name": "Dajing", "name_zh": "\u5927\u4e95"}}, {"type": "Feature", "geometry": {"type": "Point", "coordinates": [116.23445, 39.85833]}, "properties": {"kind": "station", "name": "Dawayao", "name_zh": "\u5927\u74e6\u7a91"}}, {"type": "Feature", "geometry": {"type": "Point", "coordinates": [116.24839, 39.86405]}, "properties": {"kind": "station", "name": "Guozhuangzi", "name_zh": "\u90ed\u5e84\u5b50"}}, {"type": "Feature", "geometry": {"type": "Point", "coordinates": [116.28817, 39.86524]}, "properties": {"kind": "station", "name": "Qilizhuang", "name_zh": "\u4e03\u91cc\u5e84"}}, {"type": "Feature", "geometry": {"type": "Point", "coordinates": [116.29781, 39.86522]}, "properties": {"kind": "station", "name": "Xiju", "name_zh": "\u897f\u5c40"}}, {"type": "Feature", "geometry": {"type": "Point", "coordinates": [116.31444, 39.86612]}, "properties": {"kind": "station", "name": "Dongguantou", "name_zh": "\u4e1c\u7ba1\u5934"}}, {"type": "Feature", "geometry": {"type": "Point", "coordinates": [116.3256, 39.86628]}, "properties": {"kind": "station", "name": "Lize Business District", "name_zh": "\u4e3d\u6cfd\u5546\u52a1\u533a"}}, {"type": "Feature", "geometry": {"type": "Point", "coordinates": [116.3601, 39.86141]}, "properties": {"kind": "station", "name": "Jingfengmen", "name_zh": "\u666f\u98ce\u95e8"}}, {"type": "Feature", "geometry": {"type": "Point", "coordinates": [116.33668, 39.86626]}, "properties": {"kind": "station", "name": "Caihuying", "name_zh": "\u83dc\u6237\u8425"}}, {"type": "Feature", "geometry": {"type": "Point", "coordinates": [116.40494, 39.86365]}, "properties": {"kind": "station", "name": "Jingtai", "name_zh": "\u666f\u6cf0"}}, {"type": "Feature", "geometry": {"type": "Point", "coordinates": [116.41546, 39.86433]}, "properties": {"kind": "station", "name": "Puhuangyu", "name_zh": "\u84b2\u9ec4\u6986"}}, {"type": "Feature", "geometry": {"type": "Point", "coordinates": [116.38168, 39.8676]}, "properties": {"kind": "station", "name": "Taoranqiao(under construction)", "name_zh": "\u9676\u7136\u6865(\u5728\u5efa)"}}, {"type": "Feature", "geometry": {"type": "Point", "coordinates": [116.45256, 39.86471]}, "properties": {"kind": "station", "name": "Shilihe", "name_zh": "\u5341\u91cc\u6cb3"}}, {"type": "Feature", "geometry": {"type": "Point", "coordinates": [116.43393, 39.86464]}, "properties": {"kind": "station", "name": "Fangzhuang", "name_zh": "\u65b9\u5e84"}}, {"type": "Feature", "geometry": {"type": "Point", "coordinates": [116.47897, 39.9583]}, "properties": {"kind": "station", "name": "Dongfeng Beiqiao", "name_zh": "\u4e1c\u98ce\u5317\u6865"}}, {"type": "Feature", "geometry": {"type": "Point", "coordinates": [116.47168, 39.89211]}, "properties": {"kind": "station", "name": "Jiulongshan", "name_zh": "\u4e5d\u9f99\u5c71"}}, {"type": "Feature", "geometry": {"type": "Point", "coordinates": [116.47123, 39.90694]}, "properties": {"kind": "station", "name": "Dawanglu", "name_zh": "\u5927\u671b\u8def"}}, {"type": "Feature", "geometry": {"type": "Point", "coordinates": [116.47134, 39.88385]}, "properties": {"kind": "station", "name": "Pingleyuan", "name_zh": "\u5e73\u4e50\u56ed"}}, {"type": "Feature", "geometry": {"type": "Point", "coordinates": [116.47136, 39.87364]}, "properties": {"kind": "station", "name": "Beijing University of Technology West Gate", "name_zh": "\u5317\u5de5\u5927\u897f\u95e8"}}, {"type": "Feature", "geometry": {"type": "Point", "coordinates": [116.46116, 40.00913]}, "properties": {"kind": "station", "name": "Donghuqu", "name_zh": "\u4e1c\u6e56\u6e20"}}, {"type": "Feature", "geometry": {"type": "Point", "coordinates": [116.47277, 40.02651]}, "properties": {"kind": "station", "name": "Shan'gezhuang", "name_zh": "\u5584\u5404\u5e84"}}, {"type": "Feature", "geometry": {"type": "Point", "coordinates": [116.48404, 39.96949]}, "properties": {"kind": "station", "name": "Jiangtai", "name_zh": "\u5c06\u53f0"}}, {"type": "Feature", "geometry": {"type": "Point", "coordinates": [116.46243, 39.99657]}, "properties": {"kind": "station", "name": "Wangjing", "name_zh": "\u671b\u4eac"}}, {"type": "Feature", "geometry": {"type": "Point", "coordinates": [116.46079, 40.0192]}, "properties": {"kind": "station", "name": "Laiguangying", "name_zh": "\u6765\u5e7f\u8425"}}, {"type": "Feature", "geometry": {"type": "Point", "coordinates": [116.46506, 39.99068]}, "properties": {"kind": "station", "name": "Futong", "name_zh": "\u961c\u901a"}}, {"type": "Feature", "geometry": {"type": "Point", "coordinates": [116.49752, 39.88401]}, "properties": {"kind": "station", "name": "Huagong", "name_zh": "\u5316\u5de5"}}, {"type": "Feature", "geometry": {"type": "Point", "coordinates": [116.49541, 39.87339]}, "properties": {"kind": "station", "name": "Nanlouzizhuang", "name_zh": "\u5357\u697c\u6893\u5e84"}}, {"type": "Feature", "geometry": {"type": "Point", "coordinates": [116.45523, 39.89209]}, "properties": {"kind": "station", "name": "Shuangjing", "name_zh": "\u53cc\u4e95"}}, {"type": "Feature", "geometry": {"type": "Point", "coordinates": [116.52235, 39.85814]}, "properties": {"kind": "station", "name": "Shuanghe", "name_zh": "\u53cc\u5408"}}, {"type": "Feature", "geometry": {"type": "Point", "coordinates": [116.50572, 39.85957]}, "properties": {"kind": "station", "name": "Fatou", "name_zh": "\u57a1\u5934"}}, {"type": "Feature", "geometry": {"type": "Point", "coordinates": [116.48135, 39.89219]}, "properties": {"kind": "station", "name": "Dajiaoting", "name_zh": "\u5927\u90ca\u4ead"}}, {"type": "Feature", "geometry": {"type": "Point", "coordinates": [116.35173, 39.88857]}, "properties": {"kind": "station", "name": "Inner Guang'anmen", "name_zh": "\u5e7f\u5b89\u95e8\u5185"}}, {"type": "Feature", "geometry": {"type": "Point", "coordinates": [116.44304, 39.89231]}, "properties": {"kind": "station", "name": "Guangqumen Wai", "name_zh": "\u5e7f\u6e20\u95e8\u5916"}}, {"type": "Feature", "geometry": {"type": "Point", "coordinates": [116.40225, 39.89128]}, "properties": {"kind": "station", "name": "Qiaowan", "name_zh": "\u6865\u6e7e"}}, {"type": "Feature", "geometry": {"type": "Point", "coordinates": [116.42772, 39.89229]}, "properties": {"kind": "station", "name": "Guangqumen Nei", "name_zh": "\u5e7f\u6e20\u95e8\u5185"}}, {"type": "Feature", "geometry": {"type": "Point", "coordinates": [116.49308, 39.86567]}, "properties": {"kind": "station", "name": "Beijing Happy Valley", "name_zh": "\u6b22\u4e50\u8c37\u666f\u533a"}}, {"type": "Feature", "geometry": {"type": "Point", "coordinates": [116.53161, 39.85429]}, "properties": {"kind": "station", "name": "Jiaohuachang", "name_zh": "\u7126\u5316\u5382"}}, {"type": "Feature", "geometry": {"type": "Point", "coordinates": [116.49024, 39.89138]}, "properties": {"kind": "station", "name": "Baiziwan", "name_zh": "\u767e\u5b50\u6e7e"}}, {"type": "Feature", "geometry": {"type": "Point", "coordinates": [116.41262, 39.8917]}, "properties": {"kind": "station", "name": "Ciqikou", "name_zh": "\u78c1\u5668\u53e3"}}, {"type": "Feature", "geometry": {"type": "Point", "coordinates": [116.36822, 39.88799]}, "properties": {"kind": "station", "name": "Caishikou", "name_zh": "\u83dc\u5e02\u53e3"}}, {"type": "Feature", "geometry": {"type": "Point", "coordinates": [116.37748, 39.8884]}, "properties": {"kind": "station", "name": "Hufangqiao", "name_zh": "\u864e\u574a\u6865"}}, {"type": "Feature", "geometry": {"type": "Point", "coordinates": [116.32937, 39.88889]}, "properties": {"kind": "station", "name": "Daguanying", "name_zh": "\u8fbe\u5b98\u8425"}}, {"type": "Feature", "geometry": {"type": "Point", "coordinates": [116.42506, 39.99975]}, "properties": {"kind": "station", "name": "Guanzhuang", "name_zh": "\u5173\u5e84"}}, {"type": "Feature", "geometry": {"type": "Point", "coordinates": [116.36204, 40.00012]}, "properties": {"kind": "station", "name": "Beishatan", "name_zh": "\u5317\u6c99\u6ee9"}}, {"type": "Feature", "geometry": {"type": "Point", "coordinates": [116.38676, 40.00039]}, "properties": {"kind": "station", "name": "Olympic Park", "name_zh": "\u5965\u6797\u5339\u514b\u516c\u56ed"}}, {"type": "Feature", "geometry": {"type": "Point", "coordinates": [116.40162, 40.00118]}, "properties": {"kind": "station", "name": "Anlilu", "name_zh": "\u5b89\u7acb\u8def"}}, {"type": "Feature", "geometry": {"type": "Point", "coordinates": [116.33363, 39.9993]}, "properties": {"kind": "station", "name": "Qinghua Donglu Xikou", "name_zh": "\u6e05\u534e\u4e1c\u8def\u897f\u53e3"}}, {"type": "Feature", "geometry": {"type": "Point", "coordinates": [116.2234, 39.84773]}, "properties": {"kind": "station", "name": "Wanpingcheng", "name_zh": "\u5b9b\u5e73\u57ce"}}, {"type": "Feature", "geometry": {"type": "Point", "coordinates": [116.25298, 39.83757]}, "properties": {"kind": "station", "name": "Yushuzhuang", "name_zh": "\u6986\u6811\u5e84"}}, {"type": "Feature", "geometry": {"type": "Point", "coordinates": [116.28109, 39.83494]}, "properties": {"kind": "station", "name": "Fufengqiao", "name_zh": "\u5bcc\u4e30\u6865"}}, {"type": "Feature", "geometry": {"type": "Point", "coordinates": [116.3308, 39.87627]}, "properties": {"kind": "station", "name": "Honglian Nanlu", "name_zh": "\u7ea2\u83b2\u5357\u8def"}}, {"type": "Feature", "geometry": {"type": "Point", "coordinates": [116.32777, 39.9077]}, "properties": {"kind": "station", "name": "Muxidi", "name_zh": "\u6728\u6a28\u5730"}}, {"type": "Feature", "geometry": {"type": "Point", "coordinates": [116.32887, 39.91394]}, "properties": {"kind": "station", "name": "Yuyuantan Park East Gate", "name_zh": "\u7389\u6e0a\u6f6d\u4e1c\u95e8"}}, {"type": "Feature", "geometry": {"type": "Point", "coordinates": [116.32851, 39.92244]}, "properties": {"kind": "station", "name": "Ganjia Kou", "name_zh": "\u7518\u5bb6\u53e3"}}, {"type": "Feature", "geometry": {"type": "Point", "coordinates": [116.30329, 39.94714]}, "properties": {"kind": "station", "name": "Wanshousi", "name_zh": "\u4e07\u5bff\u5bfa"}}, {"type": "Feature", "geometry": {"type": "Point", "coordinates": [116.30153, 39.96125]}, "properties": {"kind": "station", "name": "Suzhou Qiao", "name_zh": "\u82cf\u5dde\u6865"}}, {"type": "Feature", "geometry": {"type": "Point", "coordinates": [116.29426, 39.98392]}, "properties": {"kind": "station", "name": "Wanquanhe Qiao", "name_zh": "\u4e07\u6cc9\u6cb3\u6865"}}, {"type": "Feature", "geometry": {"type": "Point", "coordinates": [116.27703, 40.01844]}, "properties": {"kind": "station", "name": "Nongda Nanlu", "name_zh": "\u519c\u5927\u5357\u8def"}}, {"type": "Feature", "geometry": {"type": "Point", "coordinates": [116.26583, 40.03144]}, "properties": {"kind": "station", "name": "Malianwa", "name_zh": "\u9a6c\u8fde\u6d3c"}}, {"type": "Feature", "geometry": {"type": "Point", "coordinates": [116.25208, 40.04789]}, "properties": {"kind": "station", "name": "Xibeiwang", "name_zh": "\u897f\u5317\u65fa"}}, {"type": "Feature", "geometry": {"type": "Point", "coordinates": [116.24354, 40.06301]}, "properties": {"kind": "station", "name": "Yongfeng South", "name_zh": "\u6c38\u4e30\u5357"}}, {"type": "Feature", "geometry": {"type": "Point", "coordinates": [116.20933, 40.06731]}, "properties": {"kind": "station", "name": "Tundian", "name_zh": "\u5c6f\u4f43"}}, {"type": "Feature", "geometry": {"type": "Point", "coordinates": [116.15557, 40.06751]}, "properties": {"kind": "station", "name": "Wenyanglu", "name_zh": "\u6e29\u9633\u8def"}}, {"type": "Feature", "geometry": {"type": "Point", "coordinates": [116.12438, 40.06686]}, "properties": {"kind": "station", "name": "Beianhe", "name_zh": "\u5317\u5b89\u6cb3"}}, {"type": "Feature", "geometry": {"type": "Point", "coordinates": [116.42095, 39.9036]}, "properties": {"kind": "station", "name": "Beijing Railway Station", "name_zh": "\u5317\u4eac\u7ad9"}}, {"type": "Feature", "geometry": {"type": "Point", "coordinates": [116.37275, 39.86355]}, "properties": {"kind": "station", "name": "Beijing South", "name_zh": "\u5317\u4eac\u5357\u7ad9"}}, {"type": "Feature", "geometry": {"type": "Point", "coordinates": [116.41091, 39.98618]}, "properties": {"kind": "station", "name": "Huixinxijie Beikou", "name_zh": "\u60e0\u65b0\u897f\u8857\u5317\u53e3"}}, {"type": "Feature", "geometry": {"type": "Point", "coordinates": [116.41136, 39.97596]}, "properties": {"kind": "station", "name": "Huixinxijie Nankou", "name_zh": "\u60e0\u65b0\u897f\u8857\u5357\u53e3"}}, {"type": "Feature", "geometry": {"type": "Point", "coordinates": [116.41179, 39.96723]}, "properties": {"kind": "station", "name": "Heping Xiqiao", "name_zh": "\u548c\u5e73\u897f\u6865"}}, {"type": "Feature", "geometry": {"type": "Point", "coordinates": [116.41016, 39.94697]}, "properties": {"kind": "station", "name": "Yonghegong Lama Temple", "name_zh": "\u96cd\u548c\u5bab"}}, {"type": "Feature", "geometry": {"type": "Point", "coordinates": [116.41154, 39.94793]}, "properties": {"kind": "station", "name": "Yonghegong Lama Temple", "name_zh": "\u96cd\u548c\u5bab"}}, {"type": "Feature", "geometry": {"type": "Point", "coordinates": [116.41184, 39.91541]}, "properties": {"kind": "station", "name": "Dengshikou", "name_zh": "\u706f\u5e02\u53e3"}}, {"type": "Feature", "geometry": {"type": "Point", "coordinates": [116.41025, 39.92297]}, "properties": {"kind": "station", "name": "Dongsi", "name_zh": "\u4e1c\u56db"}}, {"type": "Feature", "geometry": {"type": "Point", "coordinates": [116.39006, 39.93595]}, "properties": {"kind": "station", "name": "Shichahai", "name_zh": "\u4ec0\u5239\u6d77"}}, {"type": "Feature", "geometry": {"type": "Point", "coordinates": [116.38792, 39.94754]}, "properties": {"kind": "station", "name": "Gulou Dajie", "name_zh": "\u9f13\u697c\u5927\u8857"}}, {"type": "Feature", "geometry": {"type": "Point", "coordinates": [116.38764, 39.94673]}, "properties": {"kind": "station", "name": "Gulou Dajie", "name_zh": "\u9f13\u697c\u5927\u8857"}}, {"type": "Feature", "geometry": {"type": "Point", "coordinates": [116.3884, 39.96711]}, "properties": {"kind": "station", "name": "Anhuaqiao", "name_zh": "\u5b89\u534e\u6865"}}, {"type": "Feature", "geometry": {"type": "Point", "coordinates": [116.38793, 39.9764]}, "properties": {"kind": "station", "name": "Beitucheng", "name_zh": "\u5317\u571f\u57ce"}}, {"type": "Feature", "geometry": {"type": "Point", "coordinates": [116.3864, 40.00919]}, "properties": {"kind": "station", "name": "Forest Park South Gate", "name_zh": "\u68ee\u6797\u516c\u56ed\u5357\u95e8"}}, {"type": "Feature", "geometry": {"type": "Point", "coordinates": [116.3539, 40.07048]}, "properties": {"kind": "station", "name": "Huoying", "name_zh": "\u970d\u8425"}}, {"type": "Feature", "geometry": {"type": "Point", "coordinates": [116.36679, 40.0206]}, "properties": {"kind": "station", "name": "Lincuiqiao", "name_zh": "\u6797\u8403\u6865"}}, {"type": "Feature", "geometry": {"type": "Point", "coordinates": [116.34833, 40.03668]}, "properties": {"kind": "station", "name": "Yongtaizhuang", "name_zh": "\u6c38\u6cf0\u5e84"}}, {"type": "Feature", "geometry": {"type": "Point", "coordinates": [116.34516, 40.04607]}, "properties": {"kind": "station", "name": "Xixiaokou", "name_zh": "\u897f\u5c0f\u53e3"}}, {"type": "Feature", "geometry": {"type": "Point", "coordinates": [116.35718, 40.07975]}, "properties": {"kind": "station", "name": "Huilongguan Dongdajie", "name_zh": "\u56de\u9f99\u89c2\u4e1c\u5927\u8857"}}, {"type": "Feature", "geometry": {"type": "Point", "coordinates": [116.34419, 40.08866]}, "properties": {"kind": "station", "name": "Pingxifu", "name_zh": "\u5e73\u897f\u5e9c"}}, {"type": "Feature", "geometry": {"type": "Point", "coordinates": [116.28788, 40.12966]}, "properties": {"kind": "station", "name": "Gonghuacheng", "name_zh": "\u5de9\u534e\u57ce"}}, {"type": "Feature", "geometry": {"type": "Point", "coordinates": [116.28277, 40.14704]}, "properties": {"kind": "station", "name": "Shahe", "name_zh": "\u6c99\u6cb3"}}, {"type": "Feature", "geometry": {"type": "Point", "coordinates": [116.49604, 39.92163]}, "properties": {"kind": "station", "name": "Shilipu", "name_zh": "\u5341\u91cc\u5821"}}, {"type": "Feature", "geometry": {"type": "Point", "coordinates": [116.45497, 39.87486]}, "properties": {"kind": "station", "name": "Panjiayuan", "name_zh": "\u6f58\u5bb6\u56ed"}}, {"type": "Feature", "geometry": {"type": "Point", "coordinates": [116.44759, 39.85061]}, "properties": {"kind": "station", "name": "Fenzhongsi", "name_zh": "\u5206\u949f\u5bfa"}}, {"type": "Feature", "geometry": {"type": "Point", "coordinates": [116.41219, 40.00154]}, "properties": {"kind": "station", "name": "Datunlu East", "name_zh": "\u5927\u5c6f\u8def\u4e1c"}}, {"type": "Feature", "geometry": {"type": "Point", "coordinates": [116.38534, 40.00089]}, "properties": {"kind": "station", "name": "Olympic Park", "name_zh": "\u5965\u6797\u5339\u514b\u516c\u56ed"}}, {"type": "Feature", "geometry": {"type": "Point", "coordinates": [116.4417, 39.99416]}, "properties": {"kind": "station", "name": "Wangjing West", "name_zh": "\u671b\u4eac\u897f"}}, {"type": "Feature", "geometry": {"type": "Point", "coordinates": [116.37778, 39.89869]}, "properties": {"kind": "station", "name": "Hepingmen", "name_zh": "\u548c\u5e73\u95e8"}}, {"type": "Feature", "geometry": {"type": "Point", "coordinates": [116.33273, 39.93694]}, "properties": {"kind": "station", "name": "Beijing Zoo", "name_zh": "\u52a8\u7269\u56ed"}}, {"type": "Feature", "geometry": {"type": "Point", "coordinates": [116.41089, 39.93939]}, "properties": {"kind": "station", "name": "Beixinqiao", "name_zh": "\u5317\u65b0\u6865"}}, {"type": "Feature", "geometry": {"type": "Point", "coordinates": [116.31873, 39.94122]}, "properties": {"kind": "station", "name": "National Library", "name_zh": "\u56fd\u5bb6\u56fe\u4e66\u9986"}}, {"type": "Feature", "geometry": {"type": "Point", "coordinates": [116.45512, 39.88307]}, "properties": {"kind": "station", "name": "Jinsong", "name_zh": "\u52b2\u677e"}}, {"type": "Feature", "geometry": {"type": "Point", "coordinates": [116.13424, 39.72188]}, "properties": {"kind": "station", "name": "Liangxiang Nanguan", "name_zh": "\u826f\u4e61\u5357\u5173"}}, {"type": "Feature", "geometry": {"type": "Point", "coordinates": [116.37881, 39.84384]}, "properties": {"kind": "station", "name": "Jiaomen East", "name_zh": "\u89d2\u95e8\u4e1c"}}, {"type": "Feature", "geometry": {"type": "Point", "coordinates": [116.53395, 39.77182]}, "properties": {"kind": "station", "name": "Tongjinanlu", "name_zh": "\u540c\u6d4e\u5357\u8def"}}, {"type": "Feature", "geometry": {"type": "Point", "coordinates": [116.42974, 39.97595]}, "properties": {"kind": "station", "name": "Shaoyaoju", "name_zh": "\u828d\u836f\u5c45"}}, {"type": "Feature", "geometry": {"type": "Point", "coordinates": [116.35051, 39.90595]}, "properties": {"kind": "station", "name": "Fuxingmen", "name_zh": "\u590d\u5174\u95e8"}}, {"type": "Feature", "geometry": {"type": "Point", "coordinates": [116.33439, 39.97509]}, "properties": {"kind": "station", "name": "Zhichun Lu", "name_zh": "\u77e5\u6625\u8def"}}, {"type": "Feature", "geometry": {"type": "Point", "coordinates": [116.31782, 39.90612]}, "properties": {"kind": "station", "name": "Military Museum", "name_zh": "\u519b\u4e8b\u535a\u7269\u9986"}}, {"type": "Feature", "geometry": {"type": "Point", "coordinates": [116.36801, 39.89839]}, "properties": {"kind": "station", "name": "Xuanwumen", "name_zh": "\u5ba3\u6b66\u95e8"}}, {"type": "Feature", "geometry": {"type": "Point", "coordinates": [116.41196, 39.89974]}, "properties": {"kind": "station", "name": "Chongwenmen", "name_zh": "\u5d07\u6587\u95e8"}}, {"type": "Feature", "geometry": {"type": "Point", "coordinates": [116.30413, 39.90618]}, "properties": {"kind": "station", "name": "Gongzhufen", "name_zh": "\u516c\u4e3b\u575f"}}, {"type": "Feature", "geometry": {"type": "Point", "coordinates": [116.41263, 39.90686]}, "properties": {"kind": "station", "name": "Dongdan", "name_zh": "\u4e1c\u5355"}}, {"type": "Feature", "geometry": {"type": "Point", "coordinates": [116.4555, 39.9221]}, "properties": {"kind": "station", "name": "Hujialou", "name_zh": "\u547c\u5bb6\u697c"}}, {"type": "Feature", "geometry": {"type": "Point", "coordinates": [116.36467, 39.83526]}, "properties": {"kind": "station", "name": "Gongyixiqiao", "name_zh": "\u516c\u76ca\u897f\u6865"}}, {"type": "Feature", "geometry": {"type": "Point", "coordinates": [116.28743, 39.9733]}, "properties": {"kind": "station", "name": "Bagou", "name_zh": "\u5df4\u6c9f"}}, {"type": "Feature", "geometry": {"type": "Point", "coordinates": [116.29603, 39.81338]}, "properties": {"kind": "station", "name": "Guogongzhuang", "name_zh": "\u90ed\u516c\u5e84"}}, {"type": "Feature", "geometry": {"type": "Point", "coordinates": [116.49831, 40.03255]}, "properties": {"kind": "station", "name": "Maquanying", "name_zh": "\u9a6c\u6cc9\u8425"}}, {"type": "Feature", "geometry": {"type": "Point", "coordinates": [116.2969, 39.87869]}, "properties": {"kind": "station", "name": "Liuliqiao", "name_zh": "\u516d\u91cc\u6865"}}, {"type": "Feature", "geometry": {"type": "Point", "coordinates": [116.34923, 39.93922]}, "properties": {"kind": "station", "name": "Xizhimen", "name_zh": "\u897f\u76f4\u95e8"}}, {"type": "Feature", "geometry": {"type": "Point", "coordinates": [116.68197, 39.90183]}, "properties": {"kind": "station", "name": "Beiyunhe West", "name_zh": "\u5317\u8fd0\u6cb3\u897f"}}, {"type": "Feature", "geometry": {"type": "Point", "coordinates": [116.50948, 39.9073]}, "properties": {"kind": "station", "name": "Sihui East", "name_zh": "\u56db\u60e0\u4e1c"}}, {"type": "Feature", "geometry": {"type": "Point", "coordinates": [116.48938, 39.90757]}, "properties": {"kind": "station", "name": "Sihui", "name_zh": "\u56db\u60e0"}}, {"type": "Feature", "geometry": {"type": "Point", "coordinates": [116.42923, 39.90716]}, "properties": {"kind": "station", "name": "Jianguomen", "name_zh": "\u5efa\u56fd\u95e8"}}, {"type": "Feature", "geometry": {"type": "Point", "coordinates": [116.36649, 39.93232]}, "properties": {"kind": "station", "name": "Ping'anli", "name_zh": "\u5e73\u5b89\u91cc"}}, {"type": "Feature", "geometry": {"type": "Point", "coordinates": [116.34934, 39.93116]}, "properties": {"kind": "station", "name": "Chegongzhuang", "name_zh": "\u8f66\u516c\u5e84"}}, {"type": "Feature", "geometry": {"type": "Point", "coordinates": [116.36478, 39.84448]}, "properties": {"kind": "station", "name": "Jiaomen West", "name_zh": "\u89d2\u95e8\u897f"}}, {"type": "Feature", "geometry": {"type": "Point", "coordinates": [116.28886, 39.93156]}, "properties": {"kind": "station", "name": "Cishousi", "name_zh": "\u6148\u5bff\u5bfa"}}, {"type": "Feature", "geometry": {"type": "Point", "coordinates": [116.45565, 39.90702]}, "properties": {"kind": "station", "name": "Guomao", "name_zh": "\u56fd\u8d38"}}, {"type": "Feature", "geometry": {"type": "Point", "coordinates": [116.42795, 39.92306]}, "properties": {"kind": "station", "name": "Chaoyangmen", "name_zh": "\u671d\u9633\u95e8"}}, {"type": "Feature", "geometry": {"type": "Point", "coordinates": [116.35445, 40.06936]}, "properties": {"kind": "station", "name": "Huoying", "name_zh": "\u970d\u8425"}}, {"type": "Feature", "geometry": {"type": "Point", "coordinates": [116.30018, 40.05172]}, "properties": {"kind": "station", "name": "Xi'erqi", "name_zh": "\u897f\u4e8c\u65d7"}}, {"type": "Feature", "geometry": {"type": "Point", "coordinates": [116.3682, 39.90574]}, "properties": {"kind": "station", "name": "Xidan", "name_zh": "\u897f\u5355"}}, {"type": "Feature", "geometry": {"type": "Point", "coordinates": [116.31938, 39.93239]}, "properties": {"kind": "station", "name": "Baishiqiao South", "name_zh": "\u767d\u77f3\u6865\u5357"}}, {"type": "Feature", "geometry": {"type": "Point", "coordinates": [116.32976, 40.06952]}, "properties": {"kind": "station", "name": "Huilongguan", "name_zh": "\u56de\u9f99\u89c2"}}, {"type": "Feature", "geometry": {"type": "Point", "coordinates": [116.42193, 39.84438]}, "properties": {"kind": "station", "name": "Songjiazhuang", "name_zh": "\u5b8b\u5bb6\u5e84"}}, {"type": "Feature", "geometry": {"type": "Point", "coordinates": [116.55813, 39.92267]}, "properties": {"kind": "station", "name": "Dalianpo", "name_zh": "\u8921\u88e2\u5761"}}, {"type": "Feature", "geometry": {"type": "Point", "coordinates": [116.42819, 40.04166]}, "properties": {"kind": "station", "name": "Beiyuan", "name_zh": "\u5317\u82d1"}}, {"type": "Feature", "geometry": {"type": "Point", "coordinates": [116.26392, 40.01106]}, "properties": {"kind": "station", "name": "Anheqiaobei", "name_zh": "\u5b89\u6cb3\u6865\u5317"}}, {"type": "Feature", "geometry": {"type": "Point", "coordinates": [116.41561, 39.85607]}, "properties": {"kind": "station", "name": "Liujiayao", "name_zh": "\u5218\u5bb6\u7a91"}}, {"type": "Feature", "geometry": {"type": "Point", "coordinates": [116.36127, 39.93943]}, "properties": {"kind": "station", "name": "Xinjiekou", "name_zh": "\u65b0\u8857\u53e3"}}, {"type": "Feature", "geometry": {"type": "Point", "coordinates": [116.39492, 39.90633]}, "properties": {"kind": "station", "name": "Tian'anmen East", "name_zh": "\u5929\u5b89\u95e8\u4e1c"}}, {"type": "Feature", "geometry": {"type": "Point", "coordinates": [116.45148, 39.95971]}, "properties": {"kind": "station", "name": "Sanyuanqiao", "name_zh": "\u4e09\u5143\u6865"}}, {"type": "Feature", "geometry": {"type": "Point", "coordinates": [116.30398, 39.93121]}, "properties": {"kind": "station", "name": "Huayuanqiao", "name_zh": "\u82b1\u56ed\u6865"}}, {"type": "Feature", "geometry": {"type": "Point", "coordinates": [116.38004, 39.9318]}, "properties": {"kind": "station", "name": "Beihai North", "name_zh": "\u5317\u6d77\u5317"}}, {"type": "Feature", "geometry": {"type": "Point", "coordinates": [116.32569, 39.76229]}, "properties": {"kind": "station", "name": "Gaomidian South", "name_zh": "\u9ad8\u7c73\u5e97\u5357"}}, {"type": "Feature", "geometry": {"type": "Point", "coordinates": [116.59317, 39.90808]}, "properties": {"kind": "station", "name": "Guaanzhuang", "name_zh": "\u7ba1\u5e84"}}, {"type": "Feature", "geometry": {"type": "Point", "coordinates": [116.65118, 40.12886]}, "properties": {"kind": "station", "name": "Shunyi", "name_zh": "\u987a\u4e49"}}, {"type": "Feature", "geometry": {"type": "Point", "coordinates": [116.44415, 39.9071]}, "properties": {"kind": "station", "name": "Yonganli", "name_zh": "\u6c38\u5b89\u91cc"}}, {"type": "Feature", "geometry": {"type": "Point", "coordinates": [116.61271, 39.90505]}, "properties": {"kind": "station", "name": "Baliqiao", "name_zh": "\u516b\u91cc\u6865"}}, {"type": "Feature", "geometry": {"type": "Point", "coordinates": [116.40824, 40.04051]}, "properties": {"kind": "station", "name": "Lishuiqiao South", "name_zh": "\u7acb\u6c34\u6865\u5357"}}, {"type": "Feature", "geometry": {"type": "Point", "coordinates": [116.19567, 39.85999]}, "properties": {"kind": "station", "name": "Garden Expo Park", "name_zh": "\u56ed\u535a\u56ed"}}, {"type": "Feature", "geometry": {"type": "Point", "coordinates": [116.3317, 39.99148]}, "properties": {"kind": "station", "name": "Wudaokou", "name_zh": "\u4e94\u9053\u53e3"}}, {"type": "Feature", "geometry": {"type": "Point", "coordinates": [116.29143, 39.83089]}, "properties": {"kind": "station", "name": "Keyilu", "name_zh": "\u79d1\u6021\u8def"}}, {"type": "Feature", "geometry": {"type": "Point", "coordinates": [116.51084, 39.92168]}, "properties": {"kind": "station", "name": "Qingnianlu", "name_zh": "\u9752\u5e74\u8def"}}, {"type": "Feature", "geometry": {"type": "Point", "coordinates": [116.28804, 39.95741]}, "properties": {"kind": "station", "name": "Changchunqiao", "name_zh": "\u957f\u6625\u6865"}}, {"type": "Feature", "geometry": {"type": "Point", "coordinates": [116.28342, 39.96433]}, "properties": {"kind": "station", "name": "Huoqiying", "name_zh": "\u706b\u5668\u8425"}}, {"type": "Feature", "geometry": {"type": "Point", "coordinates": [116.36727, 39.91478]}, "properties": {"kind": "station", "name": "Lingjing Hutong", "name_zh": "\u7075\u5883\u80e1\u540c"}}, {"type": "Feature", "geometry": {"type": "Point", "coordinates": [116.32603, 39.75181]}, "properties": {"kind": "station", "name": "Zaoyuan", "name_zh": "\u67a3\u56ed"}}, {"type": "Feature", "geometry": {"type": "Point", "coordinates": [116.63141, 39.90274]}, "properties": {"kind": "station", "name": "Tongzhou Beiyuan", "name_zh": "\u901a\u5dde\u5317\u82d1"}}, {"type": "Feature", "geometry": {"type": "Point", "coordinates": [116.57098, 39.90907]}, "properties": {"kind": "station", "name": "Shuangqiao", "name_zh": "\u53cc\u6865"}}, {"type": "Feature", "geometry": {"type": "Point", "coordinates": [116.40664, 40.07377]}, "properties": {"kind": "station", "name": "Tiantongyuan", "name_zh": "\u5929\u901a\u82d1"}}, {"type": "Feature", "geometry": {"type": "Point", "coordinates": [116.54884, 39.90804]}, "properties": {"kind": "station", "name": "Communication University of China", "name_zh": "\u4f20\u5a92\u5927\u5b66"}}, {"type": "Feature", "geometry": {"type": "Point", "coordinates": [116.4113, 39.93228]}, "properties": {"kind": "station", "name": "Zhangzizhong Lu", "name_zh": "\u5f20\u81ea\u5fe0\u8def"}}, {"type": "Feature", "geometry": {"type": "Point", "coordinates": [116.45324, 39.82673]}, "properties": {"kind": "station", "name": "Xiaohongmen", "name_zh": "\u5c0f\u7ea2\u95e8"}}, {"type": "Feature", "geometry": {"type": "Point", "coordinates": [116.48462, 39.80563]}, "properties": {"kind": "station", "name": "Yizhuang Culture Park", "name_zh": "\u4ea6\u5e84\u6587\u5316\u56ed"}}, {"type": "Feature", "geometry": {"type": "Point", "coordinates": [116.49953, 39.80176]}, "properties": {"kind": "station", "name": "Wanyuanjie", "name_zh": "\u4e07\u6e90\u8857"}}, {"type": "Feature", "geometry": {"type": "Point", "coordinates": [116.55644, 39.78255]}, "properties": {"kind": "station", "name": "Jinghailu", "name_zh": "\u7ecf\u6d77\u8def"}}, {"type": "Feature", "geometry": {"type": "Point", "coordinates": [116.67898, 40.13138]}, "properties": {"kind": "station", "name": "Fengbo", "name_zh": "\u4ff8\u4f2f"}}, {"type": "Feature", "geometry": {"type": "Point", "coordinates": [116.41107, 40.00217]}, "properties": {"kind": "station", "name": "Datunlu East", "name_zh": "\u5927\u5c6f\u8def\u4e1c"}}, {"type": "Feature", "geometry": {"type": "Point", "coordinates": [116.4809, 40.00203]}, "properties": {"kind": "station", "name": "Wangjing East", "name_zh": "\u671b\u4eac\u4e1c"}}, {"type": "Feature", "geometry": {"type": "Point", "coordinates": [116.37477, 39.97509]}, "properties": {"kind": "station", "name": "Jiandemen", "name_zh": "\u5065\u5fb7\u95e8"}}, {"type": "Feature", "geometry": {"type": "Point", "coordinates": [116.31968, 39.92257]}, "properties": {"kind": "station", "name": "Baiduizi", "name_zh": "\u767d\u5806\u5b50"}}, {"type": "Feature", "geometry": {"type": "Point", "coordinates": [116.18445, 39.90614]}, "properties": {"kind": "station", "name": "Gucheng", "name_zh": "\u53e4\u57ce"}}, {"type": "Feature", "geometry": {"type": "Point", "coordinates": [116.44188, 39.84455]}, "properties": {"kind": "station", "name": "Chengshousi", "name_zh": "\u6210\u5bff\u5bfa"}}, {"type": "Feature", "geometry": {"type": "Point", "coordinates": [116.45561, 39.9322]}, "properties": {"kind": "station", "name": "Tuanjiehu", "name_zh": "\u56e2\u7ed3\u6e56"}}, {"type": "Feature", "geometry": {"type": "Point", "coordinates": [116.45629, 39.94013]}, "properties": {"kind": "station", "name": "Agricultural Exhibition Center", "name_zh": "\u519c\u4e1a\u5c55\u89c8\u9986"}}, {"type": "Feature", "geometry": {"type": "Point", "coordinates": [116.45627, 39.94826]}, "properties": {"kind": "station", "name": "Liangmaqiao", "name_zh": "\u4eae\u9a6c\u6865"}}, {"type": "Feature", "geometry": {"type": "Point", "coordinates": [116.39918, 39.97583]}, "properties": {"kind": "station", "name": "Anzhenmen", "name_zh": "\u5b89\u8d1e\u95e8"}}, {"type": "Feature", "geometry": {"type": "Point", "coordinates": [116.36306, 39.97491]}, "properties": {"kind": "station", "name": "Mudanyuan", "name_zh": "\u7261\u4e39\u56ed"}}, {"type": "Feature", "geometry": {"type": "Point", "coordinates": [116.34777, 39.97487]}, "properties": {"kind": "station", "name": "Xitucheng", "name_zh": "\u897f\u571f\u57ce"}}, {"type": "Feature", "geometry": {"type": "Point", "coordinates": [116.29997, 39.97433]}, "properties": {"kind": "station", "name": "Suzhoujie", "name_zh": "\u82cf\u5dde\u8857"}}, {"type": "Feature", "geometry": {"type": "Point", "coordinates": [116.31845, 39.93125]}, "properties": {"kind": "station", "name": "Baishi Bridge South", "name_zh": "\u767d\u77f3\u6865\u5357"}}, {"type": "Feature", "geometry": {"type": "Point", "coordinates": [116.47255, 40.02639]}, "properties": {"kind": "station", "name": "Shan'gezhuang", "name_zh": "\u5584\u5404\u5e84"}}, {"type": "Feature", "geometry": {"type": "Point", "coordinates": [116.38855, 39.95549]}, "properties": {"kind": "station", "name": "Andeli Beijie", "name_zh": "\u5b89\u5fb7\u91cc\u5317\u8857"}}, {"type": "Feature", "geometry": {"type": "Point", "coordinates": [116.2879, 39.94513]}, "properties": {"kind": "station", "name": "Chedaogou", "name_zh": "\u8f66\u9053\u6c9f"}}, {"type": "Feature", "geometry": {"type": "Point", "coordinates": [116.29819, 39.85738]}, "properties": {"kind": "station", "name": "Niwa", "name_zh": "\u6ce5\u6d3c"}}, {"type": "Feature", "geometry": {"type": "Point", "coordinates": [116.29191, 39.9219]}, "properties": {"kind": "station", "name": "Xidiaoyutai", "name_zh": "\u897f\u9493\u9c7c\u53f0"}}, {"type": "Feature", "geometry": {"type": "Point", "coordinates": [116.30431, 39.89616]}, "properties": {"kind": "station", "name": "Lianhuaqiao", "name_zh": "\u83b2\u82b1\u6865"}}, {"type": "Feature", "geometry": {"type": "Point", "coordinates": [116.2976, 39.84964]}, "properties": {"kind": "station", "name": "Fengtai Railway Station", "name_zh": "\u4e30\u53f0\u7ad9"}}, {"type": "Feature", "geometry": {"type": "Point", "coordinates": [116.31511, 39.89354]}, "properties": {"kind": "station", "name": "Beijing West Railway Station", "name_zh": "\u5317\u4eac\u897f\u7ad9"}}, {"type": "Feature", "geometry": {"type": "Point", "coordinates": [116.34664, 39.99967]}, "properties": {"kind": "station", "name": "Liudaokou", "name_zh": "\u516d\u9053\u53e3"}}, {"type": "Feature", "geometry": {"type": "Point", "coordinates": [116.45553, 39.91596]}, "properties": {"kind": "station", "name": "Jintaixizhao", "name_zh": "\u91d1\u53f0\u5915\u7167"}}, {"type": "Feature", "geometry": {"type": "Point", "coordinates": [116.40677, 40.08209]}, "properties": {"kind": "station", "name": "Tiantongyuan North", "name_zh": "\u5929\u901a\u82d1\u5317"}}, {"type": "Feature", "geometry": {"type": "Point", "coordinates": [116.41193, 39.9397]}, "properties": {"kind": "station", "name": "Beixinqiao", "name_zh": "\u5317\u65b0\u6865"}}, {"type": "Feature", "geometry": {"type": "Point", "coordinates": [116.16494, 39.93855]}, "properties": {"kind": "station", "name": "Fushouling", "name_zh": "\u798f\u5bff\u5cad"}}, {"type": "Feature", "geometry": {"type": "Point", "coordinates": [116.15683, 39.92192]}, "properties": {"kind": "station", "name": "Jin'anqiao", "name_zh": "\u91d1\u5b89\u6865"}}, {"type": "Feature", "geometry": {"type": "Point", "coordinates": [116.17955, 39.92646]}, "properties": {"kind": "station", "name": "Yang Zhuang", "name_zh": "\u6768\u5e84"}}, {"type": "Feature", "geometry": {"type": "Point", "coordinates": [116.2006, 39.93249]}, "properties": {"kind": "station", "name": "Xihuang Cun", "name_zh": "\u897f\u9ec4\u6751"}}, {"type": "Feature", "geometry": {"type": "Point", "coordinates": [116.22089, 39.93141]}, "properties": {"kind": "station", "name": "Liaogong Zhuang", "name_zh": "\u5ed6\u516c\u5e84"}}, {"type": "Feature", "geometry": {"type": "Point", "coordinates": [116.24688, 39.92839]}, "properties": {"kind": "station", "name": "Tian Cun", "name_zh": "\u7530\u6751"}}, {"type": "Feature", "geometry": {"type": "Point", "coordinates": [116.39219, 39.88931]}, "properties": {"kind": "station", "name": "Zhushikou", "name_zh": "\u73e0\u5e02\u53e3"}}, {"type": "Feature", "geometry": {"type": "Point", "coordinates": [116.39304, 39.86476]}, "properties": {"kind": "station", "name": "Outer Yongdingmen", "name_zh": "\u6c38\u5b9a\u95e8\u5916"}}, {"type": "Feature", "geometry": {"type": "Point", "coordinates": [116.39322, 39.85818]}, "properties": {"kind": "station", "name": "Muxi Yuan", "name_zh": "\u6728\u6a28\u56ed"}}, {"type": "Feature", "geometry": {"type": "Point", "coordinates": [116.39403, 39.85065]}, "properties": {"kind": "station", "name": "Haihu Tun", "name_zh": "\u6d77\u6237\u5c6f"}}, {"type": "Feature", "geometry": {"type": "Point", "coordinates": [116.39485, 39.83555]}, "properties": {"kind": "station", "name": "Dahongmen Nan (South)", "name_zh": "\u5927\u7ea2\u95e8\u5357"}}, {"type": "Feature", "geometry": {"type": "Point", "coordinates": [116.39583, 39.81356]}, "properties": {"kind": "station", "name": "Heyi", "name_zh": "\u548c\u4e49"}}, {"type": "Feature", "geometry": {"type": "Point", "coordinates": [116.40307, 39.80378]}, "properties": {"kind": "station", "name": "Donggao Di", "name_zh": "\u4e1c\u9ad8\u5730"}}, {"type": "Feature", "geometry": {"type": "Point", "coordinates": [116.41244, 39.79798]}, "properties": {"kind": "station", "name": "Huojian Wanyuan", "name_zh": "\u706b\u7bad\u4e07\u6e90"}}, {"type": "Feature", "geometry": {"type": "Point", "coordinates": [116.41741, 39.78377]}, "properties": {"kind": "station", "name": "Wufu Tang", "name_zh": "\u4e94\u798f\u5802"}}, {"type": "Feature", "geometry": {"type": "Point", "coordinates": [116.40454, 39.92363]}, "properties": {"kind": "station", "name": "National Art Museum", "name_zh": "\u4e2d\u56fd\u7f8e\u672f\u9986"}}, {"type": "Feature", "geometry": {"type": "Point", "coordinates": [116.38516, 39.90597]}, "properties": {"kind": "station", "name": "Tian'anmen West", "name_zh": "\u5929\u5b89\u95e8\u897f"}}, {"type": "Feature", "geometry": {"type": "Point", "coordinates": [116.43556, 39.77129]}, "properties": {"kind": "station", "name": "Demao", "name_zh": "\u5fb7\u8302"}}, {"type": "Feature", "geometry": {"type": "Point", "coordinates": [116.44283, 39.75936]}, "properties": {"kind": "station", "name": "Yinghai", "name_zh": "\u701b\u6d77"}}, {"type": "Feature", "geometry": {"type": "Point", "coordinates": [116.3925, 39.88065]}, "properties": {"kind": "station", "name": "Tian Qiao", "name_zh": "\u5929\u6865"}}, {"type": "Feature", "geometry": {"type": "Point", "coordinates": [116.17195, 39.92483]}, "properties": {"kind": "station", "name": "Pingguoyuan", "name_zh": "\u82f9\u679c\u56ed"}}, {"type": "Feature", "geometry": {"type": "Point", "coordinates": [116.39277, 39.84401]}, "properties": {"kind": "station", "name": "Dahongmen", "name_zh": "\u5927\u7ea2\u95e8"}}, {"type": "Feature", "geometry": {"type": "Point", "coordinates": [116.32136, 39.88893]}, "properties": {"kind": "station", "name": "Wanzi", "name_zh": "\u6e7e\u5b50"}}, {"type": "Feature", "geometry": {"type": "Point", "coordinates": [116.42801, 39.93229]}, "properties": {"kind": "station", "name": "Dongsi Shitiao", "name_zh": "\u4e1c\u56db\u5341\u6761"}}, {"type": "Feature", "geometry": {"type": "Point", "coordinates": [116.39669, 39.93164]}, "properties": {"kind": "station", "name": "Nanluogu Xiang", "name_zh": "\u5357\u9523\u9f13\u5df7"}}, {"type": "Feature", "geometry": {"type": "Point", "coordinates": [116.39769, 39.93231]}, "properties": {"kind": "station", "name": "Nanluogu Xiang", "name_zh": "\u5357\u9523\u9f13\u5df7"}}, {"type": "Feature", "geometry": {"type": "Point", "coordinates": [116.27137, 40.00119]}, "properties": {"kind": "station", "name": "Beigongmen", "name_zh": "\u5317\u5bab\u95e8\u7ad9"}}, {"type": "Feature", "geometry": {"type": "Point", "coordinates": [116.28553, 39.9967]}, "properties": {"kind": "station", "name": "Xiyuan", "name_zh": "\u897f\u82d1"}}, {"type": "Feature", "geometry": {"type": "Point", "coordinates": [116.47234, 39.92159]}, "properties": {"kind": "station", "name": "Jintailu", "name_zh": "\u91d1\u53f0\u8def"}}, {"type": "Feature", "geometry": {"type": "Point", "coordinates": [116.31152, 39.97471]}, "properties": {"kind": "station", "name": "Haidian Huangzhuang", "name_zh": "\u6d77\u6dc0\u9ec4\u5e84"}}, {"type": "Feature", "geometry": {"type": "Point", "coordinates": [116.33151, 39.90612]}, "properties": {"kind": "station", "name": "Muxidi", "name_zh": "\u6728\u6a28\u5730"}}, {"type": "Feature", "geometry": {"type": "Point", "coordinates": [116.34657, 39.90587]}, "properties": {"kind": "station", "name": "Nanlishi Lu", "name_zh": "\u5357\u793c\u58eb\u8def"}}, {"type": "Feature", "geometry": {"type": "Point", "coordinates": [116.40528, 39.90695]}, "properties": {"kind": "station", "name": "Wangfujing", "name_zh": "\u738b\u5e9c\u4e95"}}, {"type": "Feature", "geometry": {"type": "Point", "coordinates": [116.28877, 39.90622]}, "properties": {"kind": "station", "name": "Wanshoulu", "name_zh": "\u4e07\u5bff\u8def"}}, {"type": "Feature", "geometry": {"type": "Point", "coordinates": [116.26803, 39.90622]}, "properties": {"kind": "station", "name": "Wukesong", "name_zh": "\u4e94\u68f5\u677e"}}, {"type": "Feature", "geometry": {"type": "Point", "coordinates": [116.20649, 39.90615]}, "properties": {"kind": "station", "name": "Bajiao Amusement Park (renovation)", "name_zh": "\u516b\u89d2\u6e38\u4e50\u56ed\uff08\u5c01\u95ed\u6539\u9020\u4e2d\uff09"}}, {"type": "Feature", "geometry": {"type": "Point", "coordinates": [116.22968, 39.90619]}, "properties": {"kind": "station", "name": "Babaoshan", "name_zh": "\u516b\u5b9d\u5c71"}}, {"type": "Feature", "geometry": {"type": "Point", "coordinates": [116.2469, 39.90619]}, "properties": {"kind": "station", "name": "Yuquanlu", "name_zh": "\u7389\u6cc9\u8def"}}, {"type": "Feature", "geometry": {"type": "Point", "coordinates": [116.33901, 39.96527]}, "properties": {"kind": "station", "name": "Dazhongsi", "name_zh": "\u5927\u949f\u5bfa"}}, {"type": "Feature", "geometry": {"type": "Point", "coordinates": [116.42564, 39.96698]}, "properties": {"kind": "station", "name": "Guangximen", "name_zh": "\u5149\u7199\u95e8"}}, {"type": "Feature", "geometry": {"type": "Point", "coordinates": [116.42662, 39.9568]}, "properties": {"kind": "station", "name": "Liufang", "name_zh": "\u67f3\u82b3"}}, {"type": "Feature", "geometry": {"type": "Point", "coordinates": [116.31408, 40.03176]}, "properties": {"kind": "station", "name": "Shangdi", "name_zh": "\u4e0a\u5730"}}, {"type": "Feature", "geometry": {"type": "Point", "coordinates": [116.3132, 40.06957]}, "properties": {"kind": "station", "name": "Longze", "name_zh": "\u9f99\u6cfd"}}, {"type": "Feature", "geometry": {"type": "Point", "coordinates": [116.68027, 39.87075]}, "properties": {"kind": "station", "name": "Tuqiao", "name_zh": "\u571f\u6865"}}, {"type": "Feature", "geometry": {"type": "Point", "coordinates": [116.36706, 39.94732]}, "properties": {"kind": "station", "name": "Jishuitan", "name_zh": "\u79ef\u6c34\u6f6d"}}, {"type": "Feature", "geometry": {"type": "Point", "coordinates": [116.39294, 39.89828]}, "properties": {"kind": "station", "name": "Qianmen", "name_zh": "\u524d\u95e8"}}, {"type": "Feature", "geometry": {"type": "Point", "coordinates": [116.35007, 39.92231]}, "properties": {"kind": "station", "name": "Fuchengmen", "name_zh": "\u961c\u6210\u95e8"}}, {"type": "Feature", "geometry": {"type": "Point", "coordinates": [116.35721, 39.89804]}, "properties": {"kind": "station", "name": "Changchunjie", "name_zh": "\u957f\u693f\u8857"}}, {"type": "Feature", "geometry": {"type": "Point", "coordinates": [116.40207, 39.94767]}, "properties": {"kind": "station", "name": "Andingmen", "name_zh": "\u5b89\u5b9a\u95e8"}}, {"type": "Feature", "geometry": {"type": "Point", "coordinates": [116.35948, 39.73407]}, "properties": {"kind": "station", "name": "Daxing Xincheng", "name_zh": "\u5927\u5174\u65b0\u57ce"}}, {"type": "Feature", "geometry": {"type": "Point", "coordinates": [116.54753, 39.84796]}, "properties": {"kind": "station", "name": "Huangchang", "name_zh": "\u9ec4\u5382"}}, {"type": "Feature", "geometry": {"type": "Point", "coordinates": [116.5641, 39.85554]}, "properties": {"kind": "station", "name": "Langxinzhuang", "name_zh": "\u90ce\u8f9b\u5e84"}}, {"type": "Feature", "geometry": {"type": "Point", "coordinates": [116.59278, 39.85771]}, "properties": {"kind": "station", "name": "Heizhuanghu", "name_zh": "\u9ed1\u5e84\u6237"}}, {"type": "Feature", "geometry": {"type": "Point", "coordinates": [116.62671, 39.86244]}, "properties": {"kind": "station", "name": "Wansheng West", "name_zh": "\u4e07\u76db\u897f"}}, {"type": "Feature", "geometry": {"type": "Point", "coordinates": [116.68901, 39.85538]}, "properties": {"kind": "station", "name": "Huazhuang", "name_zh": "\u82b1\u5e84"}}, {"type": "Feature", "geometry": {"type": "Point", "coordinates": [116.67353, 39.84817]}, "properties": {"kind": "station", "name": "Universal Resort", "name_zh": "\u73af\u7403\u5ea6\u5047\u533a"}}, {"type": "Feature", "geometry": {"type": "Point", "coordinates": [116.31407, 39.84318]}, "properties": {"kind": "station", "name": "Capital University of Economics & Business", "name_zh": "\u9996\u7ecf\u8d38"}}, {"type": "Feature", "geometry": {"type": "Point", "coordinates": [116.30868, 40.03978]}, "properties": {"kind": "station", "name": "Qinghe Railway Station", "name_zh": "\u6e05\u6cb3\u7ad9"}}, {"type": "Feature", "geometry": {"type": "Point", "coordinates": [116.67951, 39.86186]}, "properties": {"kind": "station", "name": "Gaoloujin", "name_zh": "\u9ad8\u697c\u91d1"}}, {"type": "Feature", "geometry": {"type": "Point", "coordinates": [116.44272, 39.8328]}, "properties": {"kind": "station", "name": "Xiaocun", "name_zh": "\u8096\u6751"}}, {"type": "Feature", "geometry": {"type": "Point", "coordinates": [116.30678, 39.81827]}, "properties": {"kind": "station", "name": "Baipenyao", "name_zh": "\u767d\u76c6\u7a91"}}, {"type": "Feature", "geometry": {"type": "Point", "coordinates": [116.31395, 39.82785]}, "properties": {"kind": "station", "name": "Huaxiang Dongqiao", "name_zh": "\u82b1\u4e61\u4e1c\u6865"}}, {"type": "Feature", "geometry": {"type": "Point", "coordinates": [116.29067, 39.83959]}, "properties": {"kind": "station", "name": "Fengtai Nanlu", "name_zh": "\u4e30\u53f0\u5357\u8def"}}, {"type": "Feature", "geometry": {"type": "Point", "coordinates": [116.29125, 39.82391]}, "properties": {"kind": "station", "name": "Fengtai Science Park", "name_zh": "\u4e30\u53f0\u79d1\u6280\u56ed"}}, {"type": "Feature", "geometry": {"type": "Point", "coordinates": [116.28779, 39.85417]}, "properties": {"kind": "station", "name": "Fengtai Dongdajie", "name_zh": "\u4e30\u53f0\u4e1c\u5927\u8857"}}, {"type": "Feature", "geometry": {"type": "Point", "coordinates": [116.30881, 39.88571]}, "properties": {"kind": "station", "name": "Liuliqiao East", "name_zh": "\u516d\u91cc\u6865\u4e1c"}}, {"type": "Feature", "geometry": {"type": "Point", "coordinates": [116.32268, 39.78839]}, "properties": {"kind": "station", "name": "Xihongmen", "name_zh": "\u897f\u7ea2\u95e8"}}, {"type": "Feature", "geometry": {"type": "Point", "coordinates": [116.32448, 39.77303]}, "properties": {"kind": "station", "name": "Gaomidian North", "name_zh": "\u9ad8\u7c73\u5e97\u5317"}}, {"type": "Feature", "geometry": {"type": "Point", "coordinates": [116.32632, 39.74176]}, "properties": {"kind": "station", "name": "Qingyuanlu", "name_zh": "\u6e05\u6e90\u8def"}}, {"type": "Feature", "geometry": {"type": "Point", "coordinates": [116.32652, 39.73042]}, "properties": {"kind": "station", "name": "Huangcun Xidajie", "name_zh": "\u9ec4\u6751\u897f\u5927\u8857"}}, {"type": "Feature", "geometry": {"type": "Point", "coordinates": [116.32665, 39.7215]}, "properties": {"kind": "station", "name": "Huangcun Railway Station", "name_zh": "\u9ec4\u6751\u706b\u8f66\u7ad9"}}, {"type": "Feature", "geometry": {"type": "Point", "coordinates": [116.31302, 39.7111]}, "properties": {"kind": "station", "name": "Yihezhuang", "name_zh": "\u4e49\u548c\u5e84"}}, {"type": "Feature", "geometry": {"type": "Point", "coordinates": [116.30367, 39.99829]}, "properties": {"kind": "station", "name": "Yuanmingyuan Park", "name_zh": "\u5706\u660e\u56ed"}}, {"type": "Feature", "geometry": {"type": "Point", "coordinates": [116.30973, 39.99078]}, "properties": {"kind": "station", "name": "Peking University East Gate", "name_zh": "\u5317\u4eac\u5927\u5b66\u4e1c\u95e8"}}, {"type": "Feature", "geometry": {"type": "Point", "coordinates": [116.31038, 39.98266]}, "properties": {"kind": "station", "name": "Zhongguancun", "name_zh": "\u4e2d\u5173\u6751"}}, {"type": "Feature", "geometry": {"type": "Point", "coordinates": [116.31573, 39.96574]}, "properties": {"kind": "station", "name": "Renmin University", "name_zh": "\u4eba\u6c11\u5927\u5b66"}}, {"type": "Feature", "geometry": {"type": "Point", "coordinates": [116.31718, 39.9563]}, "properties": {"kind": "station", "name": "Weigongcun", "name_zh": "\u9b4f\u516c\u6751"}}, {"type": "Feature", "geometry": {"type": "Point", "coordinates": [116.36681, 39.92255]}, "properties": {"kind": "station", "name": "Xisi", "name_zh": "\u897f\u56db"}}, {"type": "Feature", "geometry": {"type": "Point", "coordinates": [116.3682, 39.87744]}, "properties": {"kind": "station", "name": "Taoranting", "name_zh": "\u9676\u7136\u4ead"}}, {"type": "Feature", "geometry": {"type": "Point", "coordinates": [116.36521, 39.85164]}, "properties": {"kind": "station", "name": "Majiapu", "name_zh": "\u9a6c\u5bb6\u5821"}}, {"type": "Feature", "geometry": {"type": "Point", "coordinates": [116.41224, 39.95739]}, "properties": {"kind": "station", "name": "Hepingli Beijie", "name_zh": "\u548c\u5e73\u91cc\u5317\u8857"}}, {"type": "Feature", "geometry": {"type": "Point", "coordinates": [116.41457, 39.88226]}, "properties": {"kind": "station", "name": "East Gate of Temple of Heaven", "name_zh": "\u5929\u575b\u4e1c\u95e8"}}, {"type": "Feature", "geometry": {"type": "Point", "coordinates": [116.57307, 39.92284]}, "properties": {"kind": "station", "name": "Huangqu", "name_zh": "\u9ec4\u6e20"}}, {"type": "Feature", "geometry": {"type": "Point", "coordinates": [116.33799, 39.93106]}, "properties": {"kind": "station", "name": "Chegongzhuang West", "name_zh": "\u8f66\u516c\u5e84\u897f"}}, {"type": "Feature", "geometry": {"type": "Point", "coordinates": [116.32736, 39.84317]}, "properties": {"kind": "station", "name": "Jijiaomiao", "name_zh": "\u7eaa\u5bb6\u5e99"}}, {"type": "Feature", "geometry": {"type": "Point", "coordinates": [116.44556, 39.92148]}, "properties": {"kind": "station", "name": "Dongdaqiao", "name_zh": "\u4e1c\u5927\u6865"}}, {"type": "Feature", "geometry": {"type": "Point", "coordinates": [116.32293, 39.97495]}, "properties": {"kind": "station", "name": "Zhichunli", "name_zh": "\u77e5\u6625\u91cc"}}, {"type": "Feature", "geometry": {"type": "Point", "coordinates": [116.40741, 39.84449]}, "properties": {"kind": "station", "name": "Shiliuzhuang", "name_zh": "\u77f3\u69b4\u5e84"}}, {"type": "Feature", "geometry": {"type": "Point", "coordinates": [116.45473, 39.80561]}, "properties": {"kind": "station", "name": "Jiugong", "name_zh": "\u65e7\u5bab"}}, {"type": "Feature", "geometry": {"type": "Point", "coordinates": [116.47427, 39.80174]}, "properties": {"kind": "station", "name": "Yizhuangqiao", "name_zh": "\u4ea6\u5e84\u6865"}}, {"type": "Feature", "geometry": {"type": "Point", "coordinates": [116.50746, 39.79202]}, "properties": {"kind": "station", "name": "Rongjing Dongjie", "name_zh": "\u8363\u4eac\u4e1c\u8857"}}, {"type": "Feature", "geometry": {"type": "Point", "coordinates": [116.51586, 39.7817]}, "properties": {"kind": "station", "name": "Rongchangdongjie", "name_zh": "\u8363\u660c\u4e1c\u8857"}}, {"type": "Feature", "geometry": {"type": "Point", "coordinates": [116.59608, 39.81157]}, "properties": {"kind": "station", "name": "Yizhuang Railway Station", "name_zh": "\u4ea6\u5e84\u706b\u8f66\u7ad9"}}, {"type": "Feature", "geometry": {"type": "Point", "coordinates": [116.58562, 39.80255]}, "properties": {"kind": "station", "name": "Ciqu", "name_zh": "\u6b21\u6e20"}}, {"type": "Feature", "geometry": {"type": "Point", "coordinates": [116.28547, 39.80645]}, "properties": {"kind": "station", "name": "Dabaotai", "name_zh": "\u5927\u8446\u53f0"}}, {"type": "Feature", "geometry": {"type": "Point", "coordinates": [116.2065, 39.76251]}, "properties": {"kind": "station", "name": "Changyang", "name_zh": "\u957f\u9633"}}, {"type": "Feature", "geometry": {"type": "Point", "coordinates": [116.18338, 39.75938]}, "properties": {"kind": "station", "name": "Libafang", "name_zh": "\u7bf1\u7b06\u623f"}}, {"type": "Feature", "geometry": {"type": "Point", "coordinates": [116.17884, 39.7466]}, "properties": {"kind": "station", "name": "Guangyangcheng", "name_zh": "\u5e7f\u9633\u57ce"}}, {"type": "Feature", "geometry": {"type": "Point", "coordinates": [116.17734, 39.72846]}, "properties": {"kind": "station", "name": "Liangxiang University Town North", "name_zh": "\u826f\u4e61\u5927\u5b66\u57ce\u5317"}}, {"type": "Feature", "geometry": {"type": "Point", "coordinates": [116.1703, 39.7219]}, "properties": {"kind": "station", "name": "Liangxiang University Town", "name_zh": "\u826f\u4e61\u5927\u5b66\u57ce"}}, {"type": "Feature", "geometry": {"type": "Point", "coordinates": [116.15002, 39.72187]}, "properties": {"kind": "station", "name": "Liangxiang University Town West", "name_zh": "\u826f\u4e61\u5927\u5b66\u57ce\u897f"}}, {"type": "Feature", "geometry": {"type": "Point", "coordinates": [116.11897, 39.72185]}, "properties": {"kind": "station", "name": "Suzhuang", "name_zh": "\u82cf\u5e84"}}, {"type": "Feature", "geometry": {"type": "Point", "coordinates": [116.54937, 40.0689]}, "properties": {"kind": "station", "name": "China International Exhibition Center", "name_zh": "\u56fd\u5c55"}}, {"type": "Feature", "geometry": {"type": "Point", "coordinates": [116.55184, 40.08334]}, "properties": {"kind": "station", "name": "Hualikan", "name_zh": "\u82b1\u68a8\u574e"}}, {"type": "Feature", "geometry": {"type": "Point", "coordinates": [116.55845, 40.11301]}, "properties": {"kind": "station", "name": "Houshayu", "name_zh": "\u540e\u6c99\u5cea"}}, {"type": "Feature", "geometry": {"type": "Point", "coordinates": [116.60357, 40.12741]}, "properties": {"kind": "station", "name": "Nanfaxin", "name_zh": "\u5357\u6cd5\u4fe1"}}, {"type": "Feature", "geometry": {"type": "Point", "coordinates": [116.48675, 40.02056]}, "properties": {"kind": "station", "name": "Cuigezhuang", "name_zh": "\u5d14\u5404\u5e84"}}, {"type": "Feature", "geometry": {"type": "Point", "coordinates": [116.65553, 39.91746]}, "properties": {"kind": "station", "name": "Tongzhou Beiguan", "name_zh": "\u901a\u5dde\u5317\u5173"}}, {"type": "Feature", "geometry": {"type": "Point", "coordinates": [116.6335, 39.92593]}, "properties": {"kind": "station", "name": "Wuzixueyuanlu", "name_zh": "\u7269\u8d44\u5b66\u9662\u8def"}}, {"type": "Feature", "geometry": {"type": "Point", "coordinates": [116.6103, 39.92351]}, "properties": {"kind": "station", "name": "Caofang", "name_zh": "\u8349\u623f"}}, {"type": "Feature", "geometry": {"type": "Point", "coordinates": [116.67286, 39.87429]}, "properties": {"kind": "station", "name": "Linheli", "name_zh": "\u4e34\u6cb3\u91cc"}}, {"type": "Feature", "geometry": {"type": "Point", "coordinates": [116.65162, 39.88916]}, "properties": {"kind": "station", "name": "Jiukeshu", "name_zh": "\u4e5d\u68f5\u6811"}}, {"type": "Feature", "geometry": {"type": "Point", "coordinates": [116.64075, 39.89229]}, "properties": {"kind": "station", "name": "Guoyuan", "name_zh": "\u679c\u56ed"}}, {"type": "Feature", "geometry": {"type": "Point", "coordinates": [116.28818, 40.09357]}, "properties": {"kind": "station", "name": "Life Science Park", "name_zh": "\u751f\u547d\u79d1\u5b66\u56ed"}}, {"type": "Feature", "geometry": {"type": "Point", "coordinates": [116.38758, 39.98413]}, "properties": {"kind": "station", "name": "Olympic Sports Center", "name_zh": "\u5965\u4f53\u4e2d\u5fc3"}}, {"type": "Feature", "geometry": {"type": "Point", "coordinates": [116.31387, 39.84297]}, "properties": {"kind": "station", "name": "Capital University of Economics & Business", "name_zh": "\u9996\u7ecf\u8d38"}}, {"type": "Feature", "geometry": {"type": "Point", "coordinates": [116.31668, 39.85352]}, "properties": {"kind": "station", "name": "Dongguantou South", "name_zh": "\u4e1c\u7ba1\u5934\u5357"}}, {"type": "Feature", "geometry": {"type": "Point", "coordinates": [116.24257, 39.8473]}, "properties": {"kind": "station", "name": "Hongtaizhuang", "name_zh": "\u6d2a\u6cf0\u5e84"}}, {"type": "Feature", "geometry": {"type": "Point", "coordinates": [116.37332, 39.8641]}, "properties": {"kind": "station", "name": "Beijing South Railway Station", "name_zh": "\u5317\u4eac\u5357\u7ad9"}}, {"type": "Feature", "geometry": {"type": "Point", "coordinates": [116.52555, 39.90825]}, "properties": {"kind": "station", "name": "Gaobeidian", "name_zh": "\u9ad8\u7891\u5e97"}}, {"type": "Feature", "geometry": {"type": "Point", "coordinates": [116.34541, 39.8446]}, "properties": {"kind": "station", "name": "Caoqiao", "name_zh": "\u8349\u6865"}}, {"type": "Feature", "geometry": {"type": "Point", "coordinates": [116.45448, 39.86353]}, "properties": {"kind": "station", "name": "\u5341\u91cc\u6cb3", "name_zh": "\u5341\u91cc\u6cb3"}}, {"type": "Feature", "geometry": {"type": "Point", "coordinates": [116.47211, 39.91457]}, "properties": {"kind": "station", "name": "Hongmiao", "name_zh": "\u7ea2\u5e99"}}, {"type": "Feature", "geometry": {"type": "Point", "coordinates": [116.34971, 39.85998]}, "properties": {"kind": "station", "name": "Xitieying", "name_zh": "\u897f\u94c1\u8425"}}, {"type": "Feature", "geometry": {"type": "Point", "coordinates": [116.40492, 39.9147]}, "properties": {"kind": "station", "name": "Jinyu Hutong", "name_zh": "\u91d1\u9c7c\u80e1\u540c"}}, {"type": "Feature", "geometry": {"type": "Point", "coordinates": [116.15859, 39.91388]}, "properties": {"kind": "station", "name": "Beixin'an", "name_zh": "\u5317\u8f9b\u5b89"}}, {"type": "Feature", "geometry": {"type": "Point", "coordinates": [116.15861, 39.90767]}, "properties": {"kind": "station", "name": "Shougang Park", "name_zh": "\u65b0\u9996\u94a2"}}, {"type": "Feature", "geometry": {"type": "Point", "coordinates": [116.15524, 39.92091]}, "properties": {"kind": "station", "name": "Jin'anqiao", "name_zh": "\u91d1\u5b89\u6865"}}, {"type": "Feature", "geometry": {"type": "Point", "coordinates": [116.34025, 39.82256]}, "properties": {"kind": "station", "name": "Xinfadi", "name_zh": "\u65b0\u53d1\u5730"}}, {"type": "Feature", "geometry": {"type": "Point", "coordinates": [116.60977, 40.05153]}, "properties": {"kind": "station", "name": "Capital Airport Terminal 3", "name_zh": "\u9996\u90fd\u673a\u573a3\u53f7\u822a\u7ad9\u697c"}}, {"type": "Feature", "geometry": {"type": "Point", "coordinates": [116.58715, 40.07801]}, "properties": {"kind": "station", "name": "Capital Airport Terminal 2", "name_zh": "\u9996\u90fd\u673a\u573a2\u53f7\u822a\u7ad9\u697c"}}, {"type": "Feature", "geometry": {"type": "Point", "coordinates": [116.48983, 39.84306]}, "properties": {"kind": "station", "name": "Shibalidian", "name_zh": "\u5341\u516b\u91cc\u5e97"}}, {"type": "Feature", "geometry": {"type": "Point", "coordinates": [116.54717, 39.81753]}, "properties": {"kind": "station", "name": "Beishenshu", "name_zh": "\u5317\u795e\u6811"}}, {"type": "Feature", "geometry": {"type": "Point", "coordinates": [116.60526, 39.79187]}, "properties": {"kind": "station", "name": "Jiahuihu", "name_zh": "\u5609\u4f1a\u6e56"}}, {"type": "Feature", "geometry": {"type": "Point", "coordinates": [116.32758, 39.93107]}, "properties": {"kind": "station", "name": "Erligou", "name_zh": "\u4e8c\u91cc\u6c9f"}}, {"type": "Feature", "geometry": {"type": "Point", "coordinates": [116.17131, 39.92436]}, "properties": {"kind": "station", "name": "Pingguoyuan", "name_zh": "\u82f9\u679c\u56ed"}}, {"type": "Feature", "geometry": {"type": "Point", "coordinates": [116.14982, 39.93234]}, "properties": {"kind": "station", "name": "Moshikou", "name_zh": "\u6a21\u5f0f\u53e3"}}, {"type": "Feature", "geometry": {"type": "Point", "coordinates": [116.47061, 39.85525]}, "properties": {"kind": "station", "name": "Zhoujiazhuang", "name_zh": "\u5468\u5bb6\u5e84"}}, {"type": "Feature", "geometry": {"type": "Point", "coordinates": [116.58591, 39.80253]}, "properties": {"kind": "station", "name": "Ciqu", "name_zh": "\u6b21\u6e20"}}, {"type": "Feature", "geometry": {"type": "Point", "coordinates": [116.57062, 39.8086]}, "properties": {"kind": "station", "name": "Ciqubei", "name_zh": "\u6b21\u6e20\u5317"}}, {"type": "Feature", "geometry": {"type": "Point", "coordinates": [116.36582, 39.94624]}, "properties": {"kind": "station", "name": "Jishuitan", "name_zh": "\u79ef\u6c34\u6f6d"}}, {"type": "Feature", "geometry": {"type": "Point", "coordinates": [116.36412, 39.96677]}, "properties": {"kind": "station", "name": "Beitaipingzhuang", "name_zh": "\u5317\u592a\u5e73\u5e84"}}, {"type": "Feature", "geometry": {"type": "Point", "coordinates": [116.36175, 39.93208]}, "properties": {"kind": "station", "name": "Ping'anli", "name_zh": "\u5e73\u5b89\u91cc"}}, {"type": "Feature", "geometry": {"type": "Point", "coordinates": [116.36516, 39.93132]}, "properties": {"kind": "station", "name": "Ping'anli", "name_zh": "\u5e73\u5b89\u91cc"}}, {"type": "Feature", "geometry": {"type": "Point", "coordinates": [116.36361, 39.97508]}, "properties": {"kind": "station", "name": "Mudanyuan", "name_zh": "\u7261\u4e39\u56ed"}}, {"type": "Feature", "geometry": {"type": "Point", "coordinates": [116.34284, 39.8461]}, "properties": {"kind": "station", "name": "Caoqiao", "name_zh": "\u8349\u6865"}}, {"type": "Feature", "geometry": {"type": "Point", "coordinates": [116.34244, 39.84614]}, "properties": {"kind": "station", "name": "Caoqiao", "name_zh": "\u8349\u6865"}}, {"type": "Feature", "geometry": {"type": "Point", "coordinates": [116.35808, 39.86263]}, "properties": {"kind": "station", "name": "Jingfengmen", "name_zh": "\u666f\u98ce\u95e8"}}, {"type": "Feature", "geometry": {"type": "Point", "coordinates": [116.14858, 39.94706]}, "properties": {"kind": "station", "name": "Wusan", "name_zh": "\u4e94\u4e09"}}, {"type": "Feature", "geometry": {"type": "Point", "coordinates": [116.26842, 40.03139]}, "properties": {"kind": "station", "name": "Malianwa", "name_zh": "\u9a6c\u8fde\u6d3c"}}, {"type": "Feature", "geometry": {"type": "Point", "coordinates": [116.35975, 39.81104]}, "properties": {"kind": "station", "name": "Xingong", "name_zh": "\u65b0\u5bab"}}, {"type": "Feature", "geometry": {"type": "Point", "coordinates": [116.35715, 39.90878]}, "properties": {"kind": "station", "name": "Taipingqiao", "name_zh": "\u592a\u5e73\u6865"}}, {"type": "Feature", "geometry": {"type": "Point", "coordinates": [116.26665, 39.8338]}, "properties": {"kind": "station", "name": "Kandan", "name_zh": "\u770b\u4e39"}}, {"type": "Feature", "geometry": {"type": "Point", "coordinates": [116.34725, 39.9868]}, "properties": {"kind": "station", "name": "Xueyuanqiao", "name_zh": "\u5b66\u9662\u6865"}}, {"type": "Feature", "geometry": {"type": "Point", "coordinates": [116.34575, 40.01363]}, "properties": {"kind": "station", "name": "Xuezhiyuan", "name_zh": "\u5b66\u77e5\u56ed"}}, {"type": "Feature", "geometry": {"type": "Point", "coordinates": [116.33678, 40.03387]}, "properties": {"kind": "station", "name": "Qinghe Xiaoyingqiao", "name_zh": "\u6e05\u6cb3\u5c0f\u8425\u6865"}}, {"type": "Feature", "geometry": {"type": "Point", "coordinates": [116.42857, 39.94165]}, "properties": {"kind": "station", "name": "Dongzhimen", "name_zh": "\u4e1c\u76f4\u95e8"}}, {"type": "Feature", "geometry": {"type": "Point", "coordinates": [116.42768, 39.9397]}, "properties": {"kind": "station", "name": "\u4e1c\u76f4\u95e8", "name_zh": "\u4e1c\u76f4\u95e8"}}, {"type": "Feature", "geometry": {"type": "Point", "coordinates": [116.42948, 39.94004]}, "properties": {"kind": "station", "name": "Dongzhimen", "name_zh": "\u4e1c\u76f4\u95e8"}}, {"type": "Feature", "geometry": {"type": "Point", "coordinates": [116.55197, 39.9746]}, "properties": {"kind": "station", "name": "Dongbabei", "name_zh": "\u4e1c\u575d\u5317"}}, {"type": "Feature", "geometry": {"type": "Point", "coordinates": [116.46317, 40.12952]}, "properties": {"kind": "station", "name": "Future Science City North", "name_zh": "\u672a\u6765\u79d1\u5b66\u57ce\u5317"}}, {"type": "Feature", "geometry": {"type": "Point", "coordinates": [116.46052, 40.11416]}, "properties": {"kind": "station", "name": "Future Science City", "name_zh": "\u672a\u6765\u79d1\u5b66\u57ce"}}, {"type": "Feature", "geometry": {"type": "Point", "coordinates": [116.43598, 40.0671]}, "properties": {"kind": "station", "name": "Tiantongyuandong", "name_zh": "\u5929\u901a\u82d1\u4e1c"}}, {"type": "Feature", "geometry": {"type": "Point", "coordinates": [116.43601, 40.04965]}, "properties": {"kind": "station", "name": "Qingheying", "name_zh": "\u6e05\u6cb3\u8425"}}, {"type": "Feature", "geometry": {"type": "Point", "coordinates": [116.43554, 40.03309]}, "properties": {"kind": "station", "name": "Hongjunying", "name_zh": "\u7ea2\u519b\u8425"}}, {"type": "Feature", "geometry": {"type": "Point", "coordinates": [116.4442, 39.93235]}, "properties": {"kind": "station", "name": "Workers' Stadium", "name_zh": "\u5de5\u4eba\u4f53\u80b2\u573a"}}, {"type": "Feature", "geometry": {"type": "Point", "coordinates": [116.43481, 39.96445]}, "properties": {"kind": "station", "name": "Xibahe", "name_zh": "\u897f\u575d\u6cb3"}}, {"type": "Feature", "geometry": {"type": "Point", "coordinates": [116.43655, 39.94855]}, "properties": {"kind": "station", "name": "Zuojiazhuang", "name_zh": "\u5de6\u5bb6\u5e84"}}, {"type": "Feature", "geometry": {"type": "Point", "coordinates": [116.44119, 39.97129]}, "properties": {"kind": "station", "name": "Taiyanggong", "name_zh": "\u592a\u9633\u5bab"}}, {"type": "Feature", "geometry": {"type": "Point", "coordinates": [116.4057, 40.0515]}, "properties": {"kind": "station", "name": "Lishuiqiao", "name_zh": "\u7acb\u6c34\u6865"}}, {"type": "Feature", "geometry": {"type": "Point", "coordinates": [116.26828, 39.94251]}, "properties": {"kind": "station", "name": "Sijiqing Qiao", "name_zh": "\u56db\u5b63\u9752\u6865"}}, {"type": "Feature", "geometry": {"type": "Point", "coordinates": [116.54112, 39.95079]}, "properties": {"kind": "station", "name": "Dongbanan", "name_zh": "\u4e1c\u575d\u5357"}}, {"type": "Feature", "geometry": {"type": "Point", "coordinates": [116.54136, 39.96464]}, "properties": {"kind": "station", "name": "Dongba", "name_zh": "\u4e1c\u575d"}}, {"type": "Feature", "geometry": {"type": "Point", "coordinates": [116.49948, 39.97923]}, "properties": {"kind": "station", "name": "Tuofangying", "name_zh": "\u9a7c\u623f\u8425"}}, {"type": "Feature", "geometry": {"type": "Point", "coordinates": [116.48503, 39.97913]}, "properties": {"kind": "station", "name": "Gaojiayuan", "name_zh": "\u9ad8\u5bb6\u56ed"}}, {"type": "Feature", "geometry": {"type": "Point", "coordinates": [116.47396, 39.97139]}, "properties": {"kind": "station", "name": "Jiangtaixi", "name_zh": "\u5c06\u53f0\u897f"}}, {"type": "Feature", "geometry": {"type": "Point", "coordinates": [116.52836, 39.97334]}, "properties": {"kind": "station", "name": "Dongbaxi", "name_zh": "\u4e1c\u575d\u897f"}}, {"type": "Feature", "geometry": {"type": "Point", "coordinates": [116.34883, 39.96631]}, "properties": {"kind": "station", "name": "Jimenqiao", "name_zh": "\u84df\u95e8\u6865"}}, {"type": "Feature", "geometry": {"type": "Point", "coordinates": [116.37583, 39.96683]}, "properties": {"kind": "station", "name": "Madian Qiao", "name_zh": "\u9a6c\u7538\u6865"}}, {"type": "Feature", "geometry": {"type": "Point", "coordinates": [116.401, 39.9675]}, "properties": {"kind": "station", "name": "Anzhen Qiao", "name_zh": "\u5b89\u8d1e\u6865"}}, {"type": "Feature", "geometry": {"type": "Point", "coordinates": [116.27671, 39.95586]}, "properties": {"kind": "station", "name": "Landianchang", "name_zh": "\u84dd\u975b\u5382"}}, {"type": "Feature", "geometry": {"type": "Point", "coordinates": [116.49344, 39.93417]}, "properties": {"kind": "station", "name": "Shifoying", "name_zh": "\u77f3\u4f5b\u8425"}}, {"type": "Feature", "geometry": {"type": "Point", "coordinates": [116.49988, 39.943]}, "properties": {"kind": "station", "name": "Chaoyang Railway Station", "name_zh": "\u671d\u9633\u7ad9"}}, {"type": "Feature", "geometry": {"type": "Point", "coordinates": [116.52129, 39.9466]}, "properties": {"kind": "station", "name": "Yaojiayuan", "name_zh": "\u59da\u5bb6\u56ed"}}, {"type": "Feature", "geometry": {"type": "Point", "coordinates": [116.41181, 39.96778]}, "properties": {"kind": "station", "name": "Heping Xiqiao", "name_zh": "\u548c\u5e73\u897f\u6865"}}, {"type": "Feature", "geometry": {"type": "Point", "coordinates": [116.42426, 39.96807]}, "properties": {"kind": "station", "name": "Guangximen", "name_zh": "\u5149\u7199\u95e8"}}, {"type": "Feature", "geometry": {"type": "Point", "coordinates": [116.43605, 39.96441]}, "properties": {"kind": "station", "name": "Xibahe", "name_zh": "\u897f\u575d\u6cb3"}}, {"type": "Feature", "geometry": {"type": "Point", "coordinates": [116.3016, 39.96075]}, "properties": {"kind": "station", "name": "Suzhou Qiao", "name_zh": "\u82cf\u5dde\u6865"}}, {"type": "Feature", "geometry": {"type": "Point", "coordinates": [116.33783, 39.96611]}, "properties": {"kind": "station", "name": "Dazhongsi", "name_zh": "\u5927\u949f\u5bfa"}}, {"type": "Feature", "geometry": {"type": "Point", "coordinates": [116.31528, 39.90616]}, "properties": {"kind": "station", "name": "\u519b\u4e8b\u535a\u7269\u9986", "name_zh": "\u519b\u4e8b\u535a\u7269\u9986"}}, {"type": "Feature", "geometry": {"type": "Point", "coordinates": [116.32591, 40.03471]}, "properties": {"kind": "station", "name": "Zhufangbei", "name_zh": "\u6731\u623f\u5317"}}, {"type": "Feature", "geometry": {"type": "Point", "coordinates": [116.39445, 39.84295]}, "properties": {"kind": "station", "name": "Dahongmen", "name_zh": "\u5927\u7ea2\u95e8"}}, {"type": "Feature", "geometry": {"type": "Point", "coordinates": [116.63522, 40.12864]}, "properties": {"kind": "station", "name": "Shimen", "name_zh": "\u77f3\u95e8"}}, {"type": "Feature", "geometry": {"type": "Point", "coordinates": [116.30404, 40.07148]}, "properties": {"kind": "station", "name": "Longzexi", "name_zh": "\u9f99\u6cfd\u897f"}}, {"type": "Feature", "geometry": {"type": "Point", "coordinates": [116.28057, 40.04354]}, "properties": {"kind": "station", "name": "Shangdi Software Park", "name_zh": "\u4e0a\u5730\u8f6f\u4ef6\u56ed"}}, {"type": "Feature", "geometry": {"type": "Point", "coordinates": [116.28872, 40.05183]}, "properties": {"kind": "station", "name": "Dongbeiwang", "name_zh": "\u4e1c\u5317\u65fa"}}, {"type": "Feature", "geometry": {"type": "Point", "coordinates": [116.32459, 40.07728]}, "properties": {"kind": "station", "name": "Huilongguan Xidajie", "name_zh": "\u56de\u9f99\u89c2\u897f\u5927\u8857"}}, {"type": "Feature", "geometry": {"type": "Point", "coordinates": [116.33566, 40.07884]}, "properties": {"kind": "station", "name": "Wenhualu", "name_zh": "\u6587\u534e\u8def"}}, {"type": "Feature", "geometry": {"type": "Point", "coordinates": [116.3698, 40.08057]}, "properties": {"kind": "station", "name": "Huoyingdong", "name_zh": "\u970d\u8425\u4e1c"}}, {"type": "Feature", "geometry": {"type": "Point", "coordinates": [116.40873, 40.07266]}, "properties": {"kind": "station", "name": "Tiantongyuan", "name_zh": "\u5929\u901a\u82d1"}}, {"type": "Feature", "geometry": {"type": "Point", "coordinates": [116.42028, 40.07274]}, "properties": {"kind": "station", "name": "Taipingzhuang", "name_zh": "\u592a\u5e73\u5e84"}}, {"type": "Feature", "geometry": {"type": "Point", "coordinates": [116.43781, 40.06705]}, "properties": {"kind": "station", "name": "Tiantongyuandong", "name_zh": "\u5929\u901a\u82d1\u4e1c"}}, {"type": "Feature", "geometry": {"type": "Point", "coordinates": [116.44421, 39.92164]}, "properties": {"kind": "station", "name": "Dongdaqiao", "name_zh": "\u4e1c\u5927\u6865"}}, {"type": "Feature", "geometry": {"type": "Point", "coordinates": [116.44419, 39.90835]}, "properties": {"kind": "station", "name": "Yonganli", "name_zh": "\u6c38\u5b89\u91cc"}}, {"type": "Feature", "geometry": {"type": "Point", "coordinates": [116.4447, 39.87382]}, "properties": {"kind": "station", "name": "Panjiayuanxi", "name_zh": "\u6f58\u5bb6\u56ed\u897f"}}, {"type": "Feature", "geometry": {"type": "Point", "coordinates": [116.5288, 40.04394]}, "properties": {"kind": "station", "name": "Sunhe", "name_zh": "\u5b59\u6cb3"}}, {"type": "Feature", "geometry": {"type": "Point", "coordinates": [116.66695, 39.90999]}, "properties": {"kind": "station", "name": "Tongyun Men", "name_zh": "\u901a\u8fd0\u95e8"}}]}