{"type":"FeatureCollection","features":[{"type":"Feature","geometry":{"type":"Polygon","coordinates":[[[116.3004617,39.9851791],[116.3003677,39.9864006],[116.2994966,39.98639],[116.2984634,39.9931543],[116.2985974,39.9931592],[116.2985916,39.9933919],[116.2984734,39.9933893],[116.2984578,39.9939562],[116.2984264,39.9948007],[116.2983911,39.9958545],[116.3008489,39.9961909],[116.3011623,39.9962501],[116.3013332,39.9963362],[116.3015876,39.9965626],[116.3018948,39.996854],[116.3024428,39.9973739],[116.3028049,39.9975695],[116.3032563,39.9977573],[116.3038116,39.9978738],[116.3053797,39.9982026],[116.3056759,39.9982346],[116.3058293,39.9982373],[116.3059979,39.9982402],[116.3062102,39.9970351],[116.3067154,39.9970828],[116.3069369,39.9957638],[116.3089361,39.995902],[116.3091399,39.9929106],[116.3093135,39.9907323],[116.3092952,39.9906958],[116.3094595,39.9888646],[116.3094367,39.9887974],[116.3094698,39.9887223],[116.309524,39.9879948],[116.3095036,39.9879245],[116.309524,39.9878347],[116.3095834,39.9868598],[116.3095553,39.9867679],[116.3095894,39.9866939],[116.3095878,39.9864591],[116.3095845,39.9860867],[116.3093521,39.9857161],[116.3093613,39.9853308],[116.308563,39.9853151],[116.3054565,39.98527],[116.3004617,39.9851791]]]},"properties":{"layer":"boundary","name_zh":"北京大学","name_en":"Peking University"}},{"type":"Feature","geometry":{"type":"Polygon","coordinates":[[[116.2989209,39.9929767],[116.2988867,39.9933015],[116.2988806,39.993647],[116.2991326,39.9936491],[116.2991411,39.9929701],[116.2991221,39.9929498],[116.2989368,39.9929534],[116.2989209,39.9929767]]]},"properties":{"layer":"water","name_zh":"","name_en":""}},{"type":"Feature","geometry":{"type":"Polygon","coordinates":[[[116.2987981,39.9957522],[116.2987396,39.9957876],[116.2986811,39.9957782],[116.2986441,39.9957664],[116.2985979,39.9957805],[116.2985732,39.995764],[116.2985208,39.9957546],[116.2985116,39.995731],[116.298551,39.9956884],[116.298641,39.9956743],[116.298718,39.9956719],[116.2987827,39.9956649],[116.2988197,39.9956295],[116.2988166,39.9955067],[116.2988628,39.9954595],[116.2988425,39.9954201],[116.2987791,39.9953843],[116.2987586,39.9953135],[116.2987577,39.995234],[116.2987966,39.9951721],[116.2987884,39.9951086],[116.2987588,39.9950352],[116.298726,39.9949669],[116.2987299,39.9949032],[116.2987605,39.9948561],[116.2988404,39.994827],[116.2990169,39.9948175],[116.2992849,39.9948175],[116.2994082,39.9948222],[116.2994566,39.994845],[116.2994524,39.9948931],[116.2994307,39.994919],[116.2993865,39.9949323],[116.2993638,39.9949551],[116.2993517,39.994989],[116.2993363,39.9950181],[116.2993302,39.9950701],[116.299347,39.9951129],[116.2993589,39.9951366],[116.299381,39.9951589],[116.2993847,39.9951761],[116.299366,39.9951981],[116.2993261,39.9952176],[116.2992675,39.9952129],[116.2992206,39.9952232],[116.2992087,39.9952529],[116.2992048,39.9953061],[116.2992086,39.9953345],[116.2991995,39.9953848],[116.2991567,39.995465],[116.2991308,39.9955075],[116.2991295,39.9955481],[116.2991481,39.995591],[116.2992079,39.9956601],[116.2992326,39.9956932],[116.2992079,39.9957215],[116.2991401,39.9957546],[116.2990477,39.9957144],[116.2989583,39.9957026],[116.2988752,39.9957121],[116.2987981,39.9957522]]]},"properties":{"layer":"water","name_zh":"荷花池","name_en":"Lotus Pond"}},{"type":"Feature","geometry":{"type":"Polygon","coordinates":[[[116.3009127,39.9956629],[116.3009854,39.9956429],[116.3010051,39.9955449],[116.3010311,39.995389],[116.3010327,39.9953205],[116.3010268,39.9952838],[116.3009869,39.9952764],[116.3009506,39.9952589],[116.3009401,39.9952169],[116.3009369,39.9951756],[116.3009442,39.9951462],[116.300987,39.995122],[116.3009848,39.9950787],[116.300971,39.9950524],[116.3009208,39.9950541],[116.3008634,39.9950633],[116.3007617,39.9950515],[116.300657,39.9950681],[116.3005299,39.9951113],[116.3005182,39.9951877],[116.3005245,39.9952309],[116.3005796,39.9952684],[116.3005923,39.9952994],[116.3005926,39.9954231],[116.3005696,39.9954829],[116.3005732,39.995511],[116.3005204,39.9955138],[116.300524,39.9955799],[116.3005623,39.9956171],[116.3006293,39.9956464],[116.3006715,39.9956617],[116.3007648,39.9956629],[116.3009127,39.9956629]]]},"properties":{"layer":"water","name_zh":"红湖","name_en":"Red Lake"}},{"type":"Feature","geometry":{"type":"Polygon","coordinates":[[[116.3001398,39.9951149],[116.3003569,39.9951169],[116.300359,39.994987],[116.3001419,39.994985],[116.3001398,39.9951149]]]},"properties":{"layer":"water","name_zh":"方池","name_en":""}},{"type":"Feature","geometry":{"type":"Polygon","coordinates":[[[116.2989624,39.994216],[116.2991966,39.9942112],[116.2992549,39.9941823],[116.2992613,39.9941404],[116.2992583,39.9940058],[116.2992196,39.9939027],[116.2991808,39.9938178],[116.2989979,39.9937732],[116.2989495,39.9937801],[116.2988946,39.99381],[116.2988018,39.9939003],[116.2987748,39.993993],[116.298771,39.9940443],[116.2988145,39.9940791],[116.2988389,39.9941352],[116.2988761,39.9941782],[116.2989624,39.994216]]]},"properties":{"layer":"water","name_zh":"鸣鹤园池塘","name_en":"Minghe Yuan Lake"}},{"type":"Feature","geometry":{"type":"Polygon","coordinates":[[[116.2990826,39.9915274],[116.2991747,39.9915217],[116.2992705,39.9914967],[116.2993353,39.991457],[116.2993749,39.991425],[116.2994268,39.9914044],[116.2994654,39.9913568],[116.2994914,39.991305],[116.2995086,39.9912366],[116.2994978,39.9911853],[116.299458,39.9911464],[116.2994167,39.9911398],[116.2993791,39.991132],[116.2993197,39.9911137],[116.2992459,39.991097],[116.299171,39.9911003],[116.2990961,39.991145],[116.2990333,39.9911922],[116.2990156,39.9912787],[116.2989872,39.9913884],[116.2989937,39.9914773],[116.2990309,39.9915162],[116.2990826,39.9915274]]]},"properties":{"layer":"water","name_zh":"勺海","name_en":""}},{"type":"Feature","geometry":{"type":"Polygon","coordinates":[[[116.3035094,39.993043],[116.3033537,39.9931067],[116.3031629,39.9931869],[116.3030625,39.9931745],[116.3029589,39.993304],[116.3028302,39.9935341],[116.3028682,39.9936397],[116.3029329,39.993667],[116.3029346,39.9937117],[116.3029993,39.9937303],[116.3030104,39.9937511],[116.3029854,39.9937695],[116.3028161,39.9937587],[116.3027322,39.9937508],[116.3026672,39.9937482],[116.3025905,39.9936942],[116.3025176,39.9936193],[116.3024288,39.9936053],[116.3023751,39.9936007],[116.3023452,39.9935697],[116.302344,39.9935365],[116.3023882,39.9935032],[116.3024828,39.9934425],[116.3024896,39.9933775],[116.3024472,39.9933222],[116.3023549,39.9933023],[116.302146,39.9933631],[116.3018332,39.9934889],[116.3013727,39.9937049],[116.3011763,39.9937128],[116.3009637,39.9937071],[116.3009466,39.9936881],[116.3009591,39.9936665],[116.3012787,39.9936641],[116.3014572,39.9935969],[116.3016703,39.9934361],[116.3019178,39.9933113],[116.3022794,39.9932277],[116.302224,39.9930774],[116.3023058,39.9929656],[116.3025791,39.9928676],[116.3028988,39.9927253],[116.3030987,39.9926724],[116.3034079,39.9926241],[116.3034224,39.9924909],[116.3034271,39.9922345],[116.3034,39.9922064],[116.303374,39.9921732],[116.3033799,39.9921488],[116.3034061,39.99211],[116.303444,39.9920656],[116.3035205,39.9920327],[116.3036092,39.9920211],[116.3037169,39.9920249],[116.3038013,39.9920264],[116.3039008,39.9920442],[116.3039694,39.9920627],[116.3039929,39.9920863],[116.3039935,39.9921227],[116.3039795,39.9921794],[116.3039461,39.9922172],[116.3039113,39.9922416],[116.3038672,39.9922572],[116.3038189,39.992272],[116.3037684,39.992281],[116.3037073,39.9922861],[116.3036392,39.9922819],[116.3035199,39.9926365],[116.3035856,39.992657],[116.304006,39.9928305],[116.3041462,39.9928741],[116.3041786,39.9928947],[116.3041947,39.992916],[116.304192,39.9929347],[116.3042026,39.9929499],[116.304224,39.9929587],[116.304252,39.9929625],[116.3042815,39.9929635],[116.3043119,39.992954],[116.3043323,39.9929388],[116.3043484,39.9929167],[116.3043622,39.9929039],[116.3043948,39.9928963],[116.3044234,39.9928874],[116.3044584,39.992873],[116.3044883,39.9928498],[116.3045132,39.9928145],[116.3045457,39.9927768],[116.3045865,39.9927381],[116.3046217,39.9927065],[116.3046504,39.9926781],[116.304697,39.9926603],[116.3047416,39.992651],[116.3047989,39.9926503],[116.3048613,39.9926585],[116.3049132,39.9926647],[116.3049939,39.9926612],[116.305063,39.992653],[116.3051162,39.9926483],[116.3051566,39.9926591],[116.3052043,39.9926848],[116.3052487,39.9927203],[116.3052816,39.9927866],[116.305293,39.9928397],[116.3053036,39.9930063],[116.3052607,39.9934913],[116.3051991,39.993659],[116.3048723,39.9940765],[116.3048394,39.9941246],[116.304847,39.9941673],[116.3048661,39.994201],[116.3049176,39.9942395],[116.3049891,39.9942672],[116.3050553,39.9942851],[116.3050529,39.9943213],[116.3050228,39.9943336],[116.3049646,39.9943475],[116.3049366,39.9943491],[116.3048765,39.9943021],[116.3048379,39.9942763],[116.3047955,39.9942257],[116.3046196,39.9942187],[116.3037314,39.9942048],[116.3033451,39.9941588],[116.3031927,39.9941078],[116.3031176,39.9940338],[116.3031337,39.9937543],[116.30319,39.9936783],[116.3032705,39.9936516],[116.3033885,39.9936742],[116.3034673,39.993739],[116.3035132,39.9937471],[116.303599,39.9937379],[116.303658,39.9937297],[116.3037144,39.9937369],[116.3037559,39.993781],[116.3037993,39.9938234],[116.3038538,39.9938375],[116.3038954,39.9938221],[116.3039008,39.9937913],[116.3039008,39.9937081],[116.3038485,39.9936331],[116.3038268,39.993574],[116.3038236,39.9932887],[116.303775,39.9931212],[116.3036541,39.9930672],[116.3035094,39.993043]]]},"properties":{"layer":"water","name_zh":"未名湖","name_en":"Weiming Lake"}},{"type":"Feature","geometry":{"type":"Polygon","coordinates":[[[116.2991694,39.9977694],[116.2990969,39.997603],[116.2990916,39.9975146],[116.2990487,39.9974407],[116.2989897,39.9974057],[116.2981528,39.9971941],[116.2980536,39.9972023],[116.2980267,39.9972742],[116.298075,39.9973256],[116.2981984,39.9973975],[116.298598,39.9974838],[116.2988529,39.9975372],[116.2989709,39.9975948],[116.2990352,39.99764],[116.2990916,39.9977078],[116.299105,39.9977879],[116.2990862,39.9978681],[116.2990996,39.9979359],[116.2990716,39.998007],[116.2991003,39.9981114],[116.2990204,39.9982109],[116.2991059,39.9982502],[116.2990909,39.9982782],[116.2991252,39.9982937],[116.2991529,39.9982715],[116.2991839,39.9982732],[116.2992031,39.9982908],[116.299245,39.9982734],[116.2992793,39.9982637],[116.2993593,39.9981473],[116.2993785,39.9981359],[116.2993747,39.9980685],[116.2993551,39.9980708],[116.29927,39.9980001],[116.2992042,39.9979318],[116.2992042,39.9978701],[116.2991694,39.9977694]]]},"properties":{"layer":"water","name_zh":"","name_en":""}},{"type":"Feature","geometry":{"type":"Polygon","coordinates":[[[116.3018912,39.9960104],[116.3018625,39.9959976],[116.301841,39.9959701],[116.3018266,39.9959096],[116.3018099,39.99584],[116.3018099,39.9957942],[116.3018219,39.9957649],[116.3018123,39.9957228],[116.3018003,39.9956641],[116.3018099,39.995611],[116.3018243,39.9955744],[116.3018434,39.9955451],[116.3018601,39.9955011],[116.3018601,39.9954516],[116.3018506,39.9954205],[116.301829,39.9953783],[116.3017956,39.995316],[116.3017956,39.9952574],[116.3017979,39.9952025],[116.3018219,39.9951548],[116.3018506,39.9951072],[116.3019056,39.9950907],[116.3019582,39.9950797],[116.3019988,39.995076],[116.3020754,39.9950797],[116.3021256,39.9950797],[116.3021758,39.9950669],[116.3022284,39.9950522],[116.3022954,39.9950522],[116.3023504,39.9950614],[116.3023958,39.9950779],[116.3024101,39.9951109],[116.302391,39.9951475],[116.3023695,39.995164],[116.3023695,39.9951915],[116.3023695,39.9952171],[116.3023456,39.9952336],[116.3022858,39.9952464],[116.3022284,39.9952464],[116.3021854,39.9952391],[116.3021375,39.9952263],[116.3020945,39.9952208],[116.3020562,39.9952464],[116.3020395,39.9952831],[116.3020275,39.9953252],[116.3020299,39.9953564],[116.3020108,39.9953875],[116.3019725,39.995404],[116.3019175,39.9954241],[116.301908,39.9954498],[116.3019103,39.9954773],[116.3019103,39.9955231],[116.3019319,39.9955451],[116.301963,39.9955542],[116.301994,39.9955689],[116.3020299,39.9955963],[116.3020634,39.9956165],[116.3021184,39.9956092],[116.3021854,39.9955835],[116.3022523,39.9955652],[116.3023049,39.9955597],[116.3023719,39.9955414],[116.3024173,39.9955249],[116.3024699,39.9955212],[116.3025202,39.9955011],[116.3025417,39.9954681],[116.3025536,39.9954168],[116.3025465,39.9953582],[116.3025417,39.995316],[116.3025321,39.9952757],[116.3025058,39.9952098],[116.302501,39.9951713],[116.3025273,39.9951567],[116.3025656,39.9951512],[116.3026182,39.9951768],[116.3026612,39.9952244],[116.3026732,39.9952702],[116.3026636,39.9953289],[116.3026517,39.9954278],[116.302623,39.9954956],[116.3026278,39.9955286],[116.3026756,39.9955597],[116.302721,39.9955762],[116.302776,39.9955835],[116.3028263,39.9955835],[116.3028956,39.9955799],[116.3029458,39.9955634],[116.3029793,39.9955194],[116.3030247,39.9954864],[116.3031037,39.9954718],[116.3031682,39.9954773],[116.3032304,39.9954956],[116.3032806,39.9955286],[116.3032854,39.995578],[116.3032711,39.9956348],[116.3032448,39.9956678],[116.3031993,39.9956806],[116.3031347,39.9956971],[116.3030439,39.9957154],[116.3029363,39.9957264],[116.3028573,39.9957264],[116.3027617,39.9957136],[116.302733,39.9956861],[116.302721,39.9956513],[116.302666,39.9956367],[116.3026015,39.9956403],[116.302556,39.9956495],[116.3025465,39.9956696],[116.3025871,39.9956934],[116.3025656,39.9957136],[116.302513,39.9957154],[116.3024604,39.9957136],[116.3023886,39.9957118],[116.3023097,39.9957338],[116.3022117,39.9957502],[116.3021662,39.9957539],[116.3021088,39.9957594],[116.3020706,39.9957832],[116.3020538,39.995807],[116.3020538,39.9958309],[116.302049,39.995851],[116.3020251,39.9958675],[116.3020132,39.9959005],[116.3020251,39.9959206],[116.3020025,39.9959448],[116.3019743,39.9959758],[116.3019671,39.9959905],[116.3019411,39.9960032],[116.3018912,39.9960104]]]},"properties":{"layer":"water","name_zh":"","name_en":""}},{"type":"Feature","geometry":{"type":"Polygon","coordinates":[[[116.2988672,39.9922549],[116.2988646,39.9917818],[116.298885,39.9917447],[116.2989259,39.991729],[116.2992168,39.9916547],[116.2993163,39.9916254],[116.2993801,39.991598],[116.2994388,39.9915609],[116.2994796,39.9915159],[116.2995179,39.9914749],[116.299546,39.9914299],[116.2995485,39.9913928],[116.2995531,39.9913646],[116.2995802,39.9913687],[116.2996253,39.9914116],[116.2997263,39.9914738],[116.2997877,39.9915332],[116.2998833,39.9915775],[116.2999573,39.9916093],[116.300006,39.9916507],[116.300015,39.9916784],[116.3000024,39.9917143],[116.299957,39.9917543],[116.2999248,39.9917806],[116.2998497,39.991811],[116.2997756,39.9918521],[116.2997016,39.991885],[116.2996265,39.991936],[116.2995845,39.9919743],[116.2995526,39.9920289],[116.2995314,39.9920743],[116.2994919,39.9921115],[116.2994585,39.9921382],[116.2994176,39.9921673],[116.2993796,39.992187],[116.2993114,39.9922184],[116.2992385,39.9922405],[116.2991627,39.9922603],[116.2990883,39.9922672],[116.2989912,39.9922707],[116.2989108,39.9922684],[116.2988774,39.9922684],[116.2988672,39.9922549]]]},"properties":{"layer":"water","name_zh":"","name_en":""}},{"type":"Feature","geometry":{"type":"Polygon","coordinates":[[[116.2989368,39.9929534],[116.2989094,39.9928898],[116.298876,39.9928445],[116.2988608,39.9928026],[116.2988593,39.9927584],[116.2988487,39.9927201],[116.2988274,39.9926933],[116.2988062,39.9926538],[116.2988062,39.9926213],[116.2988274,39.9925969],[116.2988547,39.9925992],[116.2988866,39.9926143],[116.2989473,39.9926434],[116.2989867,39.9926608],[116.2990368,39.9926852],[116.2990808,39.9927073],[116.2991066,39.9927236],[116.2991172,39.9927596],[116.2991294,39.9928026],[116.2991339,39.9928491],[116.2991324,39.9928828],[116.2991233,39.9928991],[116.2991142,39.9929096],[116.2991221,39.9929498],[116.2989368,39.9929534]]]},"properties":{"layer":"water","name_zh":"","name_en":""}},{"type":"Feature","geometry":{"type":"Polygon","coordinates":[[[116.3041785,39.9951484],[116.3042748,39.9950878],[116.3043573,39.9950588],[116.3044742,39.9950852],[116.3046461,39.9951932],[116.3047046,39.9952353],[116.3048245,39.9952935],[116.3048302,39.9953909],[116.3048042,39.9955859],[116.3048274,39.9956634],[116.3048736,39.9957011],[116.3049488,39.9957143],[116.3049951,39.9956789],[116.3049922,39.9956124],[116.3049979,39.9955238],[116.3050471,39.9954596],[116.3051078,39.9953821],[116.3051338,39.9952602],[116.3051338,39.9952093],[116.3051165,39.9951672],[116.3050182,39.9951606],[116.3049488,39.9951606],[116.3048967,39.9951783],[116.3048678,39.9952359],[116.3048418,39.9952514],[116.3047493,39.9952137],[116.3046799,39.9951561],[116.3045787,39.9950786],[116.3045006,39.9950299],[116.3044052,39.9950055],[116.304278,39.9950299],[116.3041912,39.9950698],[116.3041421,39.9951229],[116.304145,39.9951473],[116.3041785,39.9951484]]]},"properties":{"layer":"water","name_zh":"","name_en":""}},{"type":"Feature","geometry":{"type":"Polygon","coordinates":[[[116.2966244,39.9937811],[116.2968343,39.9936785],[116.2970948,39.9937211],[116.2972844,39.9937773],[116.297287,39.9938121],[116.2973628,39.9938371],[116.2974442,39.9938364],[116.2975236,39.9939333],[116.2975526,39.9939687],[116.2975225,39.9941546],[116.2974423,39.9943234],[116.2972821,39.9944263],[116.29712,39.9944035],[116.2968612,39.994312],[116.296558,39.994312],[116.2964416,39.9941789],[116.2963548,39.9942668],[116.2965383,39.9943817],[116.2968459,39.9943916],[116.2970063,39.9944856],[116.2971654,39.9945573],[116.2973217,39.9945862],[116.297424,39.9944961],[116.2975076,39.9943718],[116.2975889,39.994164],[116.2976288,39.9940416],[116.2977391,39.994028],[116.2978583,39.9939672],[116.297958,39.993868],[116.2978688,39.9937114],[116.297641,39.9936339],[116.2974614,39.9936397],[116.2974539,39.9935835],[116.2968469,39.9935951],[116.2966598,39.9935758],[116.2965334,39.9936513],[116.2964828,39.9937308],[116.2965081,39.9937908],[116.2965561,39.9938238],[116.2966244,39.9937811]]]},"properties":{"layer":"water","name_zh":"","name_en":""}},{"type":"Feature","geometry":{"type":"Polygon","coordinates":[[[116.301188,39.9947593],[116.3012092,39.9947779],[116.3012548,39.994798],[116.3012927,39.9948533],[116.3013053,39.9948989],[116.3012945,39.9949542],[116.3011177,39.9949929],[116.3011032,39.995004],[116.3010671,39.9950316],[116.3010635,39.9950607],[116.3011122,39.9951049],[116.3011555,39.9951395],[116.3012494,39.995182],[116.3012638,39.9952028],[116.3012656,39.9952636],[116.3012494,39.9953424],[116.3012313,39.9954474],[116.3012007,39.995493],[116.3011952,39.9955304],[116.3011989,39.9955981],[116.3012367,39.9956382],[116.3012584,39.9957073],[116.3012259,39.9957267],[116.3011989,39.9957432],[116.3012043,39.9957806],[116.3012213,39.9957863],[116.3012365,39.9957913],[116.3012945,39.9957667],[116.3013486,39.995717],[116.3013919,39.9956755],[116.3014118,39.9956506],[116.3014064,39.9956313],[116.3013703,39.9956022],[116.3013342,39.9955884],[116.3012981,39.995547],[116.3012945,39.9954474],[116.3013179,39.9953949],[116.301354,39.9953797],[116.3013955,39.9953341],[116.3013955,39.9952954],[116.3013576,39.9952346],[116.3013396,39.9951765],[116.3013486,39.9951336],[116.3013757,39.9950742],[116.3013667,39.9949968],[116.301336,39.9948738],[116.3012981,39.9948046],[116.3012728,39.9947687],[116.3012313,39.9947535],[116.3012046,39.9947506],[116.301188,39.9947593]]]},"properties":{"layer":"water","name_zh":"","name_en":""}},{"type":"Feature","geometry":{"type":"Polygon","coordinates":[[[116.3087172,39.9836559],[116.3088115,39.9835651],[116.3089181,39.9835204],[116.3090368,39.9835422],[116.3091203,39.9836074],[116.3091196,39.9836824],[116.3088764,39.9837127],[116.3087172,39.9836559]]]},"properties":{"layer":"water","name_zh":"","name_en":""}},{"type":"Feature","geometry":{"type":"Polygon","coordinates":[[[116.309278,39.9983977],[116.3092791,39.9983241],[116.3095153,39.9983275],[116.3110936,39.9983765],[116.3113121,39.9984027],[116.3114137,39.9984645],[116.311396,39.9984966],[116.3112294,39.9984864],[116.3111764,39.9984628],[116.3110682,39.9984365],[116.3106709,39.9984179],[116.3103254,39.998407],[116.3099424,39.998396],[116.3097084,39.9983833],[116.3095042,39.9983807],[116.309278,39.9983977]]]},"properties":{"layer":"water","name_zh":"","name_en":""}},{"type":"Feature","geometry":{"type":"Polygon","coordinates":[[[116.3079862,40.002608],[116.3080222,40.0026235],[116.3080309,40.0025859],[116.3080432,40.0025624],[116.3080537,40.0025114],[116.3080844,40.0024725],[116.3080835,40.0024268],[116.3080773,40.0022799],[116.3080817,40.002143],[116.3080773,40.0020705],[116.30808,40.0020168],[116.3081229,40.0019658],[116.3081422,40.0019558],[116.3082324,40.0016182],[116.3082123,40.0016014],[116.3081904,40.0015759],[116.3081965,40.001529],[116.3082044,40.0015021],[116.3082412,40.0013478],[116.3082683,40.0012726],[116.3082823,40.0012095],[116.3083095,40.0011666],[116.3083384,40.0011337],[116.3083673,40.0011116],[116.3083804,40.0010706],[116.3083988,40.0010532],[116.3084155,40.0010116],[116.3084286,40.0009418],[116.3084409,40.0009035],[116.3084619,40.0008539],[116.3084935,40.0008096],[116.308539,40.000776],[116.3085968,40.0007364],[116.3086143,40.0007197],[116.3085416,40.0007076],[116.308497,40.0007371],[116.3084426,40.0007458],[116.3084032,40.0007599],[116.3083866,40.0007962],[116.3083936,40.0008351],[116.308384,40.0008706],[116.3083559,40.0009123],[116.308355,40.000982],[116.3083428,40.0010525],[116.3083104,40.0011008],[116.3082683,40.0011364],[116.3082324,40.0011693],[116.3081211,40.001582],[116.3081728,40.0016612],[116.3081282,40.0018511],[116.308101,40.0018719],[116.30808,40.0018853],[116.3080642,40.0019296],[116.3080362,40.0019537],[116.3080029,40.001992],[116.3080029,40.0020584],[116.3079906,40.0021027],[116.3079468,40.0021484],[116.3079293,40.0021765],[116.3079267,40.0022188],[116.3079433,40.0022993],[116.3079503,40.0023517],[116.3079503,40.0024027],[116.3079748,40.0024362],[116.3080011,40.0024664],[116.3079994,40.0025033],[116.3079862,40.002608]]]},"properties":{"layer":"water","name_zh":"","name_en":""}},{"type":"Feature","geometry":{"type":"Polygon","coordinates":[[[116.3086847,39.9869223],[116.3086624,39.987286],[116.3086333,39.9877594],[116.3090181,39.9877733],[116.309449,39.9877888],[116.3095004,39.9869517],[116.3086847,39.9869223]]]},"properties":{"layer":"building"}},{"type":"Feature","geometry":{"type":"Polygon","coordinates":[[[116.2990807,39.9831523],[116.2991719,39.9828974],[116.2986033,39.9828029],[116.2983941,39.9828111],[116.2980347,39.9828769],[116.2979703,39.9828687],[116.2976377,39.9830002],[116.2976753,39.9830906],[116.2977182,39.9830742],[116.2977396,39.9830947],[116.2979167,39.9830454],[116.2980239,39.9831235],[116.2985336,39.9830372],[116.2990807,39.9831523]]]},"properties":{"layer":"building"}},{"type":"Feature","geometry":{"type":"Polygon","coordinates":[[[116.3061858,39.9919369],[116.3061943,39.9918015],[116.3069743,39.9918339],[116.3069686,39.9919635],[116.3065605,39.9919507],[116.3065563,39.9920206],[116.3063574,39.9920136],[116.3063616,39.9919434],[116.3061858,39.9919369]]]},"properties":{"layer":"building"}},{"type":"Feature","geometry":{"type":"Polygon","coordinates":[[[116.3024464,39.9833355],[116.3030936,39.9833328],[116.3030952,39.982851],[116.3027651,39.9828512],[116.3025298,39.9828494],[116.3024429,39.9828498],[116.3024464,39.9833355]]]},"properties":{"layer":"building"}},{"type":"Feature","geometry":{"type":"Polygon","coordinates":[[[116.3078962,39.9836248],[116.3086009,39.9836361],[116.3088064,39.9830608],[116.3086758,39.983054],[116.3086805,39.982998],[116.3085287,39.9829963],[116.3085371,39.9827521],[116.3086114,39.9827527],[116.308637,39.9821092],[116.3086631,39.9814966],[116.3079393,39.9814818],[116.3079421,39.9817207],[116.3079254,39.9827806],[116.3081547,39.9827852],[116.3081347,39.9829901],[116.307907,39.9829879],[116.3078962,39.9836248]]]},"properties":{"layer":"building"}},{"type":"Feature","geometry":{"type":"Polygon","coordinates":[[[116.30814,39.9950512],[116.3083362,39.9945969],[116.3084616,39.9946005],[116.3084644,39.9945649],[116.308441,39.994564],[116.3086736,39.9940206],[116.3082239,39.9938991],[116.3083271,39.9938313],[116.3088316,39.9939143],[116.3087374,39.9950809],[116.30814,39.9950512]]]},"properties":{"layer":"building"}},{"type":"Feature","geometry":{"type":"Polygon","coordinates":[[[116.2983252,39.991979],[116.2983296,39.9920425],[116.2983916,39.99204],[116.2983872,39.9919765],[116.2983252,39.991979]]]},"properties":{"layer":"building"}},{"type":"Feature","geometry":{"type":"Polygon","coordinates":[[[116.3082309,39.9990318],[116.308182,39.9992351],[116.3087421,39.9993143],[116.3087911,39.9991109],[116.3082309,39.9990318]]]},"properties":{"layer":"building"}},{"type":"Feature","geometry":{"type":"Polygon","coordinates":[[[116.3077435,39.9993028],[116.3077153,39.9994327],[116.3080047,39.9994696],[116.3080329,39.9993398],[116.3077435,39.9993028]]]},"properties":{"layer":"building"}},{"type":"Feature","geometry":{"type":"Polygon","coordinates":[[[116.3076356,39.9989732],[116.3075774,39.9992203],[116.30815,39.9992995],[116.3082082,39.9990523],[116.3076356,39.9989732]]]},"properties":{"layer":"building"}},{"type":"Feature","geometry":{"type":"Polygon","coordinates":[[[116.3080753,39.9993465],[116.3080447,39.9994769],[116.308663,39.999562],[116.3086936,39.9994316],[116.3080753,39.9993465]]]},"properties":{"layer":"building"}},{"type":"Feature","geometry":{"type":"Polygon","coordinates":[[[116.3074295,39.9989165],[116.3074032,39.9990676],[116.3075126,39.9990788],[116.3075389,39.9989277],[116.3074295,39.9989165]]]},"properties":{"layer":"building"}},{"type":"Feature","geometry":{"type":"Polygon","coordinates":[[[116.3040621,39.9882529],[116.304261,39.9882609],[116.3042643,39.9882138],[116.3044171,39.9882186],[116.3044104,39.9883428],[116.3046379,39.9885543],[116.3047745,39.9886813],[116.3049603,39.9886873],[116.3049845,39.9886881],[116.30497,39.9889162],[116.3049573,39.9891165],[116.3040054,39.989078],[116.3040535,39.9883787],[116.3040621,39.9882529]]]},"properties":{"layer":"building"}},{"type":"Feature","geometry":{"type":"Polygon","coordinates":[[[116.300605,39.9873148],[116.3006066,39.9872043],[116.3007306,39.9872053],[116.3007356,39.9868518],[116.3009944,39.9868539],[116.3009914,39.9870623],[116.3009895,39.9871978],[116.3007436,39.9871958],[116.3007419,39.987316],[116.300605,39.9873148]]]},"properties":{"layer":"building"}},{"type":"Feature","geometry":{"type":"Polygon","coordinates":[[[116.2959826,39.9861817],[116.2960411,39.9857448],[116.2966498,39.9857979],[116.296627,39.9859508],[116.2963309,39.9859249],[116.2962897,39.9862012],[116.2959826,39.9861817]]]},"properties":{"layer":"building"}},{"type":"Feature","geometry":{"type":"Polygon","coordinates":[[[116.3033049,39.9989324],[116.303529,39.9989579],[116.3035367,39.9989181],[116.3035469,39.9988653],[116.3033228,39.9988399],[116.3033137,39.9988874],[116.3033049,39.9989324]]]},"properties":{"layer":"building"}},{"type":"Feature","geometry":{"type":"Polygon","coordinates":[[[116.3030329,39.9998123],[116.3033861,39.9998536],[116.3034003,39.9997921],[116.3034082,39.9997479],[116.3030554,39.9997065],[116.3030489,39.9997463],[116.3030329,39.9998123]]]},"properties":{"layer":"building"}},{"type":"Feature","geometry":{"type":"Polygon","coordinates":[[[116.3031486,39.9993372],[116.303493,39.9993785],[116.3035178,39.9992577],[116.3031733,39.9992164],[116.3031486,39.9993372]]]},"properties":{"layer":"building"}},{"type":"Feature","geometry":{"type":"Polygon","coordinates":[[[116.3026268,40.000796],[116.3028218,40.0008278],[116.3028474,40.0007357],[116.3026523,40.000704],[116.3026268,40.000796]]]},"properties":{"layer":"building"}},{"type":"Feature","geometry":{"type":"Polygon","coordinates":[[[116.3045565,40.0001602],[116.3047225,40.0001888],[116.304759,40.0000647],[116.304593,40.0000361],[116.3045565,40.0001602]]]},"properties":{"layer":"building"}},{"type":"Feature","geometry":{"type":"Polygon","coordinates":[[[116.3032003,39.999597],[116.3032418,39.9996355],[116.3033067,39.9996402],[116.3033569,39.9996083],[116.3033631,39.9995586],[116.3033215,39.9995202],[116.3032567,39.9995154],[116.3032064,39.9995473],[116.3032003,39.999597]]]},"properties":{"layer":"building"}},{"type":"Feature","geometry":{"type":"Polygon","coordinates":[[[116.2976341,39.984428],[116.2979345,39.9845513],[116.2979367,39.9848226],[116.2976363,39.9849542],[116.2973337,39.9849459],[116.2970762,39.9847897],[116.2970833,39.9845595],[116.2973537,39.9844224],[116.2976341,39.984428]]]},"properties":{"layer":"building"}},{"type":"Feature","geometry":{"type":"Polygon","coordinates":[[[116.3127975,39.9971954],[116.3128379,39.9968233],[116.3133016,39.9968529],[116.3132612,39.997225],[116.3127975,39.9971954]]]},"properties":{"layer":"building"}},{"type":"Feature","geometry":{"type":"Polygon","coordinates":[[[116.31085,39.9969801],[116.3108399,39.9970887],[116.3102459,39.9970564],[116.310256,39.9969478],[116.31085,39.9969801]]]},"properties":{"layer":"building"}},{"type":"Feature","geometry":{"type":"Polygon","coordinates":[[[116.3127624,39.9973205],[116.3127562,39.9974304],[116.3121266,39.9974096],[116.3121328,39.9972997],[116.3127624,39.9973205]]]},"properties":{"layer":"building"}},{"type":"Feature","geometry":{"type":"Polygon","coordinates":[[[116.3116927,39.9969436],[116.3116857,39.9970369],[116.3110136,39.9970071],[116.3110207,39.9969138],[116.3116927,39.9969436]]]},"properties":{"layer":"building"}},{"type":"Feature","geometry":{"type":"Polygon","coordinates":[[[116.3127647,39.9976985],[116.3127567,39.9978002],[116.3120821,39.997769],[116.3120901,39.9976673],[116.3127647,39.9976985]]]},"properties":{"layer":"building"}},{"type":"Feature","geometry":{"type":"Polygon","coordinates":[[[116.311653,39.9976417],[116.3116461,39.9977434],[116.3110239,39.9977186],[116.3110308,39.9976169],[116.311653,39.9976417]]]},"properties":{"layer":"building"}},{"type":"Feature","geometry":{"type":"Polygon","coordinates":[[[116.3116834,39.9972855],[116.3116775,39.9973697],[116.3110029,39.997342],[116.3110088,39.9972578],[116.3116834,39.9972855]]]},"properties":{"layer":"building"}},{"type":"Feature","geometry":{"type":"Polygon","coordinates":[[[116.3108258,39.9973163],[116.3108158,39.9974198],[116.3102304,39.9973868],[116.3102403,39.9972832],[116.3108258,39.9973163]]]},"properties":{"layer":"building"}},{"type":"Feature","geometry":{"type":"Polygon","coordinates":[[[116.3125128,39.9970667],[116.3125192,39.9969813],[116.3118467,39.9969516],[116.3118403,39.9970369],[116.3125128,39.9970667]]]},"properties":{"layer":"building"}},{"type":"Feature","geometry":{"type":"Polygon","coordinates":[[[116.3110822,39.9966244],[116.3110715,39.9967486],[116.3103983,39.9967144],[116.3104091,39.9965901],[116.3110822,39.9966244]]]},"properties":{"layer":"building"}},{"type":"Feature","geometry":{"type":"Polygon","coordinates":[[[116.3108315,39.9976299],[116.3108207,39.9977542],[116.3100752,39.9977164],[116.310086,39.9975921],[116.3108315,39.9976299]]]},"properties":{"layer":"building"}},{"type":"Feature","geometry":{"type":"Polygon","coordinates":[[[116.3107625,39.9979519],[116.3107517,39.9980762],[116.3100063,39.9980383],[116.310017,39.997914],[116.3107625,39.9979519]]]},"properties":{"layer":"building"}},{"type":"Feature","geometry":{"type":"Polygon","coordinates":[[[116.3126833,39.9980783],[116.312676,39.9981727],[116.3119306,39.9981393],[116.3119378,39.9980449],[116.3126833,39.9980783]]]},"properties":{"layer":"building"}},{"type":"Feature","geometry":{"type":"Polygon","coordinates":[[[116.3117203,39.9980187],[116.3117117,39.9981235],[116.3109609,39.9980871],[116.3109696,39.9979822],[116.3117203,39.9980187]]]},"properties":{"layer":"building"}},{"type":"Feature","geometry":{"type":"Polygon","coordinates":[[[116.3128656,39.9966299],[116.3128549,39.9967541],[116.3121817,39.99672],[116.3121924,39.9965956],[116.3128656,39.9966299]]]},"properties":{"layer":"building"}},{"type":"Feature","geometry":{"type":"Polygon","coordinates":[[[116.3129041,39.9963644],[116.3128934,39.9964886],[116.3122202,39.9964545],[116.3122309,39.9963301],[116.3129041,39.9963644]]]},"properties":{"layer":"building"}},{"type":"Feature","geometry":{"type":"Polygon","coordinates":[[[116.3118861,39.9965766],[116.3118757,39.9967008],[116.3111326,39.9966645],[116.311143,39.9965402],[116.3112458,39.9965452],[116.3118861,39.9965766]]]},"properties":{"layer":"building"}},{"type":"Feature","geometry":{"type":"Polygon","coordinates":[[[116.309452,39.9980461],[116.3094566,39.997904],[116.3096497,39.9979076],[116.3096451,39.9980497],[116.309452,39.9980461]]]},"properties":{"layer":"building"}},{"type":"Feature","geometry":{"type":"Polygon","coordinates":[[[116.3039768,39.9916165],[116.3039912,39.9914438],[116.304341,39.9914609],[116.3046992,39.9914784],[116.3046936,39.9915619],[116.3046849,39.991651],[116.3039768,39.9916165]]]},"properties":{"layer":"building"}},{"type":"Feature","geometry":{"type":"Polygon","coordinates":[[[116.3018112,39.9895903],[116.3018147,39.989358],[116.3024039,39.9893633],[116.3024004,39.9895955],[116.3018112,39.9895903]]]},"properties":{"layer":"building"}},{"type":"Feature","geometry":{"type":"Polygon","coordinates":[[[116.2985431,39.9933604],[116.2985442,39.9933062],[116.2985462,39.9932022],[116.2985966,39.9932028],[116.2986574,39.9932035],[116.2986555,39.9933058],[116.2986544,39.9933616],[116.2985937,39.9933609],[116.2985431,39.9933604]]]},"properties":{"layer":"building"}},{"type":"Feature","geometry":{"type":"Polygon","coordinates":[[[116.2994868,39.992995],[116.2994857,39.9927804],[116.3001855,39.9927782],[116.3001867,39.9929928],[116.2994868,39.992995]]]},"properties":{"layer":"building"}},{"type":"Feature","geometry":{"type":"Polygon","coordinates":[[[116.2995007,39.9924137],[116.2995073,39.9922172],[116.3001898,39.9922306],[116.3001831,39.9924272],[116.2995007,39.9924137]]]},"properties":{"layer":"building"}},{"type":"Feature","geometry":{"type":"Polygon","coordinates":[[[116.2999787,39.9921786],[116.2999835,39.991794],[116.3001731,39.9917954],[116.3001682,39.99218],[116.2999787,39.9921786]]]},"properties":{"layer":"building"}},{"type":"Feature","geometry":{"type":"Polygon","coordinates":[[[116.3002973,39.9927555],[116.3002987,39.9924372],[116.3005221,39.9924378],[116.3005208,39.9927561],[116.3002973,39.9927555]]]},"properties":{"layer":"building"}},{"type":"Feature","geometry":{"type":"Polygon","coordinates":[[[116.3113638,39.9886543],[116.3113851,39.9883344],[116.3114048,39.9880373],[116.3117016,39.9880503],[116.3116791,39.9883433],[116.3116543,39.9886664],[116.3113638,39.9886543]]]},"properties":{"layer":"building"}},{"type":"Feature","geometry":{"type":"Polygon","coordinates":[[[116.3126291,39.9902863],[116.3126364,39.9901823],[116.3134554,39.9902158],[116.3134482,39.9903198],[116.3126291,39.9902863]]]},"properties":{"layer":"building"}},{"type":"Feature","geometry":{"type":"Polygon","coordinates":[[[116.3126809,39.9892983],[116.3126869,39.9892051],[116.3134902,39.9892354],[116.3134842,39.9893286],[116.3126809,39.9892983]]]},"properties":{"layer":"building"}},{"type":"Feature","geometry":{"type":"Polygon","coordinates":[[[116.3112606,39.9880306],[116.3112786,39.9878197],[116.3120838,39.9878547],[116.3120716,39.9879973],[116.3120659,39.9880648],[116.3117016,39.9880503],[116.3114048,39.9880373],[116.3112606,39.9880306]]]},"properties":{"layer":"building"}},{"type":"Feature","geometry":{"type":"Polygon","coordinates":[[[116.3126683,39.9896208],[116.3126766,39.9895222],[116.31348,39.9895621],[116.3134717,39.9896606],[116.3126683,39.9896208]]]},"properties":{"layer":"building"}},{"type":"Feature","geometry":{"type":"Polygon","coordinates":[[[116.312601,39.9906166],[116.3126066,39.9905137],[116.3134272,39.9905402],[116.3134216,39.9906431],[116.312601,39.9906166]]]},"properties":{"layer":"building"}},{"type":"Feature","geometry":{"type":"Polygon","coordinates":[[[116.3122553,39.9879322],[116.3125275,39.9879421],[116.3130195,39.9879651],[116.313002,39.9883369],[116.3128525,39.9883329],[116.3127409,39.9883039],[116.3127078,39.9882801],[116.3126646,39.9882406],[116.3126028,39.9881789],[116.3125206,39.9881266],[116.3123817,39.9880846],[116.3122443,39.9880668],[116.3122497,39.9880041],[116.3122553,39.9879322]]]},"properties":{"layer":"building"}},{"type":"Feature","geometry":{"type":"Polygon","coordinates":[[[116.312668,39.9899785],[116.3126745,39.9898657],[116.3134927,39.9898935],[116.3134861,39.9900063],[116.312668,39.9899785]]]},"properties":{"layer":"building"}},{"type":"Feature","geometry":{"type":"Polygon","coordinates":[[[116.303519,39.9832782],[116.3043481,39.9833108],[116.3043683,39.9830088],[116.3035392,39.9829762],[116.303519,39.9832782]]]},"properties":{"layer":"building"}},{"type":"Feature","geometry":{"type":"Polygon","coordinates":[[[116.3051225,39.983052],[116.3063138,39.9830726],[116.3063052,39.9833645],[116.3051139,39.9833439],[116.3051205,39.9831187],[116.3051225,39.983052]]]},"properties":{"layer":"building"}},{"type":"Feature","geometry":{"type":"Polygon","coordinates":[[[116.3068424,39.9834232],[116.3072267,39.98343],[116.307237,39.9833776],[116.307414,39.9833803],[116.3074304,39.9830439],[116.3074321,39.9830124],[116.3068707,39.9829945],[116.3068424,39.9834232]]]},"properties":{"layer":"building"}},{"type":"Feature","geometry":{"type":"Polygon","coordinates":[[[116.2958135,39.9877368],[116.2958356,39.9875335],[116.2958875,39.9870563],[116.2959826,39.9861817],[116.2962897,39.9862012],[116.2963953,39.986208],[116.2962457,39.987588],[116.2961938,39.9875847],[116.2961747,39.9877598],[116.2958135,39.9877368]]]},"properties":{"layer":"building"}},{"type":"Feature","geometry":{"type":"Polygon","coordinates":[[[116.2975955,39.9877517],[116.2977833,39.9868013],[116.2982467,39.9868551],[116.2980589,39.9878055],[116.2975955,39.9877517]]]},"properties":{"layer":"building"}},{"type":"Feature","geometry":{"type":"Polygon","coordinates":[[[116.2996225,39.9861991],[116.2997074,39.985326],[116.3004262,39.985367],[116.3004077,39.9855572],[116.3000038,39.9855342],[116.2999374,39.986217],[116.2996225,39.9861991]]]},"properties":{"layer":"building"}},{"type":"Feature","geometry":{"type":"Polygon","coordinates":[[[116.3017017,39.9852992],[116.3024709,39.9853242],[116.3024623,39.9854797],[116.302282,39.9854738],[116.3022812,39.9854882],[116.3023541,39.9854906],[116.3023387,39.9857685],[116.3022675,39.9857661],[116.3022669,39.9857762],[116.3024549,39.9857823],[116.3024458,39.9859488],[116.3017768,39.9859271],[116.3017858,39.985765],[116.3021206,39.9857758],[116.3021374,39.9854713],[116.301693,39.9854569],[116.3017017,39.9852992]]]},"properties":{"layer":"building"}},{"type":"Feature","geometry":{"type":"Polygon","coordinates":[[[116.3016618,39.9857621],[116.3016534,39.9859246],[116.3011337,39.9859089],[116.3011409,39.9857687],[116.3011255,39.9857682],[116.3011415,39.985456],[116.3011956,39.9854576],[116.3011961,39.9854464],[116.3007339,39.9854327],[116.3007332,39.9854463],[116.3007788,39.9854476],[116.3007646,39.9857354],[116.3010291,39.9857431],[116.3010213,39.9859014],[116.3006314,39.9858901],[116.3006383,39.9857495],[116.300552,39.985747],[116.3005672,39.9854398],[116.3006824,39.9854432],[116.300683,39.9854307],[116.3005871,39.9854279],[116.3005949,39.9852692],[116.3015276,39.9852963],[116.3015199,39.9854524],[116.3013085,39.9854463],[116.3013075,39.9854652],[116.3013562,39.9854667],[116.3013416,39.9857524],[116.3016618,39.9857621]]]},"properties":{"layer":"building"}},{"type":"Feature","geometry":{"type":"Polygon","coordinates":[[[116.3034002,39.9858024],[116.3027999,39.9857853],[116.302814,39.9854954],[116.3027907,39.9854948],[116.3027914,39.9854808],[116.3034239,39.9854987],[116.3034315,39.9853405],[116.302641,39.9853181],[116.3026371,39.9853991],[116.3026179,39.9853986],[116.3026131,39.9854973],[116.3025966,39.9854969],[116.3025833,39.98577],[116.3025988,39.9857704],[116.3025947,39.9858548],[116.3026123,39.9858553],[116.302608,39.9859426],[116.3033923,39.9859649],[116.3034002,39.9858024]]]},"properties":{"layer":"building"}},{"type":"Feature","geometry":{"type":"Polygon","coordinates":[[[116.3035543,39.9859651],[116.3035606,39.9858238],[116.3040686,39.9858373],[116.304067,39.9858732],[116.3041426,39.9858752],[116.3041436,39.9858534],[116.3041097,39.9858525],[116.3041113,39.9858176],[116.3040625,39.9858163],[116.3040728,39.9855859],[116.3041487,39.9855879],[116.3041501,39.9855568],[116.3035732,39.9855415],[116.3035803,39.985385],[116.3042691,39.9854032],[116.3042429,39.9859833],[116.3035543,39.9859651]]]},"properties":{"layer":"building"}},{"type":"Feature","geometry":{"type":"Polygon","coordinates":[[[116.3024847,39.9865436],[116.3025003,39.9861981],[116.3029171,39.9862088],[116.3033509,39.9862205],[116.3033353,39.9865677],[116.3031162,39.9865619],[116.3031239,39.9863913],[116.3027147,39.9863804],[116.3027071,39.9865495],[116.3024847,39.9865436]]]},"properties":{"layer":"building"}},{"type":"Feature","geometry":{"type":"Polygon","coordinates":[[[116.3034793,39.9865705],[116.3034974,39.9862201],[116.3038806,39.9862318],[116.3042637,39.9862435],[116.3042454,39.9865961],[116.3040253,39.9865894],[116.3040345,39.9864126],[116.3037068,39.9864027],[116.3036978,39.9865771],[116.3034793,39.9865705]]]},"properties":{"layer":"building"}},{"type":"Feature","geometry":{"type":"Polygon","coordinates":[[[116.3005198,39.9865467],[116.3010588,39.986562],[116.3010454,39.9868398],[116.3008229,39.9868334],[116.300828,39.986728],[116.3005115,39.986719],[116.3005198,39.9865467]]]},"properties":{"layer":"building"}},{"type":"Feature","geometry":{"type":"Polygon","coordinates":[[[116.3086252,39.9860273],[116.3086463,39.9856661],[116.3090884,39.9856813],[116.3090757,39.9858981],[116.3091799,39.9859016],[116.3094355,39.9864054],[116.3087846,39.986383],[116.3088051,39.9860335],[116.3086252,39.9860273]]]},"properties":{"layer":"building"}},{"type":"Feature","geometry":{"type":"Polygon","coordinates":[[[116.3081747,39.9879038],[116.3080891,39.9879009],[116.3079718,39.9878969],[116.3079552,39.9881879],[116.308158,39.9881948],[116.3081747,39.9879038]]]},"properties":{"layer":"building"}},{"type":"Feature","geometry":{"type":"Polygon","coordinates":[[[116.3074735,39.9876419],[116.30751,39.9876436],[116.3080713,39.9876699],[116.3081075,39.9876716],[116.3080891,39.9879009],[116.3079718,39.9878969],[116.3074549,39.9878758],[116.3074735,39.9876419]]]},"properties":{"layer":"building"}},{"type":"Feature","geometry":{"type":"Polygon","coordinates":[[[116.3072537,39.9877754],[116.3068513,39.9877606],[116.3068267,39.9881546],[116.3068005,39.988575],[116.3071634,39.9885883],[116.3072732,39.9885922],[116.307836,39.9886129],[116.3080238,39.9886198],[116.3080386,39.9883817],[116.3072178,39.9883517],[116.3072291,39.9881701],[116.3072537,39.9877754]]]},"properties":{"layer":"building"}},{"type":"Feature","geometry":{"type":"Polygon","coordinates":[[[116.3057627,39.9925905],[116.3058144,39.9925915],[116.3058529,39.9926256],[116.3058518,39.9926621],[116.3058136,39.9926955],[116.3057532,39.992693],[116.3057166,39.9926626],[116.3057189,39.9926198],[116.3057627,39.9925905]]]},"properties":{"layer":"building"}},{"type":"Feature","geometry":{"type":"Polygon","coordinates":[[[116.3076342,39.9944011],[116.3077586,39.993893],[116.3078305,39.9939142],[116.3080125,39.9939214],[116.3078882,39.9944376],[116.3076342,39.9944011]]]},"properties":{"layer":"building"}},{"type":"Feature","geometry":{"type":"Polygon","coordinates":[[[116.3069068,39.9948014],[116.3069368,39.9946685],[116.3069201,39.9946338],[116.3069169,39.9946011],[116.3069239,39.9945709],[116.3069399,39.9945432],[116.3069621,39.9945207],[116.3070014,39.9944973],[116.3070629,39.9942953],[116.3070287,39.9942894],[116.3070699,39.9941531],[116.3071053,39.9941577],[116.3071127,39.9941337],[116.307078,39.9941264],[116.3071185,39.9939929],[116.3071537,39.9940007],[116.3071612,39.9939762],[116.3071251,39.9939712],[116.307166,39.9938363],[116.3072025,39.9938424],[116.3072255,39.9937679],[116.3071894,39.9937591],[116.3072171,39.9936676],[116.3072543,39.9936742],[116.307257,39.9936656],[116.3074678,39.9937038],[116.3074213,39.9938544],[116.3074733,39.9938637],[116.3073306,39.9943269],[116.3072141,39.994307],[116.3072097,39.9943203],[116.3073694,39.9943475],[116.3073358,39.9944626],[116.3072913,39.9944543],[116.3072823,39.9944836],[116.3072644,39.9944794],[116.3072371,39.9945645],[116.3072469,39.9946006],[116.3072428,39.994637],[116.3072269,39.9946688],[116.3071997,39.9946968],[116.3071936,39.9947166],[116.3072631,39.994727],[116.3072508,39.9947733],[116.3072375,39.9947722],[116.3072158,39.9948471],[116.3071728,39.9948393],[116.3071698,39.9948489],[116.3069068,39.9948014]]]},"properties":{"layer":"building"}},{"type":"Feature","geometry":{"type":"Polygon","coordinates":[[[116.3075249,39.9949302],[116.3075288,39.9949169],[116.3074902,39.9949103],[116.3075289,39.9947785],[116.3075693,39.9947855],[116.3076422,39.9945372],[116.3077311,39.9945525],[116.3077464,39.9945004],[116.3078396,39.9945165],[116.307825,39.9945659],[116.3078591,39.9945718],[116.307784,39.9948271],[116.3079761,39.9948603],[116.307933,39.9950118],[116.3075932,39.994997],[116.307609,39.9949448],[116.3075249,39.9949302]]]},"properties":{"layer":"building"}},{"type":"Feature","geometry":{"type":"Polygon","coordinates":[[[116.3072839,39.9934766],[116.3073088,39.9928881],[116.3077406,39.9928989],[116.3076315,39.9935094],[116.3072839,39.9934766]]]},"properties":{"layer":"building"}},{"type":"Feature","geometry":{"type":"Polygon","coordinates":[[[116.298054,39.9849963],[116.2983538,39.984857],[116.29864,39.984871],[116.2989352,39.9850206],[116.2989307,39.9852817],[116.2986263,39.9854174],[116.2982947,39.9854139],[116.2980268,39.9852886],[116.298054,39.9849963]]]},"properties":{"layer":"building"}},{"type":"Feature","geometry":{"type":"Polygon","coordinates":[[[116.2998947,39.9834405],[116.2999603,39.9832577],[116.3000141,39.9832691],[116.3001766,39.9833033],[116.3003096,39.9833313],[116.3002752,39.9834271],[116.300244,39.9835142],[116.2999963,39.9834619],[116.2998947,39.9834405]]]},"properties":{"layer":"building"}},{"type":"Feature","geometry":{"type":"Polygon","coordinates":[[[116.2997449,39.983109],[116.2998008,39.9829603],[116.3002671,39.9830634],[116.3001766,39.9833033],[116.3000141,39.9832691],[116.3000491,39.9831762],[116.2997449,39.983109]]]},"properties":{"layer":"building"}},{"type":"Feature","geometry":{"type":"Polygon","coordinates":[[[116.2995108,39.993647],[116.3001598,39.9936566],[116.3001552,39.9938395],[116.2995063,39.9938297],[116.2995108,39.993647]]]},"properties":{"layer":"building"}},{"type":"Feature","geometry":{"type":"Polygon","coordinates":[[[116.3002969,39.993639],[116.3003001,39.9934841],[116.3002466,39.9934834],[116.3002537,39.9931457],[116.3003072,39.9931464],[116.3003101,39.9930047],[116.3005344,39.9930074],[116.3005314,39.9931491],[116.3005896,39.9931498],[116.3005826,39.9934873],[116.3005256,39.9934866],[116.3005223,39.9936418],[116.3002969,39.993639]]]},"properties":{"layer":"building"}},{"type":"Feature","geometry":{"type":"Polygon","coordinates":[[[116.2995046,39.9946736],[116.2995127,39.994392],[116.2994603,39.9943911],[116.2994666,39.9941708],[116.3001617,39.9941825],[116.3001561,39.9943749],[116.3000958,39.9943739],[116.3000869,39.9946835],[116.2995046,39.9946736]]]},"properties":{"layer":"building"}},{"type":"Feature","geometry":{"type":"Polygon","coordinates":[[[116.3002949,39.9938715],[116.300503,39.9938734],[116.3004978,39.9942175],[116.3002897,39.9942156],[116.3002949,39.9938715]]]},"properties":{"layer":"building"}},{"type":"Feature","geometry":{"type":"Polygon","coordinates":[[[116.3008367,39.9943341],[116.3008419,39.9938546],[116.3010506,39.9938559],[116.3010466,39.994232],[116.3010455,39.9943354],[116.3008367,39.9943341]]]},"properties":{"layer":"building"}},{"type":"Feature","geometry":{"type":"Polygon","coordinates":[[[116.3015236,39.9938638],[116.3017171,39.9938667],[116.3017047,39.9943464],[116.3015086,39.9943434],[116.3015101,39.9942356],[116.3015236,39.9938638]]]},"properties":{"layer":"building"}},{"type":"Feature","geometry":{"type":"Polygon","coordinates":[[[116.3010466,39.994232],[116.3015101,39.9942356],[116.3015086,39.9943434],[116.301508,39.9943872],[116.3010464,39.9943835],[116.3010455,39.9943354],[116.3010466,39.994232]]]},"properties":{"layer":"building"}},{"type":"Feature","geometry":{"type":"Polygon","coordinates":[[[116.3021011,39.9943698],[116.3021097,39.9939126],[116.3023422,39.9939151],[116.3023379,39.9942618],[116.302337,39.9943724],[116.3021011,39.9943698]]]},"properties":{"layer":"building"}},{"type":"Feature","geometry":{"type":"Polygon","coordinates":[[[116.3027845,39.9943826],[116.3027855,39.994264],[116.3027901,39.9939165],[116.303013,39.9939177],[116.303009,39.9943837],[116.3027845,39.9943826]]]},"properties":{"layer":"building"}},{"type":"Feature","geometry":{"type":"Polygon","coordinates":[[[116.3023379,39.9942618],[116.3027855,39.994264],[116.3027845,39.9943826],[116.3027843,39.9944093],[116.3023367,39.9944071],[116.302337,39.9943724],[116.3023379,39.9942618]]]},"properties":{"layer":"building"}},{"type":"Feature","geometry":{"type":"Polygon","coordinates":[[[116.3054779,39.9936927],[116.3056356,39.9937266],[116.3054289,39.9942916],[116.305271,39.9942577],[116.3054779,39.9936927]]]},"properties":{"layer":"building"}},{"type":"Feature","geometry":{"type":"Polygon","coordinates":[[[116.299576,39.9898965],[116.2995768,39.9898786],[116.2991512,39.9898678],[116.2991536,39.9898129],[116.2990113,39.9898093],[116.2990044,39.9899698],[116.2995741,39.9899842],[116.2995748,39.9899673],[116.2996029,39.9899681],[116.299606,39.9898972],[116.299576,39.9898965]]]},"properties":{"layer":"building"}},{"type":"Feature","geometry":{"type":"Polygon","coordinates":[[[116.2990428,39.9907757],[116.2995374,39.9907968],[116.2995271,39.9909378],[116.2990326,39.9909167],[116.2990428,39.9907757]]]},"properties":{"layer":"building"}},{"type":"Feature","geometry":{"type":"Polygon","coordinates":[[[116.3004768,39.990942],[116.3004819,39.990771],[116.3004444,39.9907704],[116.3004556,39.9903954],[116.3004963,39.9903961],[116.3004994,39.9902942],[116.3004797,39.9902938],[116.3004881,39.9900097],[116.3005092,39.9900101],[116.3005113,39.9899365],[116.3005527,39.9899372],[116.3005534,39.9899124],[116.3009919,39.9899199],[116.3009803,39.9903207],[116.3009455,39.9903201],[116.3009449,39.9903401],[116.3005591,39.9903334],[116.3005572,39.9904004],[116.3006169,39.9904014],[116.3006059,39.9907737],[116.3005283,39.9907724],[116.3005271,39.9908125],[116.3005376,39.9908127],[116.3009404,39.9908198],[116.3009355,39.990985],[116.3005329,39.9909779],[116.300534,39.990943],[116.3004768,39.990942]]]},"properties":{"layer":"building"}},{"type":"Feature","geometry":{"type":"Polygon","coordinates":[[[116.2994048,39.9896876],[116.2994164,39.9895132],[116.300015,39.9895365],[116.3000161,39.989521],[116.3002815,39.9895313],[116.300271,39.9896902],[116.3000285,39.9896808],[116.3000265,39.9897117],[116.2995155,39.9896919],[116.2994048,39.9896876]]]},"properties":{"layer":"building"}},{"type":"Feature","geometry":{"type":"Polygon","coordinates":[[[116.2999781,39.9894819],[116.3001427,39.9894856],[116.3001973,39.9894443],[116.3002109,39.9891719],[116.3002636,39.9891314],[116.3002683,39.9890562],[116.3002,39.9889904],[116.3002094,39.9887204],[116.2998341,39.9887126],[116.2998275,39.9889],[116.2998029,39.9888995],[116.2998,39.9889791],[116.2998143,39.9889794],[116.2998048,39.9892266],[116.2999831,39.9892306],[116.2999819,39.9892617],[116.2998993,39.9892593],[116.2998914,39.9893854],[116.2999818,39.9893874],[116.2999781,39.9894819]]]},"properties":{"layer":"building"}},{"type":"Feature","geometry":{"type":"Polygon","coordinates":[[[116.2993076,39.9893793],[116.2993059,39.9894069],[116.299188,39.9894025],[116.299167,39.9893779],[116.2991206,39.9893761],[116.2991251,39.9893044],[116.2991905,39.9893068],[116.299195,39.9892356],[116.2993112,39.9892399],[116.2993124,39.9892201],[116.2997184,39.9892351],[116.2997173,39.9892526],[116.2998993,39.9892593],[116.2998914,39.9893854],[116.2998894,39.9894168],[116.2996452,39.9894077],[116.2996462,39.9893917],[116.2993076,39.9893793]]]},"properties":{"layer":"building"}},{"type":"Feature","geometry":{"type":"Polygon","coordinates":[[[116.29919,39.9889642],[116.2991922,39.9889105],[116.2991743,39.9889101],[116.2991786,39.9888057],[116.2991941,39.9888061],[116.2992004,39.9886547],[116.2993192,39.9886576],[116.2993133,39.9887993],[116.2992567,39.9887979],[116.2992553,39.9888317],[116.2997321,39.9888433],[116.2997265,39.9889772],[116.29919,39.9889642]]]},"properties":{"layer":"building"}},{"type":"Feature","geometry":{"type":"Polygon","coordinates":[[[116.3010603,39.9877908],[116.3010702,39.9875004],[116.3005819,39.9874906],[116.300572,39.9877811],[116.3010603,39.9877908]]]},"properties":{"layer":"building"}},{"type":"Feature","geometry":{"type":"Polygon","coordinates":[[[116.3024027,39.987408],[116.3024104,39.9872457],[116.3023911,39.9872451],[116.3024088,39.9868755],[116.3024265,39.986876],[116.3024342,39.986713],[116.3028072,39.9867234],[116.3027992,39.986892],[116.3026472,39.9868878],[116.3026384,39.987072],[116.3026303,39.9872424],[116.3027852,39.9872468],[116.3027771,39.9874185],[116.3024027,39.987408]]]},"properties":{"layer":"building"}},{"type":"Feature","geometry":{"type":"Polygon","coordinates":[[[116.3029086,39.9874248],[116.3029171,39.9872496],[116.303241,39.9872589],[116.3036841,39.9872716],[116.3036755,39.9874469],[116.3029086,39.9874248]]]},"properties":{"layer":"building"}},{"type":"Feature","geometry":{"type":"Polygon","coordinates":[[[116.3029342,39.9868962],[116.3029437,39.98672],[116.3037136,39.9867446],[116.3037041,39.9869207],[116.3032785,39.9869072],[116.3029342,39.9868962]]]},"properties":{"layer":"building"}},{"type":"Feature","geometry":{"type":"Polygon","coordinates":[[[116.3038352,39.9874534],[116.3038427,39.98728],[116.3040074,39.9872842],[116.3040228,39.9869302],[116.3038589,39.986926],[116.303866,39.9867633],[116.3042329,39.9867726],[116.3042256,39.9869413],[116.3042387,39.9869416],[116.3042328,39.9870771],[116.3042232,39.9872952],[116.3042105,39.9872949],[116.3042032,39.9874628],[116.3038352,39.9874534]]]},"properties":{"layer":"building"}},{"type":"Feature","geometry":{"type":"Polygon","coordinates":[[[116.3058566,39.9879558],[116.3058929,39.98733],[116.3060868,39.9873366],[116.3061028,39.9870611],[116.3064651,39.9870734],[116.3064129,39.9879747],[116.3058566,39.9879558]]]},"properties":{"layer":"building"}},{"type":"Feature","geometry":{"type":"Polygon","coordinates":[[[116.3054293,39.9879776],[116.3054733,39.9873451],[116.3057543,39.9873566],[116.3057104,39.9879891],[116.3054293,39.9879776]]]},"properties":{"layer":"building"}},{"type":"Feature","geometry":{"type":"Polygon","coordinates":[[[116.3055527,39.9864891],[116.305563,39.9863493],[116.3058521,39.9863619],[116.3058475,39.9864233],[116.30588,39.9864247],[116.3058428,39.9869271],[116.3058012,39.9869253],[116.3057954,39.987003],[116.3055122,39.9869906],[116.3055227,39.9868489],[116.3055804,39.9868514],[116.3055964,39.9866362],[116.3056072,39.9864915],[116.3055527,39.9864891]]]},"properties":{"layer":"building"}},{"type":"Feature","geometry":{"type":"Polygon","coordinates":[[[116.3055807,39.986089],[116.30559,39.9859491],[116.3056671,39.9859521],[116.3056833,39.9857158],[116.3056915,39.9855879],[116.3056284,39.9855854],[116.3056374,39.9854513],[116.3059043,39.9854618],[116.3058995,39.9855336],[116.3059515,39.9855356],[116.3059185,39.9860281],[116.3058798,39.9860266],[116.3058749,39.9861005],[116.3055807,39.986089]]]},"properties":{"layer":"building"}},{"type":"Feature","geometry":{"type":"Polygon","coordinates":[[[116.3059156,39.9854544],[116.3059211,39.9853293],[116.3085263,39.9853978],[116.3085245,39.9855662],[116.3075938,39.9855396],[116.3075878,39.9854842],[116.3073432,39.9854746],[116.3073406,39.9854449],[116.3070226,39.985443],[116.3070188,39.9854751],[116.3067623,39.9854676],[116.3067553,39.9855268],[116.3063364,39.9855158],[116.3060958,39.9855095],[116.306098,39.9854591],[116.3059156,39.9854544]]]},"properties":{"layer":"building"}},{"type":"Feature","geometry":{"type":"Polygon","coordinates":[[[116.3061349,39.9868423],[116.3061626,39.9864205],[116.3061856,39.9860707],[116.3061451,39.9860691],[116.3061525,39.9859567],[116.306191,39.9859582],[116.3062108,39.9856567],[116.3064432,39.9856657],[116.3063653,39.9868512],[116.3061349,39.9868423]]]},"properties":{"layer":"building"}},{"type":"Feature","geometry":{"type":"Polygon","coordinates":[[[116.2953169,39.9963717],[116.2953317,39.9962457],[116.2961615,39.996303],[116.2961467,39.9964291],[116.2953169,39.9963717]]]},"properties":{"layer":"building"}},{"type":"Feature","geometry":{"type":"Polygon","coordinates":[[[116.2984178,39.9883147],[116.298397,39.9882616],[116.2973237,39.9881608],[116.2973132,39.9882269],[116.2971673,39.9882132],[116.2971287,39.9884541],[116.297261,39.9884665],[116.297243,39.9885791],[116.2976178,39.9886145],[116.2975879,39.9888007],[116.2983284,39.9888705],[116.2984178,39.9883147]]]},"properties":{"layer":"building"}},{"type":"Feature","geometry":{"type":"Polygon","coordinates":[[[116.2981037,39.9858428],[116.2982457,39.985856],[116.2982437,39.9858688],[116.298504,39.985893],[116.2986387,39.9859055],[116.2986405,39.9858941],[116.2986944,39.9858991],[116.2987033,39.9858424],[116.2987502,39.9858467],[116.2987666,39.9857432],[116.298949,39.9857602],[116.298848,39.986398],[116.2980278,39.9863218],[116.2980734,39.9860343],[116.2981037,39.9858428]]]},"properties":{"layer":"building"}},{"type":"Feature","geometry":{"type":"Polygon","coordinates":[[[116.2950544,39.98589],[116.2950806,39.9857439],[116.2959291,39.9858332],[116.2959029,39.9859793],[116.2950544,39.98589]]]},"properties":{"layer":"building"}},{"type":"Feature","geometry":{"type":"Polygon","coordinates":[[[116.2967124,39.9859924],[116.2967599,39.9858565],[116.2977725,39.9860412],[116.2979573,39.9860749],[116.2978686,39.9862496],[116.2975613,39.9861817],[116.2974917,39.9860992],[116.2967124,39.9859924]]]},"properties":{"layer":"building"}},{"type":"Feature","geometry":{"type":"Polygon","coordinates":[[[116.2949552,39.9853998],[116.2949832,39.9852391],[116.2957531,39.9853178],[116.2957251,39.9854786],[116.2949552,39.9853998]]]},"properties":{"layer":"building"}},{"type":"Feature","geometry":{"type":"Polygon","coordinates":[[[116.3111862,39.9888705],[116.3112102,39.988648],[116.3113638,39.9886543],[116.3116543,39.9886664],[116.3120528,39.9886829],[116.3120312,39.9889091],[116.3111862,39.9888705]]]},"properties":{"layer":"building"}},{"type":"Feature","geometry":{"type":"Polygon","coordinates":[[[116.3122929,39.988833],[116.3122953,39.9887171],[116.3127171,39.9887251],[116.3133172,39.988744],[116.3133136,39.988857],[116.3133075,39.9889648],[116.312434,39.9889363],[116.3123967,39.9888602],[116.3122929,39.988833]]]},"properties":{"layer":"building"}},{"type":"Feature","geometry":{"type":"Polygon","coordinates":[[[116.3102366,39.9884771],[116.3104311,39.9884854],[116.310468,39.987978],[116.3102735,39.9879697],[116.3102366,39.9884771]]]},"properties":{"layer":"building"}},{"type":"Feature","geometry":{"type":"Polygon","coordinates":[[[116.3103316,39.9870361],[116.3104468,39.9870449],[116.3105123,39.9865432],[116.3103972,39.9865344],[116.3103316,39.9870361]]]},"properties":{"layer":"building"}},{"type":"Feature","geometry":{"type":"Polygon","coordinates":[[[116.3103072,39.9873024],[116.3104287,39.9873111],[116.3104472,39.9871603],[116.3103256,39.9871515],[116.3103072,39.9873024]]]},"properties":{"layer":"building"}},{"type":"Feature","geometry":{"type":"Polygon","coordinates":[[[116.3104388,39.9873689],[116.3109959,39.9874074],[116.3110069,39.987314],[116.3104497,39.9872755],[116.3104388,39.9873689]]]},"properties":{"layer":"building"}},{"type":"Feature","geometry":{"type":"Polygon","coordinates":[[[116.3102616,39.9876178],[116.3103882,39.987623],[116.3104091,39.9873236],[116.3102825,39.9873184],[116.3102616,39.9876178]]]},"properties":{"layer":"building"}},{"type":"Feature","geometry":{"type":"Polygon","coordinates":[[[116.3104232,39.9876283],[116.3110732,39.9876543],[116.3110656,39.9877664],[116.3104156,39.9877404],[116.3104232,39.9876283]]]},"properties":{"layer":"building"}},{"type":"Feature","geometry":{"type":"Polygon","coordinates":[[[116.3102594,39.987922],[116.3103919,39.9879285],[116.3104148,39.9876532],[116.3102823,39.9876467],[116.3102594,39.987922]]]},"properties":{"layer":"building"}},{"type":"Feature","geometry":{"type":"Polygon","coordinates":[[[116.310467,39.988101],[116.3110354,39.988126],[116.3110434,39.9880178],[116.3104751,39.9879929],[116.310467,39.988101]]]},"properties":{"layer":"building"}},{"type":"Feature","geometry":{"type":"Polygon","coordinates":[[[116.3104554,39.9883716],[116.3110268,39.98839],[116.3110209,39.9884982],[116.3104495,39.9884798],[116.3104554,39.9883716]]]},"properties":{"layer":"building"}},{"type":"Feature","geometry":{"type":"Polygon","coordinates":[[[116.3101951,39.9888228],[116.3103192,39.9888296],[116.3103449,39.9885554],[116.3102207,39.9885486],[116.3101951,39.9888228]]]},"properties":{"layer":"building"}},{"type":"Feature","geometry":{"type":"Polygon","coordinates":[[[116.31033,39.988827],[116.3109788,39.9888592],[116.3109874,39.9887579],[116.3103386,39.9887257],[116.31033,39.988827]]]},"properties":{"layer":"building"}},{"type":"Feature","geometry":{"type":"Polygon","coordinates":[[[116.3106632,39.9904822],[116.3107051,39.9900835],[116.3105217,39.9900713],[116.3105735,39.9894023],[116.3106851,39.9894053],[116.3107051,39.989196],[116.3106612,39.9891426],[116.3105974,39.9891044],[116.310416,39.9890952],[116.3103642,39.9891258],[116.3103103,39.9891731],[116.3103043,39.9892449],[116.3102685,39.9892495],[116.3101951,39.9903652],[116.310252,39.9903698],[116.3103008,39.9904383],[116.3103902,39.9905053],[116.3104594,39.9905349],[116.3104634,39.99051],[116.3105264,39.9905038],[116.3105203,39.9905598],[116.3106159,39.9905552],[116.3106586,39.9905365],[116.3106632,39.9904822]]]},"properties":{"layer":"building"}},{"type":"Feature","geometry":{"type":"Polygon","coordinates":[[[116.2993843,39.9883319],[116.2995575,39.988336],[116.299567,39.9882148],[116.2995559,39.9882143],[116.2995566,39.9882005],[116.3002179,39.988219],[116.3002247,39.9880775],[116.2994787,39.9880566],[116.2994778,39.9880753],[116.2993902,39.9880729],[116.2993843,39.9883319]]]},"properties":{"layer":"building"}},{"type":"Feature","geometry":{"type":"Polygon","coordinates":[[[116.2993752,39.9885534],[116.2994605,39.9885554],[116.2994592,39.9885865],[116.2996879,39.988592],[116.2996883,39.9885827],[116.2997323,39.9885838],[116.2997319,39.9885938],[116.299889,39.9885976],[116.2998894,39.988588],[116.3000147,39.988591],[116.3000143,39.988601],[116.3002442,39.9886065],[116.3002505,39.9884506],[116.2995535,39.9884339],[116.2995575,39.988336],[116.2993843,39.9883319],[116.2993752,39.9885534]]]},"properties":{"layer":"building"}},{"type":"Feature","geometry":{"type":"Polygon","coordinates":[[[116.2993799,39.9879309],[116.2995294,39.9879358],[116.2995352,39.9878319],[116.300286,39.9878565],[116.3002927,39.9877374],[116.2995379,39.9877125],[116.299534,39.987783],[116.2993884,39.9877782],[116.2993799,39.9879309]]]},"properties":{"layer":"building"}},{"type":"Feature","geometry":{"type":"Polygon","coordinates":[[[116.3034908,39.993452],[116.303553,39.9934532],[116.303597,39.9934187],[116.3035983,39.9933742],[116.3035563,39.9933416],[116.3034957,39.9933404],[116.3034515,39.9933705],[116.3034488,39.9934158],[116.3034908,39.993452]]]},"properties":{"layer":"building"}},{"type":"Feature","geometry":{"type":"Polygon","coordinates":[[[116.3013275,39.9918602],[116.3013319,39.9916933],[116.3015456,39.9916966],[116.3015411,39.9918635],[116.3013275,39.9918602]]]},"properties":{"layer":"building"}},{"type":"Feature","geometry":{"type":"Polygon","coordinates":[[[116.3013387,39.9915287],[116.3013415,39.9913622],[116.3015608,39.9913644],[116.301558,39.9915308],[116.3013387,39.9915287]]]},"properties":{"layer":"building"}},{"type":"Feature","geometry":{"type":"Polygon","coordinates":[[[116.3027965,39.9923352],[116.3028033,39.9921832],[116.3028594,39.9921846],[116.3028553,39.9922762],[116.3030629,39.9922817],[116.3030674,39.9921808],[116.3031912,39.9921841],[116.3031868,39.9922838],[116.3032933,39.9922866],[116.3032906,39.9923481],[116.3027965,39.9923352]]]},"properties":{"layer":"building"}},{"type":"Feature","geometry":{"type":"Polygon","coordinates":[[[116.3024885,39.99181],[116.3025006,39.9914067],[116.3027471,39.991411],[116.302735,39.9918144],[116.3024885,39.99181]]]},"properties":{"layer":"building"}},{"type":"Feature","geometry":{"type":"Polygon","coordinates":[[[116.3048798,39.9897415],[116.3048892,39.9895419],[116.3041571,39.9895215],[116.3041532,39.9896044],[116.3040473,39.9896015],[116.3039813,39.9895997],[116.3039826,39.9895727],[116.3037055,39.9895649],[116.3036986,39.9897091],[116.3039713,39.9897168],[116.3039731,39.9896772],[116.3040444,39.9896792],[116.3041471,39.9896821],[116.3041452,39.989721],[116.3044842,39.9897305],[116.3048798,39.9897415]]]},"properties":{"layer":"building"}},{"type":"Feature","geometry":{"type":"Polygon","coordinates":[[[116.3011849,39.9910038],[116.3013177,39.9910059],[116.3016317,39.991011],[116.301634,39.9909276],[116.3013202,39.9909243],[116.3013225,39.9908505],[116.3013254,39.9907549],[116.3016387,39.990758],[116.3016408,39.9906813],[116.301194,39.9906739],[116.3011849,39.9910038]]]},"properties":{"layer":"building"}},{"type":"Feature","geometry":{"type":"Polygon","coordinates":[[[116.301198,39.9905306],[116.3016448,39.9905353],[116.3016469,39.9904577],[116.3013346,39.9904543],[116.3013371,39.9903728],[116.3013398,39.9902839],[116.3016516,39.9902872],[116.3016538,39.9902057],[116.3012071,39.990201],[116.301198,39.9905306]]]},"properties":{"layer":"building"}},{"type":"Feature","geometry":{"type":"Polygon","coordinates":[[[116.3012107,39.9900705],[116.3016574,39.990075],[116.3016599,39.9899835],[116.3013492,39.9899802],[116.3013519,39.9898915],[116.3013543,39.9898142],[116.3016645,39.9898174],[116.3016665,39.9897414],[116.3013567,39.9897364],[116.30122,39.9897342],[116.3012107,39.9900705]]]},"properties":{"layer":"building"}},{"type":"Feature","geometry":{"type":"Polygon","coordinates":[[[116.302964,39.9900749],[116.3025342,39.9900679],[116.3025366,39.9899818],[116.3028271,39.9899866],[116.3028292,39.9899128],[116.3028311,39.9898464],[116.3025375,39.9898415],[116.3025398,39.9897584],[116.3029727,39.9897655],[116.302964,39.9900749]]]},"properties":{"layer":"building"}},{"type":"Feature","geometry":{"type":"Polygon","coordinates":[[[116.3025229,39.9905615],[116.3029565,39.990566],[116.3029628,39.9902144],[116.3025303,39.9902099],[116.3025286,39.9903051],[116.3028166,39.9903082],[116.3028151,39.9903888],[116.3028137,39.9904685],[116.3025247,39.9904654],[116.3025229,39.9905615]]]},"properties":{"layer":"building"}},{"type":"Feature","geometry":{"type":"Polygon","coordinates":[[[116.302512,39.9910275],[116.3029457,39.9910336],[116.3029535,39.9907023],[116.3025201,39.9906963],[116.3025182,39.9907791],[116.3028028,39.9907831],[116.3028006,39.9908752],[116.3027989,39.9909481],[116.302514,39.9909441],[116.302512,39.9910275]]]},"properties":{"layer":"building"}},{"type":"Feature","geometry":{"type":"Polygon","coordinates":[[[116.3116114,39.9896877],[116.3116331,39.9893996],[116.3112389,39.9893822],[116.3112544,39.9891759],[116.3119149,39.989205],[116.3118777,39.9896994],[116.3116114,39.9896877]]]},"properties":{"layer":"building"}},{"type":"Feature","geometry":{"type":"Polygon","coordinates":[[[116.3106464,39.9899089],[116.3106517,39.9896869],[116.3120089,39.989765],[116.3119821,39.9899623],[116.3106464,39.9899089]]]},"properties":{"layer":"building"}},{"type":"Feature","geometry":{"type":"Polygon","coordinates":[[[116.3115318,39.9903201],[116.3115561,39.9899713],[116.3118984,39.9899807],[116.3118668,39.99033],[116.3115318,39.9903201]]]},"properties":{"layer":"building"}},{"type":"Feature","geometry":{"type":"Polygon","coordinates":[[[116.3109864,39.9905252],[116.3109998,39.9903465],[116.3118635,39.9903753],[116.3118527,39.9905479],[116.3109864,39.9905252]]]},"properties":{"layer":"building"}},{"type":"Feature","geometry":{"type":"Polygon","coordinates":[[[116.3059251,39.9849566],[116.3064891,39.9849723],[116.3064915,39.9849211],[116.3065624,39.9849231],[116.3065695,39.9847738],[116.3064549,39.9847706],[116.306449,39.9848939],[116.305962,39.9848803],[116.3059679,39.984757],[116.3058656,39.9847541],[116.3058582,39.9849087],[116.3059273,39.9849106],[116.3059251,39.9849566]]]},"properties":{"layer":"building"}},{"type":"Feature","geometry":{"type":"Polygon","coordinates":[[[116.3043069,39.9845116],[116.3049831,39.9845145],[116.3049933,39.9843889],[116.3043108,39.9843719],[116.3043069,39.9845116]]]},"properties":{"layer":"building"}},{"type":"Feature","geometry":{"type":"Polygon","coordinates":[[[116.3058549,39.9845435],[116.3065746,39.9845653],[116.3065811,39.9844392],[116.3058614,39.9844174],[116.3058549,39.9845435]]]},"properties":{"layer":"building"}},{"type":"Feature","geometry":{"type":"Polygon","coordinates":[[[116.307779,39.9845931],[116.3084784,39.9846128],[116.3084837,39.9845016],[116.3077843,39.9844819],[116.307779,39.9845931]]]},"properties":{"layer":"building"}},{"type":"Feature","geometry":{"type":"Polygon","coordinates":[[[116.3067406,39.9845696],[116.3074483,39.9845853],[116.3074551,39.9844748],[116.3067483,39.9844535],[116.3067406,39.9845696]]]},"properties":{"layer":"building"}},{"type":"Feature","geometry":{"type":"Polygon","coordinates":[[[116.3071479,39.9849184],[116.3072642,39.9849211],[116.3072695,39.9847926],[116.3071531,39.9847898],[116.3071479,39.9849184]]]},"properties":{"layer":"building"}},{"type":"Feature","geometry":{"type":"Polygon","coordinates":[[[116.3051085,39.9849745],[116.3058233,39.9849897],[116.3058236,39.9848915],[116.3051123,39.9848822],[116.3051085,39.9849745]]]},"properties":{"layer":"building"}},{"type":"Feature","geometry":{"type":"Polygon","coordinates":[[[116.3072642,39.9849211],[116.3072605,39.9850153],[116.307949,39.9850311],[116.3079527,39.9849369],[116.3072642,39.9849211]]]},"properties":{"layer":"building"}},{"type":"Feature","geometry":{"type":"Polygon","coordinates":[[[116.305192,39.9844782],[116.3057507,39.9844909],[116.3057549,39.9843823],[116.3051962,39.9843696],[116.305192,39.9844782]]]},"properties":{"layer":"building"}},{"type":"Feature","geometry":{"type":"Polygon","coordinates":[[[116.3080241,39.985041],[116.3086858,39.9850567],[116.30869,39.9849539],[116.3080283,39.9849382],[116.3080241,39.985041]]]},"properties":{"layer":"building"}},{"type":"Feature","geometry":{"type":"Polygon","coordinates":[[[116.3012581,39.9824048],[116.3009152,39.9832344],[116.3012976,39.9832307],[116.301778,39.9831869],[116.3018238,39.9827433],[116.3018165,39.9822961],[116.3014853,39.9822992],[116.3012581,39.9824048]]]},"properties":{"layer":"building"}},{"type":"Feature","geometry":{"type":"Polygon","coordinates":[[[116.31208,39.9892864],[116.312553,39.9893087],[116.3125615,39.9892025],[116.3120885,39.9891802],[116.31208,39.9892864]]]},"properties":{"layer":"building"}},{"type":"Feature","geometry":{"type":"Polygon","coordinates":[[[116.3120548,39.9896387],[116.3125387,39.9896489],[116.3125428,39.9895338],[116.3120589,39.9895236],[116.3120548,39.9896387]]]},"properties":{"layer":"building"}},{"type":"Feature","geometry":{"type":"Polygon","coordinates":[[[116.3120585,39.9899906],[116.3125425,39.9900104],[116.3125514,39.9898821],[116.3120675,39.9898622],[116.3120585,39.9899906]]]},"properties":{"layer":"building"}},{"type":"Feature","geometry":{"type":"Polygon","coordinates":[[[116.3053429,39.9909673],[116.3053551,39.9907907],[116.3057181,39.9908054],[116.3061312,39.9908222],[116.306119,39.9909988],[116.3057003,39.9909818],[116.3053429,39.9909673]]]},"properties":{"layer":"building"}},{"type":"Feature","geometry":{"type":"Polygon","coordinates":[[[116.3012482,39.9863283],[116.3021346,39.9863571],[116.3021395,39.9862683],[116.3021438,39.9861888],[116.3017047,39.9861746],[116.3012575,39.9861601],[116.3012482,39.9863283]]]},"properties":{"layer":"building"}},{"type":"Feature","geometry":{"type":"Polygon","coordinates":[[[116.31127,39.9922501],[116.3112789,39.9920831],[116.3120069,39.9921059],[116.311998,39.9922729],[116.31127,39.9922501]]]},"properties":{"layer":"building"}},{"type":"Feature","geometry":{"type":"Polygon","coordinates":[[[116.3100745,39.992375],[116.3100906,39.9920847],[116.3101886,39.9920878],[116.3101845,39.9921632],[116.3107103,39.9921802],[116.3106984,39.9923953],[116.3100745,39.992375]]]},"properties":{"layer":"building"}},{"type":"Feature","geometry":{"type":"Polygon","coordinates":[[[116.3116623,39.9923432],[116.3120348,39.9923537],[116.312027,39.9925156],[116.3116545,39.9925051],[116.3116623,39.9923432]]]},"properties":{"layer":"building"}},{"type":"Feature","geometry":{"type":"Polygon","coordinates":[[[116.3123348,39.9913716],[116.3123427,39.991223],[116.3133192,39.9912532],[116.3133113,39.9914019],[116.3123348,39.9913716]]]},"properties":{"layer":"building"}},{"type":"Feature","geometry":{"type":"Polygon","coordinates":[[[116.3124684,39.991838],[116.3124764,39.9917429],[116.3131553,39.9917765],[116.3131708,39.9915923],[116.3123353,39.991551],[116.3122888,39.9921039],[116.313136,39.9921457],[116.313159,39.9918721],[116.3124684,39.991838]]]},"properties":{"layer":"building"}},{"type":"Feature","geometry":{"type":"Polygon","coordinates":[[[116.3124434,39.9924358],[116.3131897,39.9924755],[116.3131766,39.9926193],[116.3134718,39.9926351],[116.3135054,39.9922658],[116.3124639,39.9922102],[116.3124434,39.9924358]]]},"properties":{"layer":"building"}},{"type":"Feature","geometry":{"type":"Polygon","coordinates":[[[116.310388,39.9951641],[116.3103973,39.9950476],[116.3111396,39.9950822],[116.3111304,39.9951988],[116.310388,39.9951641]]]},"properties":{"layer":"building"}},{"type":"Feature","geometry":{"type":"Polygon","coordinates":[[[116.3112431,39.9951864],[116.311255,39.9950628],[116.3119568,39.9951026],[116.3119448,39.9952263],[116.3112431,39.9951864]]]},"properties":{"layer":"building"}},{"type":"Feature","geometry":{"type":"Polygon","coordinates":[[[116.3121395,39.9952966],[116.3121649,39.9951115],[116.3123344,39.9951251],[116.312309,39.9953102],[116.3121395,39.9952966]]]},"properties":{"layer":"building"}},{"type":"Feature","geometry":{"type":"Polygon","coordinates":[[[116.3124834,39.9952833],[116.3125061,39.9951266],[116.312649,39.9951387],[116.3126263,39.9952955],[116.3124834,39.9952833]]]},"properties":{"layer":"building"}},{"type":"Feature","geometry":{"type":"Polygon","coordinates":[[[116.312827,39.9952953],[116.3128409,39.9951609],[116.3130107,39.9951711],[116.3129968,39.9953055],[116.312827,39.9952953]]]},"properties":{"layer":"building"}},{"type":"Feature","geometry":{"type":"Polygon","coordinates":[[[116.31285,39.9955599],[116.3128575,39.9954648],[116.3132342,39.9954822],[116.3132267,39.9955774],[116.31285,39.9955599]]]},"properties":{"layer":"building"}},{"type":"Feature","geometry":{"type":"Polygon","coordinates":[[[116.3128473,39.9957871],[116.3128387,39.9958762],[116.3131792,39.9958955],[116.3131871,39.9958134],[116.3133115,39.9958205],[116.3133264,39.9956669],[116.3132,39.9956597],[116.3131859,39.9958063],[116.3128473,39.9957871]]]},"properties":{"layer":"building"}},{"type":"Feature","geometry":{"type":"Polygon","coordinates":[[[116.3100089,39.995816],[116.3100213,39.9956814],[116.3101156,39.9956865],[116.3101032,39.9958211],[116.3100089,39.995816]]]},"properties":{"layer":"building"}},{"type":"Feature","geometry":{"type":"Polygon","coordinates":[[[116.3101892,39.994953],[116.3102073,39.9947651],[116.3103572,39.9947651],[116.3103345,39.9949565],[116.3101892,39.994953]]]},"properties":{"layer":"building"}},{"type":"Feature","geometry":{"type":"Polygon","coordinates":[[[116.3105435,39.9949321],[116.3105526,39.9947825],[116.3107025,39.9947825],[116.3107025,39.9949321],[116.3105435,39.9949321]]]},"properties":{"layer":"building"}},{"type":"Feature","geometry":{"type":"Polygon","coordinates":[[[116.310952,39.9949686],[116.3109586,39.994835],[116.3110845,39.9948386],[116.311078,39.9949722],[116.310952,39.9949686]]]},"properties":{"layer":"building"}},{"type":"Feature","geometry":{"type":"Polygon","coordinates":[[[116.3112021,39.9949391],[116.3112248,39.9947825],[116.3112839,39.9947755],[116.3112612,39.994953],[116.3112021,39.9949391]]]},"properties":{"layer":"building"}},{"type":"Feature","geometry":{"type":"Polygon","coordinates":[[[116.3114247,39.9949982],[116.3114247,39.9948764],[116.3115246,39.9948764],[116.3115291,39.9950052],[116.3114247,39.9949982]]]},"properties":{"layer":"building"}},{"type":"Feature","geometry":{"type":"Polygon","coordinates":[[[116.3116972,39.9948068],[116.3116972,39.9946572],[116.3118426,39.9946642],[116.311838,39.9948242],[116.3116972,39.9948068]]]},"properties":{"layer":"building"}},{"type":"Feature","geometry":{"type":"Polygon","coordinates":[[[116.3122605,39.9946642],[116.3124149,39.9946711],[116.3124013,39.9948173],[116.3123422,39.9948347],[116.3123241,39.9949356],[116.3122332,39.9949495],[116.3122605,39.9946642]]]},"properties":{"layer":"building"}},{"type":"Feature","geometry":{"type":"Polygon","coordinates":[[[116.3123876,39.9948486],[116.312374,39.9949286],[116.3127147,39.994953],[116.3127419,39.9949008],[116.3128282,39.9949043],[116.3128464,39.9949878],[116.3137231,39.9950052],[116.3137367,39.9948347],[116.3130099,39.9948312],[116.3129872,39.9948625],[116.3123876,39.9948486]]]},"properties":{"layer":"building"}},{"type":"Feature","geometry":{"type":"Polygon","coordinates":[[[116.313287,39.9947581],[116.3133006,39.9946676],[116.3130508,39.9946676],[116.3130644,39.9945667],[116.3132507,39.9945841],[116.3133097,39.9945772],[116.3133324,39.994438],[116.3135278,39.9944484],[116.313496,39.9945772],[116.3134187,39.9945876],[116.3134097,39.9947442],[116.313287,39.9947581]]]},"properties":{"layer":"building"}},{"type":"Feature","geometry":{"type":"Polygon","coordinates":[[[116.3128065,39.9945166],[116.31281,39.9943925],[116.3129856,39.9943954],[116.3129822,39.9945195],[116.3128065,39.9945166]]]},"properties":{"layer":"building"}},{"type":"Feature","geometry":{"type":"Polygon","coordinates":[[[116.3114893,39.9944379],[116.3114919,39.9943038],[116.3116121,39.9943052],[116.3116095,39.9944392],[116.3114893,39.9944379]]]},"properties":{"layer":"building"}},{"type":"Feature","geometry":{"type":"Polygon","coordinates":[[[116.3115028,39.994141],[116.3115028,39.9939914],[116.311621,39.9939914],[116.311621,39.994141],[116.3115028,39.994141]]]},"properties":{"layer":"building"}},{"type":"Feature","geometry":{"type":"Polygon","coordinates":[[[116.3116064,39.9945284],[116.3116881,39.9945284],[116.3116927,39.9944971],[116.3118471,39.9944971],[116.3118517,39.9945354],[116.3120561,39.9945284],[116.3120606,39.9944171],[116.3118653,39.994438],[116.3116095,39.9944392],[116.3116064,39.9945284]]]},"properties":{"layer":"building"}},{"type":"Feature","geometry":{"type":"Polygon","coordinates":[[[116.3121424,39.9945006],[116.312156,39.9942814],[116.3116382,39.994257],[116.3116609,39.9940656],[116.312215,39.9940761],[116.3123195,39.99409],[116.3123967,39.9941317],[116.3124013,39.9942118],[116.3123695,39.9942709],[116.3122923,39.9942918],[116.3122468,39.9943057],[116.3122377,39.994525],[116.3121424,39.9945006]]]},"properties":{"layer":"building"}},{"type":"Feature","geometry":{"type":"Polygon","coordinates":[[[116.3128146,39.9942779],[116.3128282,39.9941457],[116.3127783,39.9941491],[116.3127783,39.9941074],[116.3124967,39.9941143],[116.3124967,39.9942674],[116.3128146,39.9942779]]]},"properties":{"layer":"building"}},{"type":"Feature","geometry":{"type":"Polygon","coordinates":[[[116.3103089,39.9945491],[116.3104373,39.9945512],[116.3104394,39.9944795],[116.3105075,39.9944806],[116.3105094,39.9944163],[116.3102685,39.9944123],[116.3102664,39.9944838],[116.3103107,39.9944845],[116.3103089,39.9945491]]]},"properties":{"layer":"building"}},{"type":"Feature","geometry":{"type":"Polygon","coordinates":[[[116.3102755,39.99417],[116.3102891,39.9940969],[116.3105298,39.9941004],[116.3105071,39.9941979],[116.3102755,39.99417]]]},"properties":{"layer":"building"}},{"type":"Feature","geometry":{"type":"Polygon","coordinates":[[[116.3107252,39.9941944],[116.3107206,39.9940761],[116.3108569,39.9940865],[116.3108433,39.9942013],[116.3107252,39.9941944]]]},"properties":{"layer":"building"}},{"type":"Feature","geometry":{"type":"Polygon","coordinates":[[[116.3109432,39.9942501],[116.3109387,39.994177],[116.3110159,39.9941735],[116.3110113,39.9942501],[116.3109432,39.9942501]]]},"properties":{"layer":"building"}},{"type":"Feature","geometry":{"type":"Polygon","coordinates":[[[116.311025,39.9940447],[116.3111249,39.9940482],[116.3111067,39.9940969],[116.3112066,39.9941004],[116.3112066,39.9941561],[116.311034,39.9941561],[116.311025,39.9940447]]]},"properties":{"layer":"building"}},{"type":"Feature","geometry":{"type":"Polygon","coordinates":[[[116.3098792,39.993902],[116.3100347,39.9937683],[116.3099601,39.9937174],[116.3098046,39.9938511],[116.3098792,39.993902]]]},"properties":{"layer":"building"}},{"type":"Feature","geometry":{"type":"Polygon","coordinates":[[[116.3105616,39.9945806],[116.3105753,39.9944623],[116.3106071,39.9944902],[116.3106389,39.994598],[116.3105616,39.9945806]]]},"properties":{"layer":"building"}},{"type":"Feature","geometry":{"type":"Polygon","coordinates":[[[116.3106682,39.9964177],[116.3108512,39.996426],[116.3108544,39.9963842],[116.3119235,39.9964324],[116.3119342,39.9962933],[116.3108774,39.9962456],[116.3108726,39.9963078],[116.3106773,39.996299],[116.3106682,39.9964177]]]},"properties":{"layer":"building"}},{"type":"Feature","geometry":{"type":"Polygon","coordinates":[[[116.299846,39.9827124],[116.3003287,39.9828087],[116.3002478,39.9830469],[116.300366,39.9830705],[116.30048,39.9827352],[116.3001065,39.9826606],[116.300027,39.9826448],[116.299879,39.9826152],[116.299846,39.9827124]]]},"properties":{"layer":"building"}},{"type":"Feature","geometry":{"type":"Polygon","coordinates":[[[116.3018799,39.9863958],[116.302143,39.9864067],[116.3021368,39.986494],[116.3021324,39.9865571],[116.3018693,39.9865462],[116.3018799,39.9863958]]]},"properties":{"layer":"building"}},{"type":"Feature","geometry":{"type":"Polygon","coordinates":[[[116.3013023,39.9873798],[116.3013641,39.9873827],[116.3021577,39.9874001],[116.302166,39.9871949],[116.3021744,39.9869881],[116.3021876,39.9866643],[116.3021088,39.9866624],[116.3017117,39.986653],[116.301332,39.9866439],[116.3013023,39.9873798]]]},"properties":{"layer":"building"}},{"type":"Feature","geometry":{"type":"Polygon","coordinates":[[[116.3004615,39.9863273],[116.3010316,39.9863413],[116.3010426,39.9860799],[116.3004724,39.9860659],[116.3004615,39.9863273]]]},"properties":{"layer":"building"}},{"type":"Feature","geometry":{"type":"Polygon","coordinates":[[[116.3066893,39.990571],[116.307489,39.9905984],[116.3074995,39.9904189],[116.3074785,39.9904182],[116.3074808,39.9903787],[116.3074831,39.9903386],[116.3075063,39.9903394],[116.3075271,39.9899807],[116.307389,39.989976],[116.3073902,39.9899569],[116.3069829,39.9899405],[116.3067328,39.9899306],[116.3067053,39.9903155],[116.3067278,39.9903163],[116.306726,39.9903471],[116.3067235,39.9903895],[116.3066999,39.9903887],[116.3066893,39.990571]]]},"properties":{"layer":"building"}},{"type":"Feature","geometry":{"type":"Polygon","coordinates":[[[116.307522,39.9892682],[116.3077395,39.9892774],[116.3080421,39.9892903],[116.3080366,39.9893659],[116.3080997,39.9893686],[116.3080829,39.9896232],[116.3077534,39.9896074],[116.3075036,39.9895968],[116.3075191,39.9893817],[116.3074643,39.9893794],[116.3074676,39.9893341],[116.307517,39.9893362],[116.307522,39.9892682]]]},"properties":{"layer":"building"}},{"type":"Feature","geometry":{"type":"Polygon","coordinates":[[[116.3053681,39.9905018],[116.3053798,39.9903394],[116.3057428,39.9903547],[116.306116,39.9903705],[116.3061043,39.9905329],[116.3057381,39.9905174],[116.3053681,39.9905018]]]},"properties":{"layer":"building"}},{"type":"Feature","geometry":{"type":"Polygon","coordinates":[[[116.3052225,39.9901449],[116.3052413,39.9898243],[116.3063035,39.989851],[116.306282,39.9901778],[116.3060916,39.9901737],[116.3060969,39.9900586],[116.3057676,39.9900473],[116.3054398,39.990036],[116.3054318,39.9901531],[116.3052225,39.9901449]]]},"properties":{"layer":"building"}},{"type":"Feature","geometry":{"type":"Polygon","coordinates":[[[116.3054094,39.9888567],[116.3055853,39.9888631],[116.3055841,39.9888831],[116.3060847,39.9889001],[116.3060859,39.988878],[116.3062638,39.9888836],[116.3062686,39.9887952],[116.3061017,39.9887899],[116.3061031,39.9887635],[116.3056196,39.9887489],[116.3056231,39.9886812],[116.305866,39.9886885],[116.3058651,39.9887056],[116.3059474,39.988708],[116.3059466,39.9887246],[116.3061684,39.9887314],[116.3061823,39.9884651],[116.3058834,39.9884559],[116.3058827,39.9884693],[116.3056698,39.988462],[116.3056726,39.9884143],[116.3056497,39.9884135],[116.3056528,39.9883638],[116.3060499,39.9883789],[116.3060487,39.9883962],[116.30616,39.9884007],[116.3061612,39.9883834],[116.3063365,39.9883907],[116.3063447,39.988276],[116.3061785,39.988269],[116.3061801,39.9882472],[116.3056149,39.988223],[116.3056138,39.9882383],[116.3054476,39.9882312],[116.3054396,39.988342],[116.3055606,39.9883471],[116.3055544,39.9884335],[116.3055397,39.9884329],[116.305522,39.9886891],[116.305537,39.9886897],[116.3055325,39.9887605],[116.3054157,39.9887562],[116.3054094,39.9888567]]]},"properties":{"layer":"building"}},{"type":"Feature","geometry":{"type":"Polygon","coordinates":[[[116.3051429,39.9910961],[116.3053593,39.9911026],[116.3053523,39.9912413],[116.305685,39.9912512],[116.3059866,39.9912602],[116.3059933,39.9911275],[116.3062293,39.9911345],[116.3062137,39.9914401],[116.305127,39.9914075],[116.3051429,39.9910961]]]},"properties":{"layer":"building"}},{"type":"Feature","geometry":{"type":"Polygon","coordinates":[[[116.303109,39.9943996],[116.3031251,39.9942558],[116.3033074,39.9942681],[116.3032914,39.9944078],[116.303109,39.9943996]]]},"properties":{"layer":"building"}},{"type":"Feature","geometry":{"type":"Polygon","coordinates":[[[116.2995567,39.9906202],[116.2995607,39.9905527],[116.2995913,39.9905537],[116.299625,39.9905549],[116.2996428,39.9902513],[116.2996154,39.9902503],[116.2995814,39.9902491],[116.2995856,39.9901783],[116.2992815,39.9901677],[116.2992555,39.9906098],[116.2995567,39.9906202]]]},"properties":{"layer":"building"}},{"type":"Feature","geometry":{"type":"Polygon","coordinates":[[[116.3005306,39.9898047],[116.3005361,39.9897028],[116.3009188,39.9897028],[116.3009188,39.989809],[116.3005306,39.9898047]]]},"properties":{"layer":"building"}},{"type":"Feature","geometry":{"type":"Polygon","coordinates":[[[116.2996505,39.9901269],[116.2996561,39.9900143],[116.3002411,39.9900312],[116.3002355,39.9901439],[116.2998604,39.990133],[116.2997285,39.9901292],[116.2996505,39.9901269]]]},"properties":{"layer":"building"}},{"type":"Feature","geometry":{"type":"Polygon","coordinates":[[[116.299618,39.9907985],[116.2996266,39.9906897],[116.2996934,39.9906928],[116.2998244,39.9906988],[116.3001926,39.9907159],[116.3001841,39.9908247],[116.299618,39.9907985]]]},"properties":{"layer":"building"}},{"type":"Feature","geometry":{"type":"Polygon","coordinates":[[[116.2996934,39.9906928],[116.2996962,39.9906482],[116.299679,39.9906475],[116.2997085,39.9901755],[116.2997255,39.9901761],[116.2997285,39.9901292],[116.2998604,39.990133],[116.2998575,39.9901784],[116.2998833,39.9901793],[116.2998735,39.9903368],[116.2998894,39.9903374],[116.2998796,39.9904962],[116.2998626,39.9904956],[116.2998529,39.9906525],[116.2998274,39.9906516],[116.2998244,39.9906988],[116.2996934,39.9906928]]]},"properties":{"layer":"building"}},{"type":"Feature","geometry":{"type":"Polygon","coordinates":[[[116.3044659,39.9879193],[116.3045166,39.9879215],[116.3051243,39.9879478],[116.305134,39.9878161],[116.3049052,39.9878062],[116.3049111,39.9877263],[116.304918,39.9876322],[116.3049205,39.9875975],[116.3049327,39.9874318],[116.3050563,39.9874371],[116.3051599,39.9874416],[116.3051693,39.9873138],[116.3049588,39.9873048],[116.3045757,39.9872883],[116.3045725,39.9873313],[116.3045163,39.9873289],[116.3044515,39.9873261],[116.3044127,39.9878561],[116.3044703,39.9878586],[116.3044659,39.9879193]]]},"properties":{"layer":"building"}},{"type":"Feature","geometry":{"type":"Polygon","coordinates":[[[116.3039329,39.9893167],[116.303949,39.9891153],[116.3043085,39.9891214],[116.3042987,39.9892686],[116.304295,39.9893249],[116.3040563,39.9893195],[116.3039329,39.9893167]]]},"properties":{"layer":"building"}},{"type":"Feature","geometry":{"type":"Polygon","coordinates":[[[116.3118396,39.9846634],[116.3127338,39.9846916],[116.312729,39.984781],[116.3118348,39.9847528],[116.3118396,39.9846634]]]},"properties":{"layer":"building"}},{"type":"Feature","geometry":{"type":"Polygon","coordinates":[[[116.3140443,39.9847214],[116.3140411,39.9848216],[116.3131164,39.9848041],[116.3131196,39.9847039],[116.3140443,39.9847214]]]},"properties":{"layer":"building"}},{"type":"Feature","geometry":{"type":"Polygon","coordinates":[[[116.3117182,39.9852079],[116.3118665,39.9852206],[116.311928,39.9848008],[116.3117797,39.9847881],[116.3117182,39.9852079]]]},"properties":{"layer":"building"}},{"type":"Feature","geometry":{"type":"Polygon","coordinates":[[[116.3120284,39.9851167],[116.3125795,39.9851445],[116.3125703,39.9852506],[116.3120192,39.9852227],[116.3120284,39.9851167]]]},"properties":{"layer":"building"}},{"type":"Feature","geometry":{"type":"Polygon","coordinates":[[[116.3120937,39.9849661],[116.3121036,39.9848667],[116.3126616,39.9848994],[116.3126517,39.9849988],[116.3120937,39.9849661]]]},"properties":{"layer":"building"}},{"type":"Feature","geometry":{"type":"Polygon","coordinates":[[[116.3120235,39.9854029],[116.3125476,39.9854317],[116.3125385,39.9855292],[116.3120143,39.9855004],[116.3120235,39.9854029]]]},"properties":{"layer":"building"}},{"type":"Feature","geometry":{"type":"Polygon","coordinates":[[[116.3131115,39.9854597],[116.3136741,39.9854921],[116.313664,39.9855951],[116.3131014,39.9855626],[116.3131115,39.9854597]]]},"properties":{"layer":"building"}},{"type":"Feature","geometry":{"type":"Polygon","coordinates":[[[116.3131774,39.9851869],[116.313725,39.9852154],[116.3137155,39.9853235],[116.3131678,39.9852951],[116.3131774,39.9851869]]]},"properties":{"layer":"building"}},{"type":"Feature","geometry":{"type":"Polygon","coordinates":[[[116.3131899,39.9849369],[116.3137608,39.984966],[116.313752,39.985067],[116.3131811,39.9850379],[116.3131899,39.9849369]]]},"properties":{"layer":"building"}},{"type":"Feature","geometry":{"type":"Polygon","coordinates":[[[116.3138255,39.9856874],[116.313949,39.985695],[116.3139221,39.9859503],[116.3132292,39.9859073],[116.31324,39.9858047],[116.3138094,39.98584],[116.3138255,39.9856874]]]},"properties":{"layer":"building"}},{"type":"Feature","geometry":{"type":"Polygon","coordinates":[[[116.3125201,39.9857429],[116.3130563,39.9857828],[116.3130419,39.985896],[116.3125057,39.9858561],[116.3125201,39.9857429]]]},"properties":{"layer":"building"}},{"type":"Feature","geometry":{"type":"Polygon","coordinates":[[[116.3116955,39.9855367],[116.3118333,39.9855449],[116.311818,39.9856936],[116.3123839,39.9857277],[116.3123733,39.9858317],[116.3116696,39.9857894],[116.3116955,39.9855367]]]},"properties":{"layer":"building"}},{"type":"Feature","geometry":{"type":"Polygon","coordinates":[[[116.3119398,39.9860541],[116.3123586,39.9860826],[116.312371,39.9859752],[116.3119524,39.9859467],[116.3119398,39.9860541]]]},"properties":{"layer":"building"}},{"type":"Feature","geometry":{"type":"Polygon","coordinates":[[[116.3132167,39.9860656],[116.3136993,39.9860955],[116.3136887,39.9861966],[116.313206,39.9861667],[116.3132167,39.9860656]]]},"properties":{"layer":"building"}},{"type":"Feature","geometry":{"type":"Polygon","coordinates":[[[116.3123636,39.9862052],[116.313122,39.9862592],[116.3131103,39.9863563],[116.3123518,39.9863023],[116.3123636,39.9862052]]]},"properties":{"layer":"building"}},{"type":"Feature","geometry":{"type":"Polygon","coordinates":[[[116.3119851,39.9861672],[116.3120974,39.9861734],[116.312054,39.986634],[116.3119417,39.9866279],[116.3119851,39.9861672]]]},"properties":{"layer":"building"}},{"type":"Feature","geometry":{"type":"Polygon","coordinates":[[[116.3133446,39.9867357],[116.3134521,39.9867445],[116.3135161,39.9862841],[116.3134086,39.9862753],[116.3133446,39.9867357]]]},"properties":{"layer":"building"}},{"type":"Feature","geometry":{"type":"Polygon","coordinates":[[[116.3118924,39.9867968],[116.3119049,39.9867073],[116.3126269,39.9867668],[116.3126144,39.9868563],[116.3118924,39.9867968]]]},"properties":{"layer":"building"}},{"type":"Feature","geometry":{"type":"Polygon","coordinates":[[[116.3127093,39.9868734],[116.3127221,39.9867839],[116.3134438,39.9868445],[116.3134311,39.986934],[116.3127093,39.9868734]]]},"properties":{"layer":"building"}},{"type":"Feature","geometry":{"type":"Polygon","coordinates":[[[116.3122088,39.9865708],[116.3131931,39.9866465],[116.3132049,39.9865565],[116.3122206,39.9864808],[116.3122088,39.9865708]]]},"properties":{"layer":"building"}},{"type":"Feature","geometry":{"type":"Polygon","coordinates":[[[116.3118559,39.9871114],[116.3118685,39.9870219],[116.3125904,39.9870813],[116.3125779,39.9871708],[116.3118559,39.9871114]]]},"properties":{"layer":"building"}},{"type":"Feature","geometry":{"type":"Polygon","coordinates":[[[116.3126664,39.9871778],[116.3126789,39.9870883],[116.3134009,39.9871477],[116.3133884,39.9872372],[116.3126664,39.9871778]]]},"properties":{"layer":"building"}},{"type":"Feature","geometry":{"type":"Polygon","coordinates":[[[116.3110336,39.9873465],[116.3110449,39.9872131],[116.3114958,39.9872379],[116.3114815,39.9873733],[116.3110336,39.9873465]]]},"properties":{"layer":"building"}},{"type":"Feature","geometry":{"type":"Polygon","coordinates":[[[116.3114815,39.9873733],[116.3124699,39.9874346],[116.3124842,39.9872992],[116.3114958,39.9872379],[116.3114815,39.9873733]]]},"properties":{"layer":"building"}},{"type":"Feature","geometry":{"type":"Polygon","coordinates":[[[116.3125771,39.9874374],[116.3134876,39.9875027],[116.3135037,39.987371],[116.3125932,39.9873057],[116.3125771,39.9874374]]]},"properties":{"layer":"building"}},{"type":"Feature","geometry":{"type":"Polygon","coordinates":[[[116.3122003,39.9838217],[116.3122047,39.9837104],[116.3129993,39.9837289],[116.3129948,39.9838403],[116.3122003,39.9838217]]]},"properties":{"layer":"building"}},{"type":"Feature","geometry":{"type":"Polygon","coordinates":[[[116.3042138,39.992307],[116.3045164,39.9923223],[116.3045275,39.9921931],[116.3042249,39.9921779],[116.3042138,39.992307]]]},"properties":{"layer":"building"}},{"type":"Feature","geometry":{"type":"Polygon","coordinates":[[[116.3031314,39.9945307],[116.3031415,39.9944538],[116.303631,39.9944913],[116.3036209,39.9945682],[116.3031314,39.9945307]]]},"properties":{"layer":"building"}},{"type":"Feature","geometry":{"type":"Polygon","coordinates":[[[116.3049953,40.001318],[116.3050003,40.0011195],[116.3050892,40.0011208],[116.3050861,40.0012457],[116.3055446,40.0012524],[116.3055427,40.001326],[116.3049953,40.001318]]]},"properties":{"layer":"building"}},{"type":"Feature","geometry":{"type":"Polygon","coordinates":[[[116.3049043,40.001054],[116.3049806,40.0009046],[116.3051114,40.0009438],[116.3050351,40.0010932],[116.3049043,40.001054]]]},"properties":{"layer":"building"}},{"type":"Feature","geometry":{"type":"Polygon","coordinates":[[[116.3053775,40.0012044],[116.3054022,40.0011128],[116.3055951,40.0011433],[116.3055704,40.0012348],[116.3053775,40.0012044]]]},"properties":{"layer":"building"}},{"type":"Feature","geometry":{"type":"Polygon","coordinates":[[[116.3055594,40.0009631],[116.3055837,40.0008828],[116.3060992,40.0009746],[116.3060748,40.0010549],[116.3055594,40.0009631]]]},"properties":{"layer":"building"}},{"type":"Feature","geometry":{"type":"Polygon","coordinates":[[[116.3051194,40.0009064],[116.3051366,40.0007198],[116.3053933,40.0007336],[116.3053903,40.0007654],[116.3053879,40.0007923],[116.3054487,40.0007956],[116.3054401,40.0008888],[116.3053716,40.0008852],[116.3053684,40.0009198],[116.3051194,40.0009064]]]},"properties":{"layer":"building"}},{"type":"Feature","geometry":{"type":"Polygon","coordinates":[[[116.3051695,40.0005741],[116.3052459,40.0004827],[116.3053948,40.0004991],[116.3053814,40.000532],[116.3052875,40.0005228],[116.3052218,40.0005967],[116.3051695,40.0005741]]]},"properties":{"layer":"building"}},{"type":"Feature","geometry":{"type":"Polygon","coordinates":[[[116.3053156,40.0003851],[116.3054042,40.0003152],[116.3054658,40.0003594],[116.3054672,40.0004971],[116.3053948,40.0004991],[116.3053961,40.0004139],[116.3053451,40.0004149],[116.3053156,40.0003851]]]},"properties":{"layer":"building"}},{"type":"Feature","geometry":{"type":"Polygon","coordinates":[[[116.3062024,39.9997097],[116.306213,39.999676],[116.3062247,39.9996382],[116.3064432,39.9996782],[116.3064309,39.9997175],[116.3064209,39.9997497],[116.3062024,39.9997097]]]},"properties":{"layer":"building"}},{"type":"Feature","geometry":{"type":"Polygon","coordinates":[[[116.3063207,39.9993029],[116.3062853,39.9994026],[116.3065256,39.9994527],[116.306561,39.999353],[116.3063207,39.9993029]]]},"properties":{"layer":"building"}},{"type":"Feature","geometry":{"type":"Polygon","coordinates":[[[116.3113093,39.9833664],[116.3113323,39.9828554],[116.311545,39.9828598],[116.3115795,39.9829347],[116.3115623,39.9832871],[116.3115335,39.9833752],[116.3113093,39.9833664]]]},"properties":{"layer":"building"}},{"type":"Feature","geometry":{"type":"Polygon","coordinates":[[[116.3112528,39.9837779],[116.3112598,39.9836716],[116.3118095,39.9836928],[116.3118025,39.9837991],[116.3112528,39.9837779]]]},"properties":{"layer":"building"}},{"type":"Feature","geometry":{"type":"Polygon","coordinates":[[[116.3048742,39.9916364],[116.3048758,39.9915966],[116.3048808,39.9914777],[116.3051549,39.9914845],[116.3051482,39.9916431],[116.3048742,39.9916364]]]},"properties":{"layer":"building"}},{"type":"Feature","geometry":{"type":"Polygon","coordinates":[[[116.3030391,39.9916258],[116.3030505,39.9914033],[116.3033687,39.9914128],[116.3037203,39.9914234],[116.3037089,39.9916459],[116.3030391,39.9916258]]]},"properties":{"layer":"building"}},{"type":"Feature","geometry":{"type":"Polygon","coordinates":[[[116.3052184,39.991701],[116.3052325,39.9914732],[116.3053845,39.9914787],[116.3053786,39.9915734],[116.306009,39.9915963],[116.3060008,39.9917294],[116.3052184,39.991701]]]},"properties":{"layer":"building"}},{"type":"Feature","geometry":{"type":"Polygon","coordinates":[[[116.294124,39.9924725],[116.2947496,39.9924851],[116.2947629,39.9923851],[116.2941236,39.9923728],[116.294124,39.9924725]]]},"properties":{"layer":"building"}},{"type":"Feature","geometry":{"type":"Polygon","coordinates":[[[116.2948834,39.9875572],[116.2953827,39.9875986],[116.2953983,39.9874877],[116.2950681,39.9874604],[116.2950884,39.9873162],[116.2949194,39.9873022],[116.2948834,39.9875572]]]},"properties":{"layer":"building"}},{"type":"Feature","geometry":{"type":"Polygon","coordinates":[[[116.2954664,39.9872521],[116.2954945,39.9870624],[116.295771,39.9870864],[116.2957607,39.9871558],[116.29558,39.9871401],[116.2955622,39.9872604],[116.2954664,39.9872521]]]},"properties":{"layer":"building"}},{"type":"Feature","geometry":{"type":"Polygon","coordinates":[[[116.294897,39.9890324],[116.2955838,39.9890935],[116.2956053,39.9889878],[116.2949123,39.9889243],[116.294897,39.9890324]]]},"properties":{"layer":"building"}},{"type":"Feature","geometry":{"type":"Polygon","coordinates":[[[116.2949522,39.9886894],[116.2956175,39.9887458],[116.2956329,39.9886495],[116.2949614,39.9885931],[116.2949522,39.9886894]]]},"properties":{"layer":"building"}},{"type":"Feature","geometry":{"type":"Polygon","coordinates":[[[116.295656,39.9890673],[116.2965607,39.9891494],[116.2965757,39.9890526],[116.295671,39.9889705],[116.295656,39.9890673]]]},"properties":{"layer":"building"}},{"type":"Feature","geometry":{"type":"Polygon","coordinates":[[[116.296098,39.9887645],[116.2961174,39.9886295],[116.2965756,39.9886682],[116.2965562,39.9888032],[116.296098,39.9887645]]]},"properties":{"layer":"building"}},{"type":"Feature","geometry":{"type":"Polygon","coordinates":[[[116.296646,39.9891565],[116.2966681,39.9890189],[116.2974076,39.9890886],[116.2973855,39.9892263],[116.296646,39.9891565]]]},"properties":{"layer":"building"}},{"type":"Feature","geometry":{"type":"Polygon","coordinates":[[[116.2967119,39.9888206],[116.2974502,39.9888885],[116.2974716,39.9887521],[116.2967333,39.9886841],[116.2967119,39.9888206]]]},"properties":{"layer":"building"}},{"type":"Feature","geometry":{"type":"Polygon","coordinates":[[[116.2962033,39.9883987],[116.296951,39.9884658],[116.297015,39.9880471],[116.2959991,39.9879559],[116.2959698,39.9881478],[116.2961524,39.9881642],[116.2961606,39.9881106],[116.2962461,39.9881183],[116.2962033,39.9883987]]]},"properties":{"layer":"building"}},{"type":"Feature","geometry":{"type":"Polygon","coordinates":[[[116.2957879,39.9926075],[116.2958181,39.9920646],[116.295959,39.9920692],[116.2959288,39.9926121],[116.2957879,39.9926075]]]},"properties":{"layer":"building"}},{"type":"Feature","geometry":{"type":"Polygon","coordinates":[[[116.3062558,39.9923622],[116.3062591,39.9922311],[116.3063963,39.9922331],[116.306393,39.9923643],[116.3062558,39.9923622]]]},"properties":{"layer":"building"}},{"type":"Feature","geometry":{"type":"Polygon","coordinates":[[[116.2996416,39.995827],[116.2996389,39.9956949],[116.3000702,39.9956898],[116.3000729,39.9958219],[116.2996416,39.995827]]]},"properties":{"layer":"building"}},{"type":"Feature","geometry":{"type":"Polygon","coordinates":[[[116.2997626,39.9956683],[116.2997618,39.9955414],[116.2996722,39.9955417],[116.2996715,39.9954223],[116.3000082,39.9954212],[116.3000093,39.9956104],[116.2999602,39.9956106],[116.2999606,39.9956676],[116.2997626,39.9956683]]]},"properties":{"layer":"building"}},{"type":"Feature","geometry":{"type":"Polygon","coordinates":[[[116.2994862,39.9953183],[116.2994893,39.9951389],[116.3000315,39.9951365],[116.3000346,39.9953277],[116.2997719,39.9953232],[116.2994862,39.9953183]]]},"properties":{"layer":"building"}},{"type":"Feature","geometry":{"type":"Polygon","coordinates":[[[116.3085594,39.9864157],[116.3086975,39.98642],[116.3093748,39.9864413],[116.3093677,39.9865753],[116.3093604,39.9867114],[116.308545,39.9866858],[116.3085594,39.9864157]]]},"properties":{"layer":"building"}},{"type":"Feature","geometry":{"type":"Polygon","coordinates":[[[116.303601,39.999441],[116.3036555,39.9994484],[116.3036815,39.9994519],[116.3035822,39.9998803],[116.303561,39.9998774],[116.3033861,39.9998536],[116.3034003,39.9997921],[116.303516,39.9998078],[116.303601,39.999441]]]},"properties":{"layer":"building"}},{"type":"Feature","geometry":{"type":"Polygon","coordinates":[[[116.3029325,39.9993527],[116.3030228,39.9993655],[116.3029347,39.9997302],[116.3030489,39.9997463],[116.3030329,39.9998123],[116.3028285,39.9997834],[116.3029325,39.9993527]]]},"properties":{"layer":"building"}},{"type":"Feature","geometry":{"type":"Polygon","coordinates":[[[116.3030249,39.9989458],[116.3031307,39.9989604],[116.3030888,39.9991391],[116.3029829,39.9991245],[116.3030249,39.9989458]]]},"properties":{"layer":"building"}},{"type":"Feature","geometry":{"type":"Polygon","coordinates":[[[116.3036314,39.9992353],[116.3037148,39.9992453],[116.3037391,39.9992482],[116.3037808,39.9990441],[116.3037567,39.9990412],[116.3036732,39.9990312],[116.3036314,39.9992353]]]},"properties":{"layer":"building"}},{"type":"Feature","geometry":{"type":"Polygon","coordinates":[[[116.3065866,39.9960253],[116.3066069,39.9959027],[116.3067094,39.9959139],[116.3067203,39.995851],[116.3066209,39.9958406],[116.3066411,39.9957267],[116.3067427,39.9957373],[116.3067537,39.9956769],[116.3066466,39.9956666],[116.3066661,39.9955453],[116.3067729,39.9955547],[116.3067982,39.995427],[116.3067556,39.9954185],[116.3067077,39.9953939],[116.3066777,39.9953527],[116.3066688,39.9953043],[116.3066828,39.9952635],[116.3067213,39.9952261],[116.3067782,39.9952014],[116.3068354,39.9952004],[116.3068484,39.9951077],[116.3071094,39.9951379],[116.3069643,39.9954372],[116.3069389,39.9955815],[116.3069273,39.9955803],[116.3068473,39.9960488],[116.3065866,39.9960253]]]},"properties":{"layer":"building"}},{"type":"Feature","geometry":{"type":"Polygon","coordinates":[[[116.2961409,39.9929334],[116.2961623,39.99278],[116.2967502,39.9928281],[116.2967288,39.9929815],[116.2961409,39.9929334]]]},"properties":{"layer":"building"}},{"type":"Feature","geometry":{"type":"Polygon","coordinates":[[[116.2969671,39.9929688],[116.2969918,39.992807],[116.29753,39.9928557],[116.2976524,39.9928659],[116.2976491,39.9928893],[116.2977086,39.9928942],[116.2976934,39.9930014],[116.2976901,39.9930231],[116.2969671,39.9929688]]]},"properties":{"layer":"building"}},{"type":"Feature","geometry":{"type":"Polygon","coordinates":[[[116.2976934,39.9930014],[116.2978338,39.9930131],[116.2978617,39.9928171],[116.2979217,39.9923949],[116.2975994,39.992368],[116.2975416,39.9927742],[116.29753,39.9928557],[116.2976524,39.9928659],[116.2976491,39.9928893],[116.2977086,39.9928942],[116.2976934,39.9930014]]]},"properties":{"layer":"building"}},{"type":"Feature","geometry":{"type":"Polygon","coordinates":[[[116.2970355,39.9922588],[116.2970482,39.9921612],[116.2975291,39.9921979],[116.2975244,39.9922337],[116.2977044,39.9922475],[116.2976921,39.9923417],[116.2975861,39.9923336],[116.2975158,39.9923282],[116.2975201,39.9922957],[116.2970355,39.9922588]]]},"properties":{"layer":"building"}},{"type":"Feature","geometry":{"type":"Polygon","coordinates":[[[116.2970982,39.9919239],[116.2971106,39.9918277],[116.2975904,39.9918639],[116.2975858,39.9918997],[116.297908,39.991924],[116.2978961,39.9920168],[116.2975792,39.9919929],[116.2975833,39.9919605],[116.2970982,39.9919239]]]},"properties":{"layer":"building"}},{"type":"Feature","geometry":{"type":"Polygon","coordinates":[[[116.2971447,39.9916164],[116.2971571,39.9915202],[116.2976369,39.9915564],[116.2976323,39.9915922],[116.2979545,39.9916165],[116.2979426,39.9917093],[116.2976257,39.9916855],[116.2976298,39.991653],[116.2971447,39.9916164]]]},"properties":{"layer":"building"}},{"type":"Feature","geometry":{"type":"Polygon","coordinates":[[[116.2960224,39.9922343],[116.296046,39.9920738],[116.2966138,39.9921228],[116.2966077,39.9921642],[116.2968712,39.9921869],[116.2968538,39.9923059],[116.2960354,39.9922354],[116.2960224,39.9922343]]]},"properties":{"layer":"building"}},{"type":"Feature","geometry":{"type":"Polygon","coordinates":[[[116.2960759,39.9919211],[116.2960994,39.9917606],[116.2966673,39.9918096],[116.2966612,39.991851],[116.2969247,39.9918737],[116.2969072,39.9919928],[116.2960759,39.9919211]]]},"properties":{"layer":"building"}},{"type":"Feature","geometry":{"type":"Polygon","coordinates":[[[116.296123,39.9915694],[116.2961438,39.9914243],[116.2968649,39.9914849],[116.2968441,39.9916301],[116.296123,39.9915694]]]},"properties":{"layer":"building"}},{"type":"Feature","geometry":{"type":"Polygon","coordinates":[[[116.2960289,39.9925595],[116.2960528,39.9924019],[116.2965314,39.9924444],[116.2965259,39.9924802],[116.2968785,39.9925116],[116.29686,39.9926334],[116.2960289,39.9925595]]]},"properties":{"layer":"building"}},{"type":"Feature","geometry":{"type":"Polygon","coordinates":[[[116.2939834,39.9921734],[116.294609,39.992186],[116.2946223,39.992086],[116.293983,39.9920737],[116.2939834,39.9921734]]]},"properties":{"layer":"building"}},{"type":"Feature","geometry":{"type":"Polygon","coordinates":[[[116.2942923,39.9927859],[116.2949179,39.9927985],[116.2949312,39.9926985],[116.2942919,39.9926862],[116.2942923,39.9927859]]]},"properties":{"layer":"building"}},{"type":"Feature","geometry":{"type":"Polygon","coordinates":[[[116.2943921,39.9930913],[116.2943995,39.9928365],[116.2945433,39.992839],[116.2945388,39.9929937],[116.2948651,39.9929993],[116.2948672,39.9929286],[116.2950694,39.9929321],[116.2950677,39.9929877],[116.2951313,39.9929888],[116.2951273,39.9931247],[116.2949601,39.9931218],[116.2949578,39.9932019],[116.2944522,39.9931931],[116.2944552,39.9930923],[116.2943921,39.9930913]]]},"properties":{"layer":"building"}},{"type":"Feature","geometry":{"type":"Polygon","coordinates":[[[116.2952016,39.9928034],[116.2958272,39.992816],[116.2958405,39.992716],[116.2952012,39.9927037],[116.2952016,39.9928034]]]},"properties":{"layer":"building"}},{"type":"Feature","geometry":{"type":"Polygon","coordinates":[[[116.2948131,39.9920341],[116.2948139,39.9919239],[116.2947404,39.9919236],[116.2947417,39.9917353],[116.2946673,39.991735],[116.2946692,39.9914673],[116.2959988,39.9914728],[116.2959948,39.9920391],[116.2958311,39.9920384],[116.2958318,39.9919375],[116.2957826,39.9919373],[116.2957843,39.9916797],[116.2952054,39.9916775],[116.2952038,39.9919245],[116.2951348,39.9919242],[116.2951341,39.9920354],[116.2948131,39.9920341]]]},"properties":{"layer":"building"}},{"type":"Feature","geometry":{"type":"Polygon","coordinates":[[[116.297319,39.9875957],[116.2975392,39.9864135],[116.2977019,39.9864264],[116.2974836,39.9876083],[116.297319,39.9875957]]]},"properties":{"layer":"building"}},{"type":"Feature","geometry":{"type":"Polygon","coordinates":[[[116.295012,39.9883092],[116.2956773,39.9883656],[116.2956927,39.9882693],[116.2950212,39.9882129],[116.295012,39.9883092]]]},"properties":{"layer":"building"}},{"type":"Feature","geometry":{"type":"Polygon","coordinates":[[[116.2950545,39.9879697],[116.2957198,39.9880261],[116.2957352,39.9879298],[116.2950637,39.9878734],[116.2950545,39.9879697]]]},"properties":{"layer":"building"}},{"type":"Feature","geometry":{"type":"Polygon","coordinates":[[[116.3004834,39.9882528],[116.3010486,39.9882697],[116.3010649,39.9879493],[116.3010944,39.9879502],[116.3010981,39.9878775],[116.3013583,39.9878853],[116.3013555,39.9879402],[116.30137,39.9879406],[116.3013538,39.9882598],[116.3013092,39.9882585],[116.3013072,39.9882969],[116.3013502,39.9882982],[116.3013404,39.9884902],[116.3004726,39.9884642],[116.3004834,39.9882528]]]},"properties":{"layer":"building"}},{"type":"Feature","geometry":{"type":"Polygon","coordinates":[[[116.3014618,39.9886429],[116.3014682,39.9885468],[116.3015512,39.98855],[116.3015635,39.988364],[116.3014809,39.9883608],[116.3014863,39.9882793],[116.3017355,39.988289],[116.3017113,39.9886526],[116.3014618,39.9886429]]]},"properties":{"layer":"building"}},{"type":"Feature","geometry":{"type":"Polygon","coordinates":[[[116.3025174,39.9891131],[116.3025208,39.9889263],[116.3027475,39.9889287],[116.3027441,39.9891155],[116.3025174,39.9891131]]]},"properties":{"layer":"building"}},{"type":"Feature","geometry":{"type":"Polygon","coordinates":[[[116.3028853,39.9890827],[116.3028855,39.9890271],[116.3029353,39.9890273],[116.3029357,39.9889162],[116.3031177,39.9889167],[116.3031173,39.989027],[116.3030241,39.9890268],[116.3030239,39.989083],[116.3028853,39.9890827]]]},"properties":{"layer":"building"}},{"type":"Feature","geometry":{"type":"Polygon","coordinates":[[[116.302991,39.9885452],[116.3029911,39.9884356],[116.3031293,39.9884357],[116.3031292,39.9885453],[116.302991,39.9885452]]]},"properties":{"layer":"building"}},{"type":"Feature","geometry":{"type":"Polygon","coordinates":[[[116.302991,39.9885452],[116.3029368,39.9885446],[116.3029389,39.9886559],[116.3031361,39.9886524],[116.303135,39.988616],[116.3029719,39.9886189],[116.3029706,39.9885753],[116.3029916,39.9885759],[116.302991,39.9885452]]]},"properties":{"layer":"building"}},{"type":"Feature","geometry":{"type":"Polygon","coordinates":[[[116.3029751,39.9882511],[116.3029754,39.9882041],[116.3030654,39.9882045],[116.3030658,39.9881575],[116.3029755,39.9881571],[116.3029767,39.9880123],[116.3030497,39.9880126],[116.3030491,39.9880922],[116.3031599,39.9880928],[116.3031592,39.9881707],[116.3031105,39.9881705],[116.3031102,39.9881989],[116.303166,39.9881992],[116.3031655,39.988252],[116.3029751,39.9882511]]]},"properties":{"layer":"building"}},{"type":"Feature","geometry":{"type":"Polygon","coordinates":[[[116.3034915,39.9890681],[116.3034887,39.9889884],[116.3036383,39.9889852],[116.3036412,39.9890654],[116.3036852,39.9890644],[116.303687,39.9891156],[116.3035924,39.9891176],[116.3035905,39.989066],[116.3034915,39.9890681]]]},"properties":{"layer":"building"}},{"type":"Feature","geometry":{"type":"Polygon","coordinates":[[[116.3033233,39.9888472],[116.3033257,39.9887057],[116.303384,39.9887063],[116.3033858,39.9886029],[116.3035504,39.9886045],[116.3035492,39.9886728],[116.3036155,39.9886735],[116.3036136,39.9887857],[116.3034016,39.9887836],[116.3034005,39.9888479],[116.3033233,39.9888472]]]},"properties":{"layer":"building"}},{"type":"Feature","geometry":{"type":"Polygon","coordinates":[[[116.3033256,39.9884288],[116.3033262,39.9882427],[116.3034152,39.9882429],[116.3034149,39.9883123],[116.3034769,39.9883124],[116.3035029,39.9883125],[116.303503,39.9882843],[116.303561,39.9882845],[116.3035605,39.9884293],[116.3033256,39.9884288]]]},"properties":{"layer":"building"}},{"type":"Feature","geometry":{"type":"Polygon","coordinates":[[[116.3025203,39.9881482],[116.302522,39.9879554],[116.3026645,39.9879562],[116.3026627,39.988149],[116.3025203,39.9881482]]]},"properties":{"layer":"building"}},{"type":"Feature","geometry":{"type":"Polygon","coordinates":[[[116.3021115,39.9881949],[116.3022929,39.9881948],[116.3022929,39.9881056],[116.3022081,39.9881056],[116.3022081,39.9880313],[116.3023096,39.9880313],[116.3023096,39.9879584],[116.3021113,39.9879585],[116.3021115,39.9881949]]]},"properties":{"layer":"building"}},{"type":"Feature","geometry":{"type":"Polygon","coordinates":[[[116.3036449,39.9884864],[116.3038387,39.9884861],[116.3038386,39.9884514],[116.3037272,39.9884516],[116.3037271,39.9884094],[116.3038583,39.9884092],[116.3038579,39.9882648],[116.3037781,39.9882649],[116.3037783,39.9883448],[116.3036301,39.988345],[116.3036303,39.9884173],[116.3036743,39.9884173],[116.3036744,39.9884464],[116.3036448,39.9884464],[116.3036449,39.9884864]]]},"properties":{"layer":"building"}},{"type":"Feature","geometry":{"type":"Polygon","coordinates":[[[116.3018041,39.9889447],[116.3018049,39.9888938],[116.3016918,39.9888928],[116.3016901,39.9889998],[116.301727,39.9890002],[116.3017265,39.9890351],[116.3019858,39.9890375],[116.301988,39.9888903],[116.3018982,39.9888895],[116.3018974,39.9889456],[116.3018041,39.9889447]]]},"properties":{"layer":"building"}},{"type":"Feature","geometry":{"type":"Polygon","coordinates":[[[116.3123062,39.9932125],[116.3123208,39.9930411],[116.3128889,39.9930696],[116.3128743,39.993241],[116.3123062,39.9932125]]]},"properties":{"layer":"building"}},{"type":"Feature","geometry":{"type":"Polygon","coordinates":[[[116.3121867,39.993531],[116.3121966,39.9933949],[116.3128383,39.9934222],[116.3128284,39.9935584],[116.3121867,39.993531]]]},"properties":{"layer":"building"}},{"type":"Feature","geometry":{"type":"Polygon","coordinates":[[[116.309712,39.9951409],[116.3097339,39.9948552],[116.3098209,39.9948592],[116.3098317,39.9947179],[116.3097778,39.9947154],[116.3098328,39.9940004],[116.310248,39.9940192],[116.3102211,39.994369],[116.3101072,39.9943639],[116.3100626,39.9949435],[116.3098253,39.9949328],[116.3098149,39.9950677],[116.3100371,39.9950777],[116.3100312,39.9951553],[116.309712,39.9951409]]]},"properties":{"layer":"building"}},{"type":"Feature","geometry":{"type":"Polygon","coordinates":[[[116.3123189,39.9928783],[116.3123279,39.9927138],[116.3129005,39.9927322],[116.3128915,39.9928968],[116.3123189,39.9928783]]]},"properties":{"layer":"building"}},{"type":"Feature","geometry":{"type":"Polygon","coordinates":[[[116.3113113,39.9928788],[116.3113216,39.9927533],[116.311405,39.9927573],[116.3114074,39.9927271],[116.3115097,39.9927321],[116.3115129,39.9926934],[116.3120696,39.9927202],[116.3120595,39.9928427],[116.3115056,39.992816],[116.3114997,39.9928878],[116.3113113,39.9928788]]]},"properties":{"layer":"building"}},{"type":"Feature","geometry":{"type":"Polygon","coordinates":[[[116.3097699,39.9956578],[116.309771,39.9956293],[116.3097146,39.995628],[116.3097166,39.9955768],[116.3096675,39.9955756],[116.3096736,39.9954232],[116.309733,39.9954246],[116.3097353,39.9953677],[116.3099674,39.9953732],[116.3099615,39.9955201],[116.3100018,39.9955211],[116.3099988,39.9955942],[116.3099461,39.9955929],[116.3099434,39.9956618],[116.3097699,39.9956578]]]},"properties":{"layer":"building"}},{"type":"Feature","geometry":{"type":"Polygon","coordinates":[[[116.3053603,39.9981231],[116.3053887,39.998013],[116.3057995,39.9980752],[116.3057711,39.9981853],[116.3053603,39.9981231]]]},"properties":{"layer":"building"}},{"type":"Feature","geometry":{"type":"Polygon","coordinates":[[[116.3054019,39.9977759],[116.305423,39.9976648],[116.3058374,39.9977109],[116.3058164,39.997822],[116.3054019,39.9977759]]]},"properties":{"layer":"building"}},{"type":"Feature","geometry":{"type":"Polygon","coordinates":[[[116.3054566,39.9974783],[116.3054777,39.9973672],[116.3058921,39.9974133],[116.305871,39.9975244],[116.3054566,39.9974783]]]},"properties":{"layer":"building"}},{"type":"Feature","geometry":{"type":"Polygon","coordinates":[[[116.3055142,39.9971609],[116.3055352,39.9970498],[116.3059496,39.9970958],[116.3059286,39.997207],[116.3055142,39.9971609]]]},"properties":{"layer":"building"}},{"type":"Feature","geometry":{"type":"Polygon","coordinates":[[[116.305566,39.9968544],[116.305587,39.9967433],[116.3060014,39.9967894],[116.3059804,39.9969005],[116.305566,39.9968544]]]},"properties":{"layer":"building"}},{"type":"Feature","geometry":{"type":"Polygon","coordinates":[[[116.3034069,39.9976765],[116.3034353,39.9975664],[116.3038462,39.9976285],[116.3038178,39.9977387],[116.3034069,39.9976765]]]},"properties":{"layer":"building"}},{"type":"Feature","geometry":{"type":"Polygon","coordinates":[[[116.3042219,39.9979059],[116.3042759,39.9977512],[116.3048391,39.9978666],[116.3048263,39.997903],[116.3049438,39.997927],[116.304955,39.997895],[116.3051832,39.9979417],[116.3051307,39.998092],[116.3042219,39.9979059]]]},"properties":{"layer":"building"}},{"type":"Feature","geometry":{"type":"Polygon","coordinates":[[[116.312067,39.9955768],[116.3120789,39.9954532],[116.3127807,39.995493],[116.3127687,39.9956167],[116.312067,39.9955768]]]},"properties":{"layer":"building"}},{"type":"Feature","geometry":{"type":"Polygon","coordinates":[[[116.3112262,39.9955219],[116.3112382,39.9953983],[116.3119399,39.9954381],[116.3119279,39.9955617],[116.3112262,39.9955219]]]},"properties":{"layer":"building"}},{"type":"Feature","geometry":{"type":"Polygon","coordinates":[[[116.3120598,39.9959006],[116.3120718,39.995777],[116.3127735,39.9958168],[116.3127616,39.9959405],[116.3120598,39.9959006]]]},"properties":{"layer":"building"}},{"type":"Feature","geometry":{"type":"Polygon","coordinates":[[[116.3112118,39.9958522],[116.3112237,39.9957286],[116.3119255,39.9957684],[116.3119135,39.9958921],[116.3112118,39.9958522]]]},"properties":{"layer":"building"}},{"type":"Feature","geometry":{"type":"Polygon","coordinates":[[[116.3103673,39.9958108],[116.3103793,39.9956872],[116.311081,39.995727],[116.3110691,39.9958506],[116.3103673,39.9958108]]]},"properties":{"layer":"building"}},{"type":"Feature","geometry":{"type":"Polygon","coordinates":[[[116.3103908,39.9954818],[116.3104028,39.9953582],[116.3111045,39.995398],[116.3110925,39.9955217],[116.3103908,39.9954818]]]},"properties":{"layer":"building"}},{"type":"Feature","geometry":{"type":"Polygon","coordinates":[[[116.2947516,39.9940843],[116.2947563,39.9939846],[116.2955151,39.9940056],[116.2955104,39.9941052],[116.2947516,39.9940843]]]},"properties":{"layer":"building"}},{"type":"Feature","geometry":{"type":"Polygon","coordinates":[[[116.2947673,39.9937803],[116.294772,39.9936806],[116.2955308,39.9937015],[116.2955261,39.9938012],[116.2947673,39.9937803]]]},"properties":{"layer":"building"}},{"type":"Feature","geometry":{"type":"Polygon","coordinates":[[[116.294748,39.9944367],[116.2947517,39.9943371],[116.2955107,39.9943539],[116.295507,39.9944536],[116.294748,39.9944367]]]},"properties":{"layer":"building"}},{"type":"Feature","geometry":{"type":"Polygon","coordinates":[[[116.2957325,39.993799],[116.2957356,39.9937],[116.2961134,39.9937069],[116.2961103,39.9938059],[116.2957325,39.993799]]]},"properties":{"layer":"building"}},{"type":"Feature","geometry":{"type":"Polygon","coordinates":[[[116.295726,39.9941098],[116.2957285,39.9940107],[116.2961062,39.9940162],[116.2961038,39.9941152],[116.295726,39.9941098]]]},"properties":{"layer":"building"}},{"type":"Feature","geometry":{"type":"Polygon","coordinates":[[[116.2957494,39.9934562],[116.2957523,39.993363],[116.2961301,39.99337],[116.2961271,39.9934632],[116.2957494,39.9934562]]]},"properties":{"layer":"building"}},{"type":"Feature","geometry":{"type":"Polygon","coordinates":[[[116.2966981,39.9933341],[116.2967002,39.9932067],[116.2968443,39.9932082],[116.2968422,39.9933355],[116.2966981,39.9933341]]]},"properties":{"layer":"building"}},{"type":"Feature","geometry":{"type":"Polygon","coordinates":[[[116.2968422,39.9933355],[116.2974318,39.9933454],[116.2974321,39.9933029],[116.2974324,39.9932452],[116.2970718,39.9932388],[116.2970728,39.9932083],[116.2968455,39.9932043],[116.2968443,39.9932082],[116.2968422,39.9933355]]]},"properties":{"layer":"building"}},{"type":"Feature","geometry":{"type":"Polygon","coordinates":[[[116.2974316,39.9933781],[116.2976427,39.993379],[116.2976428,39.9933568],[116.2976772,39.9933437],[116.2976782,39.9932894],[116.2976535,39.9932681],[116.297601,39.9932681],[116.2975656,39.9933034],[116.2974321,39.9933029],[116.2974318,39.9933454],[116.2974316,39.9933781]]]},"properties":{"layer":"building"}},{"type":"Feature","geometry":{"type":"Polygon","coordinates":[[[116.2966188,39.9953235],[116.2966216,39.9952191],[116.2975335,39.9952333],[116.2975325,39.9952796],[116.2975322,39.9953379],[116.2966188,39.9953235]]]},"properties":{"layer":"building"}},{"type":"Feature","geometry":{"type":"Polygon","coordinates":[[[116.2975325,39.9952796],[116.2975335,39.9952333],[116.2975362,39.9951069],[116.2976708,39.9951086],[116.297667,39.9952813],[116.2975325,39.9952796]]]},"properties":{"layer":"building"}},{"type":"Feature","geometry":{"type":"Polygon","coordinates":[[[116.2975201,39.9955985],[116.2975211,39.9955523],[116.2975238,39.9954259],[116.2976583,39.9954276],[116.2976546,39.9956002],[116.2975201,39.9955985]]]},"properties":{"layer":"building"}},{"type":"Feature","geometry":{"type":"Polygon","coordinates":[[[116.2966064,39.9956425],[116.2966092,39.9955381],[116.2975211,39.9955523],[116.2975201,39.9955985],[116.2975197,39.9956569],[116.2966064,39.9956425]]]},"properties":{"layer":"building"}},{"type":"Feature","geometry":{"type":"Polygon","coordinates":[[[116.296817,39.9949912],[116.2968199,39.9948892],[116.2975436,39.9949011],[116.2975423,39.9949467],[116.2975407,39.9950032],[116.296817,39.9949912]]]},"properties":{"layer":"building"}},{"type":"Feature","geometry":{"type":"Polygon","coordinates":[[[116.2975423,39.9949467],[116.2975436,39.9949011],[116.2975471,39.9947741],[116.2976817,39.9947758],[116.2976779,39.9949484],[116.2975423,39.9949467]]]},"properties":{"layer":"building"}},{"type":"Feature","geometry":{"type":"Polygon","coordinates":[[[116.2958183,39.9949764],[116.2958212,39.9948744],[116.2965449,39.9948863],[116.2965436,39.9949319],[116.296542,39.9949884],[116.2958183,39.9949764]]]},"properties":{"layer":"building"}},{"type":"Feature","geometry":{"type":"Polygon","coordinates":[[[116.2948441,39.9952259],[116.2948473,39.9951251],[116.2956035,39.9951395],[116.2956002,39.9952405],[116.2948441,39.9952259]]]},"properties":{"layer":"building"}},{"type":"Feature","geometry":{"type":"Polygon","coordinates":[[[116.2948247,39.9955314],[116.294828,39.9954305],[116.2955842,39.9954449],[116.2955809,39.9955459],[116.2948247,39.9955314]]]},"properties":{"layer":"building"}},{"type":"Feature","geometry":{"type":"Polygon","coordinates":[[[116.2957563,39.9955558],[116.2957596,39.9954549],[116.2965158,39.9954693],[116.2965125,39.9955703],[116.2957563,39.9955558]]]},"properties":{"layer":"building"}},{"type":"Feature","geometry":{"type":"Polygon","coordinates":[[[116.2950096,39.9949456],[116.295013,39.994904],[116.2950127,39.9948555],[116.2950253,39.9948555],[116.2956114,39.9948647],[116.2956089,39.9949554],[116.2950096,39.9949456]]]},"properties":{"layer":"building"}},{"type":"Feature","geometry":{"type":"Polygon","coordinates":[[[116.295013,39.994904],[116.294828,39.9949045],[116.2948276,39.9948218],[116.2950251,39.9948212],[116.2950253,39.9948555],[116.2950127,39.9948555],[116.295013,39.994904]]]},"properties":{"layer":"building"}},{"type":"Feature","geometry":{"type":"Polygon","coordinates":[[[116.3070515,39.9969855],[116.3072987,39.9970036],[116.3073131,39.9969185],[116.3073635,39.9969226],[116.3073517,39.9970072],[116.3081007,39.9970754],[116.3081027,39.9970644],[116.3081855,39.9970715],[116.3082197,39.9970995],[116.3082878,39.9971242],[116.3083738,39.9971242],[116.3084554,39.9970967],[116.3085064,39.99705],[116.3085222,39.9970057],[116.3085344,39.9969676],[116.3085585,39.9969685],[116.3085674,39.9968587],[116.3084553,39.9968551],[116.3084538,39.9968714],[116.3084143,39.9968499],[116.3084271,39.9966665],[116.3084314,39.9966671],[116.3085219,39.9966715],[116.3085787,39.9959853],[116.3084906,39.995981],[116.3084894,39.9959766],[116.30849,39.995952],[116.3083709,39.9959502],[116.3083699,39.9959751],[116.3082602,39.9959698],[116.3082036,39.9966561],[116.3082934,39.9966604],[116.308284,39.9968394],[116.3082304,39.9968551],[116.308191,39.996877],[116.3081577,39.9969106],[116.3081263,39.9969063],[116.3081345,39.9968659],[116.3077142,39.9968229],[116.3076342,39.9967873],[116.3075696,39.9967441],[116.3075244,39.9966896],[116.3075009,39.9966463],[116.3074879,39.9966014],[116.3075602,39.9965668],[116.307596,39.9965311],[116.3076283,39.9964844],[116.3076247,39.9964267],[116.3075996,39.9963911],[116.3075602,39.9963499],[116.3074921,39.9963197],[116.3074168,39.9963004],[116.3074366,39.9961531],[116.3073684,39.9961491],[116.3073706,39.9961238],[116.3078182,39.9961439],[116.307822,39.9960491],[116.3078541,39.9960506],[116.3078612,39.9959682],[116.3078249,39.9959692],[116.3078282,39.9959353],[116.3071874,39.9958996],[116.3071697,39.9960864],[116.3072627,39.9960931],[116.3072573,39.9961457],[116.3071695,39.9961412],[116.3070479,39.9968708],[116.3070719,39.9968729],[116.3070515,39.9969855]]]},"properties":{"layer":"building"}},{"type":"Feature","geometry":{"type":"Polygon","coordinates":[[[116.308322,39.9879347],[116.3083269,39.9878366],[116.3085492,39.9878446],[116.3085424,39.9879419],[116.308322,39.9879347]]]},"properties":{"layer":"building"}},{"type":"Feature","geometry":{"type":"Polygon","coordinates":[[[116.3083269,39.9878366],[116.3083308,39.9877738],[116.3085531,39.9877818],[116.3085492,39.9878446],[116.3083269,39.9878366]]]},"properties":{"layer":"building"}},{"type":"Feature","geometry":{"type":"Polygon","coordinates":[[[116.308345,39.987636],[116.3083487,39.9875652],[116.308573,39.987572],[116.3085693,39.9876428],[116.308345,39.987636]]]},"properties":{"layer":"building"}},{"type":"Feature","geometry":{"type":"Polygon","coordinates":[[[116.3096281,39.9976932],[116.3098493,39.9976983],[116.309854,39.9975754],[116.3096329,39.9975704],[116.3096281,39.9976932]]]},"properties":{"layer":"building"}},{"type":"Feature","geometry":{"type":"Polygon","coordinates":[[[116.3099022,39.9973635],[116.3100921,39.9973713],[116.3101016,39.9972384],[116.3099116,39.9972305],[116.3099022,39.9973635]]]},"properties":{"layer":"building"}},{"type":"Feature","geometry":{"type":"Polygon","coordinates":[[[116.2960239,39.9853803],[116.2960738,39.9850116],[116.2965151,39.9850467],[116.2964652,39.9854153],[116.2960239,39.9853803]]]},"properties":{"layer":"building"}},{"type":"Feature","geometry":{"type":"Polygon","coordinates":[[[116.3058587,39.9958223],[116.3059039,39.9955213],[116.3061632,39.9955441],[116.3061181,39.9958451],[116.3058587,39.9958223]]]},"properties":{"layer":"building"}},{"type":"Feature","geometry":{"type":"Polygon","coordinates":[[[116.3059755,39.9953383],[116.3059936,39.9952523],[116.3060197,39.9950798],[116.3062671,39.9951046],[116.3062229,39.9953631],[116.3059755,39.9953383]]]},"properties":{"layer":"building"}},{"type":"Feature","geometry":{"type":"Polygon","coordinates":[[[116.3058877,39.9950647],[116.3059103,39.9949411],[116.3063233,39.9949854],[116.3063019,39.9951024],[116.3062671,39.9951046],[116.3060197,39.9950798],[116.3058877,39.9950647]]]},"properties":{"layer":"building"}},{"type":"Feature","geometry":{"type":"Polygon","coordinates":[[[116.3058053,39.9962719],[116.3058188,39.9961794],[116.3058427,39.9960152],[116.3060791,39.9960354],[116.3060417,39.9962921],[116.3058053,39.9962719]]]},"properties":{"layer":"building"}},{"type":"Feature","geometry":{"type":"Polygon","coordinates":[[[116.3127273,39.9835648],[116.3134729,39.9835841],[116.3134776,39.9834766],[116.3127321,39.9834572],[116.3127273,39.9835648]]]},"properties":{"layer":"building"}},{"type":"Feature","geometry":{"type":"Polygon","coordinates":[[[116.312335,39.9835874],[116.3126203,39.9835934],[116.3126252,39.9834569],[116.31234,39.9834508],[116.312335,39.9835874]]]},"properties":{"layer":"building"}},{"type":"Feature","geometry":{"type":"Polygon","coordinates":[[[116.3061276,39.9979504],[116.3061072,39.9980687],[116.3070386,39.9981723],[116.3070552,39.998056],[116.3061276,39.9979504]]]},"properties":{"layer":"building"}},{"type":"Feature","geometry":{"type":"Polygon","coordinates":[[[116.3066758,39.9976595],[116.3066485,39.9977836],[116.3072042,39.9978554],[116.3073352,39.9972599],[116.3069739,39.9972133],[116.3069444,39.9973474],[116.3071617,39.9973754],[116.3071499,39.997429],[116.3070991,39.9974224],[116.3070541,39.9976265],[116.3071146,39.9976343],[116.3070971,39.9977139],[116.3066758,39.9976595]]]},"properties":{"layer":"building"}},{"type":"Feature","geometry":{"type":"Polygon","coordinates":[[[116.3032967,39.9847862],[116.3032902,39.9849331],[116.3038013,39.9849482],[116.3038025,39.9849117],[116.3041968,39.9849218],[116.304202,39.9847754],[116.3038152,39.9847688],[116.3038125,39.9847984],[116.3032967,39.9847862]]]},"properties":{"layer":"building"}},{"type":"Feature","geometry":{"type":"Polygon","coordinates":[[[116.3043028,39.9845278],[116.3042861,39.9849615],[116.3050979,39.9849789],[116.3051048,39.984769],[116.3047762,39.9847672],[116.3047853,39.984536],[116.3043028,39.9845278]]]},"properties":{"layer":"building"}},{"type":"Feature","geometry":{"type":"Polygon","coordinates":[[[116.3056131,39.9966232],[116.3059727,39.9966659],[116.305996,39.9965512],[116.3057385,39.9965206],[116.305762,39.9964047],[116.3058303,39.9964128],[116.3058542,39.9962949],[116.3055558,39.9962595],[116.3055319,39.9963774],[116.3056435,39.9963906],[116.30562,39.9965068],[116.3056363,39.9965087],[116.3056131,39.9966232]]]},"properties":{"layer":"building"}},{"type":"Feature","geometry":{"type":"Polygon","coordinates":[[[116.3055511,39.9965505],[116.3055649,39.9964743],[116.3051708,39.9964326],[116.305157,39.9965087],[116.3055511,39.9965505]]]},"properties":{"layer":"building"}},{"type":"Feature","geometry":{"type":"Polygon","coordinates":[[[116.3050513,39.9963688],[116.3053461,39.9964011],[116.3053692,39.9962778],[116.3051993,39.9962591],[116.3052035,39.9962368],[116.3052373,39.9962405],[116.3052529,39.9961571],[116.3052849,39.9959853],[116.305368,39.9959944],[116.3053909,39.9958719],[116.3050163,39.9958309],[116.3049929,39.9959563],[116.3050439,39.9959618],[116.3049929,39.9962351],[116.3050746,39.9962441],[116.3050513,39.9963688]]]},"properties":{"layer":"building"}},{"type":"Feature","geometry":{"type":"Polygon","coordinates":[[[116.3056484,39.9960306],[116.3057996,39.9960472],[116.3058087,39.9959986],[116.3061107,39.9960317],[116.3061318,39.9959184],[116.3058147,39.9958837],[116.3058078,39.9959205],[116.3056718,39.9959056],[116.3056484,39.9960306]]]},"properties":{"layer":"building"}},{"type":"Feature","geometry":{"type":"Polygon","coordinates":[[[116.3052087,39.9957849],[116.3053492,39.9958008],[116.3053527,39.9957825],[116.3054233,39.9957905],[116.305421,39.9958026],[116.3056685,39.9958306],[116.3056724,39.9958105],[116.3057611,39.9958206],[116.3057731,39.9957583],[116.3056699,39.9957466],[116.3056778,39.9957059],[116.3054555,39.9956807],[116.3054479,39.9957204],[116.3052259,39.9956953],[116.3052087,39.9957849]]]},"properties":{"layer":"building"}},{"type":"Feature","geometry":{"type":"Polygon","coordinates":[[[116.3051612,39.9956578],[116.305266,39.995669],[116.3052861,39.9955591],[116.3053488,39.9955658],[116.3053305,39.995666],[116.305448,39.9956785],[116.3054653,39.9955841],[116.3056851,39.9956076],[116.305669,39.995696],[116.3057883,39.9957088],[116.3058207,39.9955311],[116.3056979,39.995518],[116.3057064,39.9954716],[116.3054818,39.9954475],[116.3054731,39.9954955],[116.305278,39.9954746],[116.3052645,39.9955485],[116.3051828,39.9955397],[116.3051612,39.9956578]]]},"properties":{"layer":"building"}},{"type":"Feature","geometry":{"type":"Polygon","coordinates":[[[116.3053737,39.9954611],[116.3054357,39.9954676],[116.3054527,39.9953725],[116.3055298,39.9953806],[116.3055265,39.995399],[116.30569,39.9954161],[116.3056934,39.9953972],[116.305769,39.9954051],[116.3057806,39.9953396],[116.3056987,39.9953311],[116.3057021,39.995312],[116.3055896,39.9953002],[116.3055347,39.9952945],[116.3055316,39.9953116],[116.3054503,39.9953031],[116.3054378,39.9953733],[116.3053902,39.9953683],[116.3053737,39.9954611]]]},"properties":{"layer":"building"}},{"type":"Feature","geometry":{"type":"Polygon","coordinates":[[[116.3049332,39.9951257],[116.3051673,39.9951515],[116.3051945,39.9950062],[116.3049604,39.9949804],[116.3049332,39.9951257]]]},"properties":{"layer":"building"}},{"type":"Feature","geometry":{"type":"Polygon","coordinates":[[[116.3050491,39.9949532],[116.3053703,39.9949892],[116.3053917,39.994877],[116.3050705,39.994841],[116.3050491,39.9949532]]]},"properties":{"layer":"building"}},{"type":"Feature","geometry":{"type":"Polygon","coordinates":[[[116.2994188,39.9875602],[116.2995676,39.9875648],[116.2995732,39.9874607],[116.3002844,39.987483],[116.3002907,39.987364],[116.2995761,39.9873415],[116.2995723,39.9874121],[116.299427,39.9874075],[116.2994188,39.9875602]]]},"properties":{"layer":"building"}},{"type":"Feature","geometry":{"type":"Polygon","coordinates":[[[116.2995173,39.9871272],[116.2996722,39.9871338],[116.2996796,39.9870313],[116.300306,39.987058],[116.3003147,39.9869377],[116.2996808,39.9869107],[116.2996757,39.9869801],[116.2995285,39.9869739],[116.2995173,39.9871272]]]},"properties":{"layer":"building"}},{"type":"Feature","geometry":{"type":"Polygon","coordinates":[[[116.2995528,39.9867592],[116.2997054,39.9867648],[116.2997119,39.9866614],[116.3003251,39.9866841],[116.3003327,39.9865636],[116.299713,39.9865408],[116.2997086,39.9866109],[116.2995624,39.9866055],[116.2995528,39.9867592]]]},"properties":{"layer":"building"}},{"type":"Feature","geometry":{"type":"Polygon","coordinates":[[[116.2989601,39.9906108],[116.299155,39.9906182],[116.2991846,39.99016],[116.2989898,39.9901526],[116.2989601,39.9906108]]]},"properties":{"layer":"building"}},{"type":"Feature","geometry":{"type":"Polygon","coordinates":[[[116.2997698,39.9910189],[116.2997762,39.990929],[116.3000064,39.9909387],[116.3,39.9910285],[116.2997698,39.9910189]]]},"properties":{"layer":"building"}},{"type":"Feature","geometry":{"type":"Polygon","coordinates":[[[116.3114592,39.9869112],[116.3114468,39.9870197],[116.3117526,39.9870402],[116.311765,39.9869318],[116.3114592,39.9869112]]]},"properties":{"layer":"building"}},{"type":"Feature","geometry":{"type":"Polygon","coordinates":[[[116.3111655,39.9862197],[116.311154,39.9863143],[116.3118729,39.9863656],[116.3118844,39.9862711],[116.3111655,39.9862197]]]},"properties":{"layer":"building"}},{"type":"Feature","geometry":{"type":"Polygon","coordinates":[[[116.3115665,39.9856648],[116.3115801,39.9855487],[116.3111986,39.9855225],[116.3110864,39.9855148],[116.3110728,39.9856309],[116.3110623,39.9857213],[116.3111745,39.985729],[116.3111851,39.9856386],[116.3115665,39.9856648]]]},"properties":{"layer":"building"}},{"type":"Feature","geometry":{"type":"Polygon","coordinates":[[[116.3118576,39.9866728],[116.3115451,39.9866513],[116.3115346,39.9867404],[116.3118471,39.986762],[116.3118576,39.9866728]]]},"properties":{"layer":"building"}},{"type":"Feature","geometry":{"type":"Polygon","coordinates":[[[116.311092,39.9859949],[116.3118739,39.9860452],[116.311887,39.985926],[116.3111051,39.9858757],[116.311092,39.9859949]]]},"properties":{"layer":"building"}},{"type":"Feature","geometry":{"type":"Polygon","coordinates":[[[116.3135996,39.9869287],[116.3139658,39.9869513],[116.3139754,39.9868599],[116.3136093,39.9868373],[116.3135996,39.9869287]]]},"properties":{"layer":"building"}},{"type":"Feature","geometry":{"type":"Polygon","coordinates":[[[116.3111318,39.984767],[116.3117071,39.9847777],[116.311711,39.984656],[116.3111357,39.9846452],[116.3111318,39.984767]]]},"properties":{"layer":"building"}},{"type":"Feature","geometry":{"type":"Polygon","coordinates":[[[116.3135878,39.9872558],[116.3139581,39.987282],[116.3139724,39.9871633],[116.3136021,39.9871371],[116.3135878,39.9872558]]]},"properties":{"layer":"building"}},{"type":"Feature","geometry":{"type":"Polygon","coordinates":[[[116.2963923,39.9911215],[116.2964401,39.9906917],[116.2968229,39.9907167],[116.2967751,39.9911464],[116.2963923,39.9911215]]]},"properties":{"layer":"building"}},{"type":"Feature","geometry":{"type":"Polygon","coordinates":[[[116.2985777,39.9951708],[116.2985744,39.9950577],[116.2986403,39.9950565],[116.2986397,39.9950372],[116.2986985,39.9950362],[116.298703,39.9951869],[116.2986393,39.995188],[116.2986388,39.9951698],[116.2986103,39.9951703],[116.2985777,39.9951708]]]},"properties":{"layer":"building"}},{"type":"Feature","geometry":{"type":"Polygon","coordinates":[[[116.3002685,39.9945496],[116.3004382,39.9945507],[116.3004399,39.9943839],[116.3002702,39.9943829],[116.3002685,39.9945496]]]},"properties":{"layer":"building"}},{"type":"Feature","geometry":{"type":"Polygon","coordinates":[[[116.3001903,39.9952439],[116.3001921,39.995132],[116.3004586,39.9951344],[116.3004569,39.9952463],[116.3003683,39.9952455],[116.3002916,39.9952448],[116.3001903,39.9952439]]]},"properties":{"layer":"building"}},{"type":"Feature","geometry":{"type":"Polygon","coordinates":[[[116.3001842,39.9954642],[116.3002569,39.9954641],[116.3002573,39.9957272],[116.300486,39.995727],[116.3004855,39.995472],[116.3005549,39.9954719],[116.3005546,39.9952939],[116.3003681,39.9952941],[116.3002915,39.9952942],[116.3001839,39.9952943],[116.3001842,39.9954642]]]},"properties":{"layer":"building"}},{"type":"Feature","geometry":{"type":"Polygon","coordinates":[[[116.3002915,39.9952942],[116.3002916,39.9952448],[116.3003683,39.9952455],[116.3003681,39.9952941],[116.3002915,39.9952942]]]},"properties":{"layer":"building"}},{"type":"Feature","geometry":{"type":"Polygon","coordinates":[[[116.3005373,39.9958412],[116.3009007,39.9958454],[116.3009035,39.995701],[116.3005401,39.9956969],[116.3005398,39.9957101],[116.3005373,39.9958412]]]},"properties":{"layer":"building"}},{"type":"Feature","geometry":{"type":"Polygon","coordinates":[[[116.3006111,39.9959295],[116.3006661,39.9959704],[116.3006679,39.9960744],[116.3004656,39.9960827],[116.3002009,39.9960901],[116.3001956,39.995979],[116.3004277,39.995969],[116.3004289,39.9959533],[116.3004633,39.9959295],[116.3005131,39.9959137],[116.300563,39.9959124],[116.3006111,39.9959295]]]},"properties":{"layer":"building"}},{"type":"Feature","geometry":{"type":"Polygon","coordinates":[[[116.3016304,39.9947819],[116.3016329,39.9946302],[116.301763,39.9946312],[116.3017628,39.9946443],[116.3017609,39.9947831],[116.3016304,39.9947819]]]},"properties":{"layer":"building"}},{"type":"Feature","geometry":{"type":"Polygon","coordinates":[[[116.302041,39.9947855],[116.3020415,39.994632],[116.3021637,39.9946322],[116.3021632,39.9947857],[116.302041,39.9947855]]]},"properties":{"layer":"building"}},{"type":"Feature","geometry":{"type":"Polygon","coordinates":[[[116.3017609,39.9947831],[116.302041,39.9947855],[116.3020415,39.994632],[116.301763,39.9946312],[116.3017628,39.9946443],[116.3017609,39.9947831]]]},"properties":{"layer":"building"}},{"type":"Feature","geometry":{"type":"Polygon","coordinates":[[[116.3011567,39.9944174],[116.3011542,39.9945497],[116.301651,39.9945552],[116.301654,39.9943956],[116.301519,39.9943941],[116.3015177,39.9944671],[116.3013446,39.9944652],[116.3013454,39.9944195],[116.3011567,39.9944174]]]},"properties":{"layer":"building"}},{"type":"Feature","geometry":{"type":"Polygon","coordinates":[[[116.3043211,39.9971379],[116.3043511,39.9969446],[116.3045278,39.9969607],[116.3044978,39.997154],[116.3043211,39.9971379]]]},"properties":{"layer":"building"}},{"type":"Feature","geometry":{"type":"Polygon","coordinates":[[[116.3062779,39.9971811],[116.3068518,39.9972411],[116.3068703,39.997137],[116.3062965,39.997077],[116.3062779,39.9971811]]]},"properties":{"layer":"building"}},{"type":"Feature","geometry":{"type":"Polygon","coordinates":[[[116.3041778,39.9968485],[116.3043559,39.9968658],[116.3043458,39.9969268],[116.3042465,39.9969181],[116.3041677,39.9969094],[116.3041778,39.9968485]]]},"properties":{"layer":"building"}},{"type":"Feature","geometry":{"type":"Polygon","coordinates":[[[116.3041289,39.9971148],[116.304307,39.9971321],[116.3042969,39.9971931],[116.3041188,39.9971757],[116.3041289,39.9971148]]]},"properties":{"layer":"building"}},{"type":"Feature","geometry":{"type":"Polygon","coordinates":[[[116.3041446,39.9968296],[116.304274,39.9968419],[116.3042997,39.996683],[116.3042086,39.9966749],[116.3041703,39.9966711],[116.3041446,39.9968296]]]},"properties":{"layer":"building"}},{"type":"Feature","geometry":{"type":"Polygon","coordinates":[[[116.3039071,39.9969307],[116.3039293,39.9968169],[116.3041532,39.9968426],[116.304131,39.9969564],[116.3039071,39.9969307]]]},"properties":{"layer":"building"}},{"type":"Feature","geometry":{"type":"Polygon","coordinates":[[[116.3039043,39.9970663],[116.3041125,39.997085],[116.3040995,39.9971618],[116.3038939,39.9971415],[116.303897,39.9971153],[116.3039043,39.9970663]]]},"properties":{"layer":"building"}},{"type":"Feature","geometry":{"type":"Polygon","coordinates":[[[116.3039635,39.9966505],[116.3039754,39.9965797],[116.3042206,39.996604],[116.3042086,39.9966749],[116.3041703,39.9966711],[116.3039635,39.9966505]]]},"properties":{"layer":"building"}},{"type":"Feature","geometry":{"type":"Polygon","coordinates":[[[116.3040031,39.9965416],[116.3040267,39.9964065],[116.3040865,39.9964126],[116.3040628,39.9965477],[116.3040031,39.9965416]]]},"properties":{"layer":"building"}},{"type":"Feature","geometry":{"type":"Polygon","coordinates":[[[116.3037188,39.9964198],[116.3037309,39.9963643],[116.3039038,39.9963864],[116.3038917,39.9964419],[116.3037188,39.9964198]]]},"properties":{"layer":"building"}},{"type":"Feature","geometry":{"type":"Polygon","coordinates":[[[116.3036097,39.9970397],[116.3038194,39.9970589],[116.3038121,39.9971079],[116.3038084,39.9971367],[116.3035968,39.9971156],[116.3036097,39.9970397]]]},"properties":{"layer":"building"}},{"type":"Feature","geometry":{"type":"Polygon","coordinates":[[[116.3036204,39.9968974],[116.3036407,39.996785],[116.3037227,39.9967937],[116.3037333,39.9967349],[116.3038368,39.9967458],[116.303826,39.996806],[116.303904,39.9968143],[116.3038839,39.9969254],[116.3036204,39.9968974]]]},"properties":{"layer":"building"}},{"type":"Feature","geometry":{"type":"Polygon","coordinates":[[[116.3036922,39.9966076],[116.3037075,39.9965264],[116.3039454,39.9965528],[116.3039301,39.996634],[116.3036922,39.9966076]]]},"properties":{"layer":"building"}},{"type":"Feature","geometry":{"type":"Polygon","coordinates":[[[116.3038121,39.9971079],[116.303897,39.9971153],[116.3039043,39.9970663],[116.3038194,39.9970589],[116.3038121,39.9971079]]]},"properties":{"layer":"building"}},{"type":"Feature","geometry":{"type":"Polygon","coordinates":[[[116.3031874,39.9970538],[116.3034248,39.9970793],[116.303438,39.997012],[116.3031997,39.9969855],[116.3031874,39.9970538]]]},"properties":{"layer":"building"}},{"type":"Feature","geometry":{"type":"Polygon","coordinates":[[[116.3034248,39.9970793],[116.3035101,39.9970891],[116.3035233,39.9970218],[116.303438,39.997012],[116.3034248,39.9970793]]]},"properties":{"layer":"building"}},{"type":"Feature","geometry":{"type":"Polygon","coordinates":[[[116.3031874,39.9970538],[116.3031045,39.997045],[116.3031169,39.9969767],[116.3031997,39.9969855],[116.3031874,39.9970538]]]},"properties":{"layer":"building"}},{"type":"Feature","geometry":{"type":"Polygon","coordinates":[[[116.3031018,39.9969511],[116.30312,39.9968451],[116.3032055,39.9968537],[116.3031859,39.9969602],[116.3031018,39.9969511]]]},"properties":{"layer":"building"}},{"type":"Feature","geometry":{"type":"Polygon","coordinates":[[[116.3034341,39.996986],[116.3034536,39.9968799],[116.303539,39.9968894],[116.3035181,39.9969951],[116.3034341,39.996986]]]},"properties":{"layer":"building"}},{"type":"Feature","geometry":{"type":"Polygon","coordinates":[[[116.30312,39.9968451],[116.3031317,39.9967771],[116.3032603,39.9967901],[116.3032498,39.9968584],[116.3032055,39.9968537],[116.30312,39.9968451]]]},"properties":{"layer":"building"}},{"type":"Feature","geometry":{"type":"Polygon","coordinates":[[[116.3034095,39.9968729],[116.3034204,39.9968018],[116.3035527,39.9968164],[116.303539,39.9968894],[116.3034536,39.9968799],[116.3034095,39.9968729]]]},"properties":{"layer":"building"}},{"type":"Feature","geometry":{"type":"Polygon","coordinates":[[[116.3032498,39.9968584],[116.3034095,39.9968729],[116.3034204,39.9968018],[116.3034278,39.9967541],[116.3032681,39.9967396],[116.3032603,39.9967901],[116.3032498,39.9968584]]]},"properties":{"layer":"building"}},{"type":"Feature","geometry":{"type":"Polygon","coordinates":[[[116.3031415,39.9967247],[116.3031698,39.9965622],[116.3032745,39.9965729],[116.3032462,39.9967354],[116.3031415,39.9967247]]]},"properties":{"layer":"building"}},{"type":"Feature","geometry":{"type":"Polygon","coordinates":[[[116.3034462,39.9967597],[116.3034745,39.9965972],[116.3035792,39.9966079],[116.3035508,39.9967704],[116.3034462,39.9967597]]]},"properties":{"layer":"building"}},{"type":"Feature","geometry":{"type":"Polygon","coordinates":[[[116.30325,39.9965575],[116.3031672,39.9965487],[116.3031795,39.9964804],[116.3032623,39.9964892],[116.30325,39.9965575]]]},"properties":{"layer":"building"}},{"type":"Feature","geometry":{"type":"Polygon","coordinates":[[[116.30325,39.9965575],[116.3034875,39.9965831],[116.3035007,39.9965158],[116.3032623,39.9964892],[116.30325,39.9965575]]]},"properties":{"layer":"building"}},{"type":"Feature","geometry":{"type":"Polygon","coordinates":[[[116.3034875,39.9965831],[116.3035727,39.9965929],[116.3035859,39.9965256],[116.3035007,39.9965158],[116.3034875,39.9965831]]]},"properties":{"layer":"building"}},{"type":"Feature","geometry":{"type":"Polygon","coordinates":[[[116.3031873,39.9964577],[116.303211,39.9963073],[116.3032966,39.9963152],[116.3032729,39.9964657],[116.3031873,39.9964577]]]},"properties":{"layer":"building"}},{"type":"Feature","geometry":{"type":"Polygon","coordinates":[[[116.3035091,39.9964906],[116.3035328,39.9963401],[116.3036184,39.9963481],[116.3035947,39.9964985],[116.3035091,39.9964906]]]},"properties":{"layer":"building"}},{"type":"Feature","geometry":{"type":"Polygon","coordinates":[[[116.3032207,39.9962851],[116.3036136,39.9963225],[116.3036268,39.9962409],[116.3032339,39.9962036],[116.3032207,39.9962851]]]},"properties":{"layer":"building"}},{"type":"Feature","geometry":{"type":"Polygon","coordinates":[[[116.3029006,39.9968479],[116.3030237,39.996858],[116.303014,39.9969273],[116.3028909,39.9969172],[116.3029006,39.9968479]]]},"properties":{"layer":"building"}},{"type":"Feature","geometry":{"type":"Polygon","coordinates":[[[116.303014,39.9969273],[116.3030847,39.9969339],[116.3031142,39.9967218],[116.3030452,39.9967151],[116.3030237,39.996858],[116.303014,39.9969273]]]},"properties":{"layer":"building"}},{"type":"Feature","geometry":{"type":"Polygon","coordinates":[[[116.302931,39.9967041],[116.3030452,39.9967151],[116.3031142,39.9967218],[116.3031281,39.9966373],[116.3029448,39.9966197],[116.302931,39.9967041]]]},"properties":{"layer":"building"}},{"type":"Feature","geometry":{"type":"Polygon","coordinates":[[[116.3028604,39.9964009],[116.3030638,39.9964167],[116.3030492,39.9965263],[116.3028459,39.9965105],[116.3028604,39.9964009]]]},"properties":{"layer":"building"}},{"type":"Feature","geometry":{"type":"Polygon","coordinates":[[[116.3030812,39.9963979],[116.3030977,39.996274],[116.303174,39.9962799],[116.3031575,39.9964038],[116.3030812,39.9963979]]]},"properties":{"layer":"building"}},{"type":"Feature","geometry":{"type":"Polygon","coordinates":[[[116.3027732,39.9963776],[116.3027897,39.9962537],[116.302866,39.9962596],[116.3028495,39.9963835],[116.3027732,39.9963776]]]},"properties":{"layer":"building"}},{"type":"Feature","geometry":{"type":"Polygon","coordinates":[[[116.3028669,39.9962523],[116.3027837,39.9962462],[116.3027922,39.9961776],[116.3028755,39.9961836],[116.3028669,39.9962523]]]},"properties":{"layer":"building"}},{"type":"Feature","geometry":{"type":"Polygon","coordinates":[[[116.3028669,39.9962523],[116.3031056,39.9962701],[116.3031151,39.9962024],[116.3028755,39.9961836],[116.3028669,39.9962523]]]},"properties":{"layer":"building"}},{"type":"Feature","geometry":{"type":"Polygon","coordinates":[[[116.3031056,39.9962701],[116.3031913,39.9962771],[116.3032008,39.9962094],[116.3031151,39.9962024],[116.3031056,39.9962701]]]},"properties":{"layer":"building"}},{"type":"Feature","geometry":{"type":"Polygon","coordinates":[[[116.3041537,39.9960689],[116.3044052,39.996088],[116.304411,39.9960441],[116.3043634,39.9960402],[116.3042163,39.9960292],[116.3041594,39.9960249],[116.3041537,39.9960689]]]},"properties":{"layer":"building"}},{"type":"Feature","geometry":{"type":"Polygon","coordinates":[[[116.3043634,39.9960402],[116.304377,39.9959408],[116.3044245,39.9959446],[116.304411,39.9960441],[116.3043634,39.9960402]]]},"properties":{"layer":"building"}},{"type":"Feature","geometry":{"type":"Polygon","coordinates":[[[116.3041594,39.9960249],[116.3041738,39.9959395],[116.3042303,39.995945],[116.3042163,39.9960292],[116.3041594,39.9960249]]]},"properties":{"layer":"building"}},{"type":"Feature","geometry":{"type":"Polygon","coordinates":[[[116.3063211,39.9969238],[116.30643,39.99624],[116.3068072,39.9962753],[116.3066972,39.996966],[116.3066423,39.9969609],[116.3066352,39.9970054],[116.3064065,39.996984],[116.3064147,39.9969326],[116.3063211,39.9969238]]]},"properties":{"layer":"building"}},{"type":"Feature","geometry":{"type":"Polygon","coordinates":[[[116.2971761,39.9904424],[116.2971888,39.9903137],[116.2971182,39.9903096],[116.297121,39.9902821],[116.2975213,39.9903053],[116.297523,39.9902891],[116.2975506,39.9902907],[116.2975461,39.9903356],[116.2976392,39.9903411],[116.2976374,39.9903591],[116.297945,39.9903777],[116.2979421,39.9904063],[116.2980534,39.990413],[116.2980918,39.9900427],[116.2978843,39.9900301],[116.2978684,39.9901839],[116.2979458,39.9901886],[116.297944,39.9902059],[116.2979696,39.9902075],[116.2979667,39.9902352],[116.2975737,39.990211],[116.2975792,39.9901586],[116.2971236,39.9901305],[116.2971204,39.9901608],[116.2971072,39.99016],[116.2971108,39.9901256],[116.2970305,39.9901207],[116.2969984,39.9904289],[116.2971761,39.9904424]]]},"properties":{"layer":"building"}},{"type":"Feature","geometry":{"type":"Polygon","coordinates":[[[116.2964819,39.9965542],[116.2965089,39.9962801],[116.2976988,39.9963487],[116.2976813,39.9965264],[116.2976718,39.996623],[116.2964819,39.9965542]]]},"properties":{"layer":"building"}},{"type":"Feature","geometry":{"type":"Polygon","coordinates":[[[116.2980172,39.996479],[116.2980166,39.9963813],[116.2980817,39.9963811],[116.2980823,39.9964788],[116.2980172,39.996479]]]},"properties":{"layer":"building"}},{"type":"Feature","geometry":{"type":"Polygon","coordinates":[[[116.2977718,39.9965272],[116.2977798,39.996453],[116.2979134,39.9964615],[116.2979054,39.9965357],[116.2977718,39.9965272]]]},"properties":{"layer":"building"}},{"type":"Feature","geometry":{"type":"Polygon","coordinates":[[[116.2955822,39.9986372],[116.2965773,39.9987079],[116.2965952,39.9985611],[116.2956,39.9984902],[116.2955822,39.9986372]]]},"properties":{"layer":"building"}},{"type":"Feature","geometry":{"type":"Polygon","coordinates":[[[116.2944598,39.9910602],[116.2950242,39.9910691],[116.2950274,39.9909494],[116.2945493,39.9909419],[116.2944463,39.9908618],[116.2943237,39.9909544],[116.2944598,39.9910602]]]},"properties":{"layer":"building"}},{"type":"Feature","geometry":{"type":"Polygon","coordinates":[[[116.2958356,39.9875335],[116.2954992,39.9875127],[116.2954892,39.9876082],[116.2956586,39.9876186],[116.2956424,39.9877732],[116.2958086,39.9877835],[116.2958135,39.9877368],[116.2958356,39.9875335]]]},"properties":{"layer":"building"}},{"type":"Feature","geometry":{"type":"Polygon","coordinates":[[[116.2957336,39.9884263],[116.2957214,39.9885495],[116.2958725,39.9885583],[116.2958846,39.9884351],[116.2957336,39.9884263]]]},"properties":{"layer":"building"}},{"type":"Feature","geometry":{"type":"Polygon","coordinates":[[[116.2957665,39.9886133],[116.2957599,39.9887247],[116.29598,39.9887323],[116.295989,39.9885809],[116.2958567,39.9885763],[116.2958543,39.9886163],[116.2957665,39.9886133]]]},"properties":{"layer":"building"}},{"type":"Feature","geometry":{"type":"Polygon","coordinates":[[[116.3004813,39.9950191],[116.3005812,39.9950172],[116.3005784,39.9949331],[116.3004785,39.9949351],[116.3004813,39.9950191]]]},"properties":{"layer":"building"}},{"type":"Feature","geometry":{"type":"Polygon","coordinates":[[[116.3093474,40.0005645],[116.3093599,39.9999399],[116.3095961,39.9999427],[116.3095836,40.0005672],[116.3093474,40.0005645]]]},"properties":{"layer":"building"}},{"type":"Feature","geometry":{"type":"Polygon","coordinates":[[[116.3094534,39.9994295],[116.3094849,39.9991601],[116.3097931,39.9991812],[116.3097616,39.9994506],[116.3094534,39.9994295]]]},"properties":{"layer":"building"}},{"type":"Feature","geometry":{"type":"Polygon","coordinates":[[[116.2969984,39.9904289],[116.2969663,39.9907372],[116.2970239,39.9907408],[116.2970268,39.9907126],[116.297056,39.9907143],[116.2970529,39.9907442],[116.2975004,39.9907712],[116.2975054,39.9907222],[116.2976025,39.990728],[116.2976009,39.9907443],[116.2979104,39.9907627],[116.2979066,39.9908006],[116.2978389,39.9907966],[116.2978234,39.9909509],[116.297996,39.9909611],[116.2980309,39.9906128],[116.2979355,39.9906072],[116.2979334,39.9906283],[116.2975172,39.990604],[116.2975118,39.9906582],[116.297481,39.9906564],[116.2974828,39.9906387],[116.2970679,39.9906148],[116.2970728,39.9905659],[116.2971634,39.9905711],[116.2971761,39.9904424],[116.2969984,39.9904289]]]},"properties":{"layer":"building"}},{"type":"Feature","geometry":{"type":"Polygon","coordinates":[[[116.2979898,39.9899467],[116.2980296,39.989949],[116.2980269,39.989977],[116.2980942,39.9899808],[116.2981024,39.9898963],[116.2980172,39.9898915],[116.2980213,39.9898494],[116.297475,39.9898185],[116.2974795,39.9897713],[116.29712,39.989751],[116.2971139,39.9898143],[116.2970813,39.9898124],[116.297074,39.9898886],[116.2970501,39.9898872],[116.2970334,39.9900604],[116.2972475,39.9900725],[116.297263,39.9899117],[116.2971799,39.989907],[116.2971807,39.9898996],[116.2973815,39.989911],[116.2973829,39.989897],[116.2974864,39.9899029],[116.2974805,39.9899627],[116.2979854,39.9899916],[116.2979898,39.9899467]]]},"properties":{"layer":"building"}},{"type":"Feature","geometry":{"type":"Polygon","coordinates":[[[116.2969834,39.9908389],[116.2971713,39.9908543],[116.2971444,39.9910336],[116.2972994,39.9910354],[116.2972975,39.9910578],[116.2973718,39.9910615],[116.2973763,39.9910098],[116.297882,39.9910353],[116.2978784,39.991078],[116.2979024,39.9910792],[116.297905,39.9910487],[116.2979808,39.9910525],[116.2979732,39.9911409],[116.2978738,39.9911359],[116.2978701,39.9911791],[116.2973508,39.991153],[116.2973473,39.9911938],[116.2972909,39.991191],[116.2972924,39.9911725],[116.2969988,39.9911601],[116.2970086,39.9910972],[116.2970048,39.9909994],[116.296961,39.9909939],[116.2969834,39.9908389]]]},"properties":{"layer":"building"}},{"type":"Feature","geometry":{"type":"Polygon","coordinates":[[[116.2994212,39.9958933],[116.299796,39.9958812],[116.2997956,39.9959442],[116.3001416,39.9959453],[116.3001412,39.9960218],[116.2995767,39.9960247],[116.2994263,39.9960029],[116.2994212,39.9958933]]]},"properties":{"layer":"building"}},{"type":"Feature","geometry":{"type":"Polygon","coordinates":[[[116.3095558,39.9989856],[116.3095606,39.9988962],[116.3097712,39.9989028],[116.3097664,39.9989922],[116.3095558,39.9989856]]]},"properties":{"layer":"building"}},{"type":"Feature","geometry":{"type":"Polygon","coordinates":[[[116.3098336,39.9999397],[116.3092846,39.9999137],[116.3092963,39.9997692],[116.3098453,39.9997952],[116.3098336,39.9999397]]]},"properties":{"layer":"building"}},{"type":"Feature","geometry":{"type":"Polygon","coordinates":[[[116.2990927,39.9833047],[116.2991195,39.9832344],[116.2990611,39.9832213],[116.2990342,39.9832917],[116.2990927,39.9833047]]]},"properties":{"layer":"building"}},{"type":"Feature","geometry":{"type":"Polygon","coordinates":[[[116.3016463,39.9965506],[116.3018806,39.9967775],[116.3020052,39.996702],[116.301771,39.9964751],[116.3016463,39.9965506]]]},"properties":{"layer":"building"}},{"type":"Feature","geometry":{"type":"Polygon","coordinates":[[[116.3026755,39.9974032],[116.3026299,39.997463],[116.302923,39.9975942],[116.3029687,39.9975344],[116.3026755,39.9974032]]]},"properties":{"layer":"building"}},{"type":"Feature","geometry":{"type":"Polygon","coordinates":[[[116.3061504,39.9975412],[116.3067243,39.9976012],[116.3067428,39.9974971],[116.306169,39.9974371],[116.3061504,39.9975412]]]},"properties":{"layer":"building"}},{"type":"Feature","geometry":{"type":"Polygon","coordinates":[[[116.3053107,39.9950495],[116.3052826,39.9952372],[116.3054394,39.9952509],[116.3054555,39.9951432],[116.3054674,39.9950632],[116.3053107,39.9950495]]]},"properties":{"layer":"building"}},{"type":"Feature","geometry":{"type":"Polygon","coordinates":[[[116.3059444,39.9954087],[116.3059283,39.9955126],[116.3062022,39.9955375],[116.3062183,39.9954336],[116.3059444,39.9954087]]]},"properties":{"layer":"building"}},{"type":"Feature","geometry":{"type":"Polygon","coordinates":[[[116.3023432,39.9946555],[116.3023347,39.9948251],[116.3024008,39.994827],[116.3024019,39.994804],[116.3025932,39.9948097],[116.3025964,39.9947453],[116.3024074,39.9947398],[116.3024116,39.9946576],[116.3023432,39.9946555]]]},"properties":{"layer":"building"}},{"type":"Feature","geometry":{"type":"Polygon","coordinates":[[[116.3026517,39.9946485],[116.3026446,39.994845],[116.3027246,39.9948467],[116.3027257,39.9948172],[116.3029305,39.9948215],[116.3029363,39.994661],[116.3028841,39.9946599],[116.3028803,39.9947675],[116.3027253,39.9947642],[116.3027294,39.9946502],[116.3026517,39.9946485]]]},"properties":{"layer":"building"}},{"type":"Feature","geometry":{"type":"Polygon","coordinates":[[[116.3027647,39.9951066],[116.3027598,39.9953121],[116.3029725,39.995315],[116.3029716,39.9953552],[116.3033689,39.9953608],[116.3033702,39.9953058],[116.3032947,39.9953047],[116.3032956,39.9952664],[116.3031488,39.9952643],[116.3031481,39.9952926],[116.3029925,39.9952904],[116.3029968,39.9951099],[116.3027647,39.9951066]]]},"properties":{"layer":"building"}},{"type":"Feature","geometry":{"type":"Polygon","coordinates":[[[116.3032984,39.9951266],[116.3032941,39.9952502],[116.3033729,39.9952519],[116.3033772,39.9951282],[116.3032984,39.9951266]]]},"properties":{"layer":"building"}},{"type":"Feature","geometry":{"type":"Polygon","coordinates":[[[116.3012778,39.996122],[116.3012622,39.9962266],[116.3015444,39.9962513],[116.3015361,39.9963065],[116.3014336,39.9962975],[116.3014242,39.9963604],[116.3015072,39.9963677],[116.3014959,39.9964432],[116.3016322,39.9964552],[116.3016768,39.996157],[116.3012778,39.996122]]]},"properties":{"layer":"building"}},{"type":"Feature","geometry":{"type":"Polygon","coordinates":[[[116.3063408,39.9927752],[116.3063348,39.9930059],[116.3064091,39.9930641],[116.3066782,39.9930683],[116.3066744,39.9932118],[116.3068884,39.9932151],[116.3068962,39.99292],[116.3070266,39.992922],[116.3070302,39.9927858],[116.3063408,39.9927752]]]},"properties":{"layer":"building"}},{"type":"Feature","geometry":{"type":"Polygon","coordinates":[[[116.3061561,39.9930867],[116.3061268,39.9931796],[116.3062261,39.993198],[116.3062344,39.9931718],[116.3065261,39.9932258],[116.3065471,39.9931591],[116.3061561,39.9930867]]]},"properties":{"layer":"building"}},{"type":"Feature","geometry":{"type":"Polygon","coordinates":[[[116.3004444,39.9907704],[116.3004819,39.990771],[116.3005283,39.9907724],[116.3006059,39.9907737],[116.3006169,39.9904014],[116.3005572,39.9904004],[116.3004963,39.9903961],[116.3004556,39.9903954],[116.3004444,39.9907704]]]},"properties":{"layer":"building"}},{"type":"Feature","geometry":{"type":"Polygon","coordinates":[[[116.3005329,39.9909779],[116.300534,39.990943],[116.3005376,39.9908127],[116.3009404,39.9908198],[116.3009355,39.990985],[116.3005329,39.9909779]]]},"properties":{"layer":"building"}},{"type":"Feature","geometry":{"type":"Polygon","coordinates":[[[116.3005534,39.9899124],[116.3005527,39.9899372],[116.300542,39.9903337],[116.3005591,39.9903334],[116.3009449,39.9903401],[116.3009455,39.9903201],[116.3009803,39.9903207],[116.3009919,39.9899199],[116.3005534,39.9899124]]]},"properties":{"layer":"building"}},{"type":"Feature","geometry":{"type":"Polygon","coordinates":[[[116.301063,39.9890211],[116.3010554,39.9891221],[116.3012393,39.9891285],[116.3012682,39.9886385],[116.3005821,39.9886148],[116.3005711,39.9888026],[116.3007101,39.9888087],[116.301073,39.9888192],[116.301063,39.9890211]]]},"properties":{"layer":"building"}},{"type":"Feature","geometry":{"type":"Polygon","coordinates":[[[116.3002466,39.9934834],[116.3003001,39.9934841],[116.3005256,39.9934866],[116.3005826,39.9934873],[116.3005896,39.9931498],[116.3005314,39.9931491],[116.3003072,39.9931464],[116.3002537,39.9931457],[116.3002466,39.9934834]]]},"properties":{"layer":"building"}},{"type":"Feature","geometry":{"type":"Polygon","coordinates":[[[116.3045555,39.9923881],[116.3045665,39.9922041],[116.3047262,39.9922098],[116.3047152,39.9923938],[116.3045555,39.9923881]]]},"properties":{"layer":"building"}},{"type":"Feature","geometry":{"type":"Polygon","coordinates":[[[116.3048382,39.9922881],[116.30492,39.9922897],[116.3051263,39.9922935],[116.305223,39.9922953],[116.3052251,39.9922311],[116.3051286,39.9922292],[116.3049223,39.9922254],[116.3048403,39.9922238],[116.3048382,39.9922881]]]},"properties":{"layer":"building"}},{"type":"Feature","geometry":{"type":"Polygon","coordinates":[[[116.30492,39.9922897],[116.3049223,39.9922254],[116.3051286,39.9922292],[116.3051263,39.9922935],[116.30492,39.9922897]]]},"properties":{"layer":"building"}},{"type":"Feature","geometry":{"type":"Polygon","coordinates":[[[116.3052419,39.9885799],[116.3052459,39.9885419],[116.3052955,39.988544],[116.3052915,39.988582],[116.3052419,39.9885799]]]},"properties":{"layer":"building"}},{"type":"Feature","geometry":{"type":"Polygon","coordinates":[[[116.3083961,39.986916],[116.3083814,39.9872828],[116.3086624,39.987286],[116.3086847,39.9869223],[116.3083961,39.986916]]]},"properties":{"layer":"building"}},{"type":"Feature","geometry":{"type":"Polygon","coordinates":[[[116.299656,39.9883822],[116.2996614,39.9882609],[116.3002139,39.9882815],[116.3002085,39.9883986],[116.299656,39.9883822]]]},"properties":{"layer":"building"}},{"type":"Feature","geometry":{"type":"Polygon","coordinates":[[[116.3036003,39.9857515],[116.303603,39.985622],[116.3040133,39.9856385],[116.304008,39.9857659],[116.3036003,39.9857515]]]},"properties":{"layer":"building"}},{"type":"Feature","geometry":{"type":"Polygon","coordinates":[[[116.3028841,39.9857186],[116.3033884,39.985733],[116.3034018,39.9855563],[116.3028975,39.9855398],[116.3028841,39.9857186]]]},"properties":{"layer":"building"}},{"type":"Feature","geometry":{"type":"Polygon","coordinates":[[[116.3018166,39.9857104],[116.3020392,39.9857145],[116.3020473,39.9855275],[116.3018247,39.9855213],[116.3018166,39.9857104]]]},"properties":{"layer":"building"}},{"type":"Feature","geometry":{"type":"Polygon","coordinates":[[[116.3008591,39.9856672],[116.3010146,39.9856755],[116.301028,39.9855028],[116.3008698,39.9854926],[116.3008591,39.9856672]]]},"properties":{"layer":"building"}},{"type":"Feature","geometry":{"type":"Polygon","coordinates":[[[116.3082036,39.9966561],[116.3082934,39.9966604],[116.3084314,39.9966671],[116.3085219,39.9966715],[116.3085787,39.9959853],[116.3084906,39.995981],[116.3083699,39.9959751],[116.3082602,39.9959698],[116.3082036,39.9966561]]]},"properties":{"layer":"building"}},{"type":"Feature","geometry":{"type":"Polygon","coordinates":[[[116.3128958,39.9939489],[116.31291,39.9937258],[116.3118127,39.993685],[116.3118059,39.9937921],[116.3123108,39.9938108],[116.3122947,39.9940641],[116.3125527,39.9940737],[116.3125705,39.9937929],[116.3127511,39.9937997],[116.3127419,39.9939432],[116.3128958,39.9939489]]]},"properties":{"layer":"building"}},{"type":"Feature","geometry":{"type":"Polygon","coordinates":[[[116.3002307,39.9946875],[116.3002321,39.9946299],[116.3003424,39.9946302],[116.3003388,39.9946878],[116.3002307,39.9946875]]]},"properties":{"layer":"building"}},{"type":"Feature","geometry":{"type":"Polygon","coordinates":[[[116.3094398,39.9897971],[116.3094429,39.9897242],[116.3095123,39.989726],[116.3095092,39.9897988],[116.3094398,39.9897971]]]},"properties":{"layer":"building"}},{"type":"Feature","geometry":{"type":"Polygon","coordinates":[[[116.3094047,39.9901127],[116.3094078,39.9900399],[116.3094773,39.9900416],[116.3094742,39.9901145],[116.3094047,39.9901127]]]},"properties":{"layer":"building"}},{"type":"Feature","geometry":{"type":"Polygon","coordinates":[[[116.3136486,39.9889755],[116.3136602,39.9887473],[116.3134976,39.9887436],[116.3134884,39.9889727],[116.3136486,39.9889755]]]},"properties":{"layer":"building"}},{"type":"Feature","geometry":{"type":"Polygon","coordinates":[[[116.2955862,39.9843349],[116.2960623,39.9843398],[116.2960753,39.9842927],[116.2965255,39.9843125],[116.2969076,39.9843076],[116.2968558,39.9849701],[116.2959684,39.9848858],[116.2959911,39.9846996],[116.2955441,39.9846575],[116.2955862,39.9843349]]]},"properties":{"layer":"building"}},{"type":"Feature","geometry":{"type":"Polygon","coordinates":[[[116.3007242,39.9834817],[116.3005197,39.9834532],[116.3004767,39.9833903],[116.3004787,39.9832903],[116.3010418,39.981538],[116.3011845,39.9815499],[116.3008475,39.9825533],[116.3010533,39.9825907],[116.3007242,39.9834817]]]},"properties":{"layer":"building"}},{"type":"Feature","geometry":{"type":"Polygon","coordinates":[[[116.3045595,39.9981945],[116.3046045,39.9980794],[116.3047289,39.9981079],[116.3046839,39.998223],[116.3045595,39.9981945]]]},"properties":{"layer":"building"}},{"type":"Feature","geometry":{"type":"Polygon","coordinates":[[[116.3103736,39.9863147],[116.3106978,39.9863362],[116.310704,39.9862812],[116.3110404,39.9863034],[116.3110609,39.986121],[116.3106063,39.9860909],[116.3106521,39.9856843],[116.3109259,39.9857024],[116.3109418,39.9855617],[116.3104621,39.98553],[116.3103736,39.9863147]]]},"properties":{"layer":"building"}},{"type":"Feature","geometry":{"type":"Polygon","coordinates":[[[116.2981444,39.9856332],[116.2981538,39.9855667],[116.2987061,39.985613],[116.2987012,39.9856478],[116.2986967,39.9856794],[116.2982334,39.9856406],[116.2981444,39.9856332]]]},"properties":{"layer":"building"}},{"type":"Feature","geometry":{"type":"Polygon","coordinates":[[[116.3017705,39.984955],[116.3019589,39.9849586],[116.3019611,39.9848896],[116.3017727,39.9848861],[116.3017705,39.984955]]]},"properties":{"layer":"building"}},{"type":"Feature","geometry":{"type":"Polygon","coordinates":[[[116.3074998,39.9845908],[116.3075046,39.9844785],[116.3077542,39.9844842],[116.3077474,39.9845954],[116.3074998,39.9845908]]]},"properties":{"layer":"building"}},{"type":"Feature","geometry":{"type":"Polygon","coordinates":[[[116.3066683,39.9849921],[116.3071207,39.984997],[116.3071243,39.9848962],[116.3066719,39.9848934],[116.3066683,39.9849921]]]},"properties":{"layer":"building"}},{"type":"Feature","geometry":{"type":"Polygon","coordinates":[[[116.2958538,39.9865881],[116.2959058,39.9865916],[116.2959302,39.9863791],[116.2958781,39.9863756],[116.2958538,39.9865881]]]},"properties":{"layer":"building"}},{"type":"Feature","geometry":{"type":"Polygon","coordinates":[[[116.30229,39.984588],[116.3024689,39.984589],[116.3024697,39.9845002],[116.3022908,39.9844993],[116.30229,39.984588]]]},"properties":{"layer":"building"}},{"type":"Feature","geometry":{"type":"Polygon","coordinates":[[[116.2997087,39.9853077],[116.3000291,39.9853222],[116.3000361,39.9852324],[116.2997157,39.9852178],[116.2997087,39.9853077]]]},"properties":{"layer":"building"}},{"type":"Feature","geometry":{"type":"Polygon","coordinates":[[[116.2981933,39.9878124],[116.2983425,39.9878243],[116.2983708,39.9877591],[116.2984701,39.9877672],[116.2984499,39.9879132],[116.2985666,39.9879226],[116.2987223,39.9867949],[116.2986561,39.9867896],[116.2986172,39.9870733],[116.2984523,39.9870601],[116.2985055,39.9866715],[116.298762,39.9866921],[116.2987874,39.9865057],[116.2984247,39.9864751],[116.2984168,39.9865258],[116.2983809,39.9867552],[116.2983461,39.9867517],[116.2983396,39.9867969],[116.2981933,39.9878124]]]},"properties":{"layer":"building"}},{"type":"Feature","geometry":{"type":"Polygon","coordinates":[[[116.3030687,39.9909693],[116.3030748,39.9908609],[116.3033938,39.9908715],[116.3034066,39.9906442],[116.3030876,39.9906336],[116.3030997,39.990419],[116.3034187,39.9904295],[116.3034323,39.9901878],[116.3031133,39.9901772],[116.3031201,39.990056],[116.3034684,39.9900675],[116.303531,39.9900696],[116.3042168,39.9900923],[116.3042143,39.9901379],[116.304344,39.9901422],[116.3043827,39.9901435],[116.3043898,39.990018],[116.3044474,39.9900199],[116.3044499,39.9899748],[116.3047143,39.9899836],[116.3047031,39.9901827],[116.3044387,39.9901739],[116.3044141,39.9906112],[116.3043967,39.9909199],[116.3046542,39.9909284],[116.3046431,39.9911256],[116.3043856,39.9911171],[116.3043877,39.9910803],[116.3043301,39.9910784],[116.3043363,39.9909673],[116.3041679,39.9909617],[116.3041654,39.9910055],[116.3034445,39.9909817],[116.3030687,39.9909693]]]},"properties":{"layer":"building"}},{"type":"Feature","geometry":{"type":"Polygon","coordinates":[[[116.3088257,39.9885663],[116.3088212,39.9886354],[116.3083072,39.9886161],[116.3083119,39.9885434],[116.3082326,39.9885404],[116.3082568,39.9881611],[116.3083524,39.9881646]]]},"properties":{"layer":"building"}},{"type":"Feature","geometry":{"type":"Polygon","coordinates":[[[116.3083524,39.9881646],[116.3083563,39.9881029],[116.3088619,39.9881218],[116.3088574,39.9881921],[116.3089261,39.9881947],[116.3089021,39.9885692],[116.3088257,39.9885663]]]},"properties":{"layer":"building"}},{"type":"Feature","geometry":{"type":"Polygon","coordinates":[[[116.3012393,39.9891285],[116.3010554,39.9891221],[116.3006858,39.9891093],[116.30069,39.9890423],[116.3005572,39.9890374],[116.3005711,39.9888026],[116.3005821,39.9886148]]]},"properties":{"layer":"building"}},{"type":"Feature","geometry":{"type":"Polygon","coordinates":[[[116.3033599,39.9879089],[116.3032558,39.9879074],[116.3032569,39.9878609],[116.3031879,39.9878599],[116.3031896,39.9877922],[116.3032526,39.9877931],[116.3032536,39.9877507],[116.3035583,39.9877551],[116.3035576,39.9877826],[116.3036229,39.9877836],[116.3036208,39.9878715],[116.3035537,39.9878705]]]},"properties":{"layer":"building"}},{"type":"Feature","geometry":{"type":"Polygon","coordinates":[[[116.3035537,39.9878705],[116.3035526,39.9879176],[116.3034719,39.9879164],[116.3034713,39.987943],[116.303531,39.9879438],[116.3035298,39.987996],[116.3032904,39.9879927],[116.3032914,39.9879484],[116.3033589,39.9879493],[116.3033599,39.9879089]]]},"properties":{"layer":"building"}},{"type":"Feature","geometry":{"type":"Polygon","coordinates":[[[116.3107658,39.9915434],[116.3103192,39.9915212],[116.31034,39.9911787],[116.3101341,39.9911695],[116.3101055,39.9911897],[116.3100918,39.9912229],[116.3100398,39.9920559],[116.3102521,39.9920598],[116.3102533,39.9919358],[116.3101552,39.9919362],[116.3101604,39.9918148],[116.3119255,39.9919026],[116.3119701,39.9912454],[116.310787,39.9911844],[116.3107658,39.9915434]]]},"properties":{"layer":"building"}},{"type":"Feature","geometry":{"type":"Polygon","coordinates":[[[116.3082485,39.9935927],[116.3083712,39.9928961],[116.3078879,39.9928461],[116.3077652,39.9935428],[116.3082485,39.9935927]]]},"properties":{"layer":"building"}},{"type":"Feature","geometry":{"type":"Polygon","coordinates":[[[116.308381,39.9936284],[116.3083928,39.9935329],[116.3086936,39.9935545],[116.3087077,39.9934249],[116.3084186,39.9934051],[116.3084492,39.993072],[116.3086207,39.993081],[116.308619,39.9930966],[116.3087641,39.9931044],[116.3087735,39.9929711],[116.3084915,39.9929549],[116.3084985,39.9928667],[116.3088558,39.9928847],[116.3088887,39.9928991],[116.3088816,39.9932034],[116.3088511,39.9932034],[116.3088323,39.9933817],[116.3088581,39.9933835],[116.3088299,39.9936896],[116.308381,39.9936284]]]},"properties":{"layer":"building"}},{"type":"Feature","geometry":{"type":"Polygon","coordinates":[[[116.3089396,39.9901571],[116.3089442,39.990084],[116.308692,39.9900746],[116.308172,39.990057],[116.3081684,39.9901203],[116.3080787,39.9901173],[116.3080731,39.9902132],[116.3080522,39.9905481],[116.3081978,39.990553],[116.308192,39.9906546],[116.3086643,39.9906706],[116.3086684,39.9905994],[116.3087404,39.9906018],[116.3087749,39.990603],[116.3087929,39.9902909],[116.308794,39.9902721],[116.3089713,39.9902781],[116.3089783,39.9901585],[116.3089396,39.9901571]]]},"properties":{"layer":"building"}},{"type":"Feature","geometry":{"type":"Polygon","coordinates":[[[116.3046777,39.9862643],[116.3052763,39.98629],[116.3052683,39.9863926],[116.3048699,39.9863792],[116.3046695,39.9863724],[116.3046777,39.9862643]]]},"properties":{"layer":"building"}},{"type":"Feature","geometry":{"type":"Polygon","coordinates":[[[116.3046515,39.9868157],[116.3048459,39.986824],[116.3052501,39.9868414],[116.3052421,39.986944],[116.3046433,39.9869238],[116.3046515,39.9868157]]]},"properties":{"layer":"building"}},{"type":"Feature","geometry":{"type":"Polygon","coordinates":[[[116.3047293,39.9858585],[116.3050186,39.9858709],[116.3053279,39.9858841],[116.3053199,39.9859868],[116.3047212,39.9859666],[116.3047293,39.9858585]]]},"properties":{"layer":"building"}},{"type":"Feature","geometry":{"type":"Polygon","coordinates":[[[116.3047612,39.985346],[116.3053598,39.9853716],[116.3053518,39.9854743],[116.3050499,39.9854641],[116.304753,39.9854541],[116.3047612,39.985346]]]},"properties":{"layer":"building"}},{"type":"Feature","geometry":{"type":"Polygon","coordinates":[[[116.3045842,39.986409],[116.3047546,39.9864156],[116.3047368,39.9866065],[116.3047218,39.9867678],[116.3045513,39.9867611],[116.3045842,39.986409]]]},"properties":{"layer":"building"}},{"type":"Feature","geometry":{"type":"Polygon","coordinates":[[[116.30463,39.9854696],[116.3048004,39.9854763],[116.3047804,39.9856913],[116.3047676,39.9858284],[116.3045971,39.9858218],[116.30463,39.9854696]]]},"properties":{"layer":"building"}},{"type":"Feature","geometry":{"type":"Polygon","coordinates":[[[116.3067698,39.9890498],[116.306811,39.9890515],[116.3068063,39.9891152],[116.3067652,39.9891134],[116.3067552,39.9892522],[116.3067963,39.989254],[116.3067923,39.9893101],[116.3067512,39.9893083],[116.3067417,39.9894398],[116.3067587,39.9894405],[116.3067527,39.9895238],[116.3067362,39.9895231],[116.306732,39.9895823],[116.3067292,39.9896217],[116.3067457,39.9896224],[116.3067393,39.9897134],[116.3067229,39.9897127],[116.3067146,39.9898322],[116.3066989,39.9898315],[116.3066954,39.9898842],[116.3067359,39.9898858],[116.3067328,39.9899306],[116.3069829,39.9899405],[116.3069849,39.9899105],[116.3074853,39.9899303],[116.3075589,39.989871],[116.3077338,39.9898784],[116.3077534,39.9896074],[116.3075036,39.9895968],[116.3075191,39.9893817],[116.3074643,39.9893794],[116.3074676,39.9893341],[116.3074912,39.9890067],[116.3074433,39.9890047],[116.3074488,39.9889291],[116.3069366,39.9889074],[116.3069349,39.9889302],[116.3067789,39.9889236],[116.3067698,39.9890498]]]},"properties":{"layer":"building"}},{"type":"Feature","geometry":{"type":"Polygon","coordinates":[[[116.3081843,39.9908798],[116.3082306,39.9908801],[116.3082302,39.9908633],[116.30878,39.990878],[116.3087532,39.9912397],[116.3089302,39.9912438],[116.3089247,39.9913769],[116.308876,39.991377],[116.3088735,39.9914076],[116.3082369,39.9913858],[116.3082388,39.9913452],[116.3081543,39.9913437],[116.3081668,39.9909196],[116.3081841,39.9909195],[116.3081843,39.9908798]]]},"properties":{"layer":"building"}},{"type":"Feature","geometry":{"type":"Polygon","coordinates":[[[116.3080484,39.9952802],[116.3078729,39.9952754],[116.3078738,39.9953486],[116.3078474,39.9953477],[116.3078359,39.9955206],[116.3078967,39.9955206],[116.3078957,39.9955478],[116.3079246,39.9955473],[116.3079245,39.9956005],[116.3079409,39.9956008],[116.3079407,39.9956322],[116.3078402,39.9956306],[116.307841,39.9956674],[116.3077458,39.9956638],[116.3077448,39.9956892],[116.3076392,39.9956867],[116.3076393,39.9956557],[116.3072778,39.9956369],[116.3072908,39.9954928],[116.3073534,39.995492],[116.3073664,39.9953272],[116.3073678,39.9952889],[116.3073817,39.9952562],[116.3074071,39.9952291],[116.3074338,39.9952076],[116.3074605,39.9951926],[116.3074986,39.995181],[116.3075002,39.9951505],[116.3076049,39.9951476],[116.3076036,39.9951676],[116.307683,39.9951683],[116.3076846,39.9951547],[116.3078978,39.9951652],[116.3078978,39.9952],[116.3080545,39.995204]]]},"properties":{"layer":"building"}},{"type":"Feature","geometry":{"type":"Polygon","coordinates":[[[116.3080545,39.995204],[116.3081338,39.9952048],[116.3081334,39.9951839],[116.3083415,39.9951909],[116.3083405,39.9952057],[116.3084031,39.9952093],[116.3084456,39.9952139],[116.3084889,39.9952236],[116.3085274,39.9952344],[116.3085571,39.9952445],[116.3085834,39.9952622],[116.3086071,39.9952524],[116.3086271,39.995272],[116.3086397,39.9952875],[116.3086513,39.9953076],[116.30866,39.9953268],[116.308664,39.9957152],[116.3082452,39.9957003],[116.3082446,39.9956936],[116.3082307,39.9956934],[116.3082299,39.9956757],[116.3081674,39.9956773],[116.3081534,39.9956728],[116.308139,39.9956634],[116.3081271,39.9956536],[116.3081212,39.9956429],[116.3081176,39.9956338],[116.3081167,39.9956182],[116.30807,39.9956178],[116.3080734,39.995531],[116.3081062,39.9955311],[116.3081242,39.9952825],[116.3080484,39.9952802]]]},"properties":{"layer":"building"}},{"type":"Feature","geometry":{"type":"Polygon","coordinates":[[[116.3053613,39.9896746],[116.3054964,39.9896795],[116.3054947,39.9897068],[116.3057237,39.9897152],[116.3057253,39.9896887],[116.3057482,39.9896895],[116.3057466,39.9897162],[116.3059922,39.9897253],[116.3059938,39.9896994],[116.3060125,39.9897],[116.3060109,39.9897261],[116.3061713,39.989732],[116.3061729,39.9897065],[116.3062188,39.9897081],[116.3062573,39.9890893],[116.3054157,39.9890586],[116.3054132,39.9890999],[116.3053709,39.9890984],[116.3053605,39.9892643],[116.3056523,39.9892749],[116.3056359,39.9895383],[116.30551,39.9895337],[116.3055087,39.9895544],[116.3053691,39.9895493],[116.3053613,39.9896746]]]},"properties":{"layer":"building"}},{"type":"Feature","geometry":{"type":"Polygon","coordinates":[[[116.3066042,39.9915012],[116.3066187,39.9912974],[116.3066394,39.9912982],[116.3066532,39.9911048],[116.3066546,39.9910859],[116.3066384,39.9910853],[116.3066536,39.9908733],[116.3074183,39.9909055],[116.3074037,39.991109],[116.3073879,39.9911084],[116.3073723,39.9913255],[116.3073962,39.9913265],[116.3073815,39.9915337],[116.3066042,39.9915012]]]},"properties":{"layer":"building"}},{"type":"Feature","geometry":{"type":"Polygon","coordinates":[[[116.3081425,39.9944464],[116.3084219,39.9945158],[116.3086103,39.9940708],[116.3083307,39.9940014],[116.3081425,39.9944464]]]},"properties":{"layer":"building"}},{"type":"Feature","geometry":{"type":"Polygon","coordinates":[[[116.3031364,39.994962],[116.3031729,39.9946936],[116.3040916,39.9947671],[116.3040551,39.9950353],[116.3031364,39.994962]]]},"properties":{"layer":"building"}},{"type":"Feature","geometry":{"type":"Polygon","coordinates":[[[116.3075536,39.9975604],[116.3074348,39.998086],[116.3077277,39.9981278],[116.308066,39.997986],[116.3082223,39.9978338],[116.3082754,39.9977024],[116.308371,39.9977094],[116.3084014,39.9975269],[116.3074297,39.9973908],[116.3074021,39.9975349],[116.3075536,39.9975604]]]},"properties":{"layer":"building"}},{"type":"Feature","geometry":{"type":"Polygon","coordinates":[[[116.3034869,39.9951836],[116.3034023,39.9956344],[116.3034683,39.9956417],[116.3034545,39.9957149],[116.3036448,39.9957358],[116.3036567,39.9956668],[116.3037473,39.9956776],[116.3037519,39.995653],[116.3039696,39.9956769],[116.3039857,39.9955907],[116.3037979,39.9955701],[116.3038091,39.9955101],[116.3040077,39.9955319],[116.3040262,39.9954327],[116.3038118,39.9954091],[116.3038327,39.9952974],[116.304049,39.9953212],[116.304063,39.995247],[116.3034869,39.9951836]]]},"properties":{"layer":"building"}},{"type":"Feature","geometry":{"type":"Polygon","coordinates":[[[116.3041285,39.9953271],[116.304028,39.9958678],[116.3044775,39.9959169],[116.3045781,39.9953762],[116.3041285,39.9953271]]]},"properties":{"layer":"building"}},{"type":"Feature","geometry":{"type":"Polygon","coordinates":[[[116.3077338,39.9898784],[116.3078907,39.9898828],[116.3079738,39.9899465],[116.3079556,39.9901468],[116.3080407,39.990212],[116.3080731,39.9902132],[116.3080522,39.9905481],[116.3080447,39.9906669],[116.3087348,39.9906922],[116.3087404,39.9906018],[116.3087749,39.990603],[116.3087929,39.9902909],[116.3089694,39.9902974],[116.3089713,39.9902781],[116.3089783,39.9901585],[116.3089396,39.9901571],[116.3089442,39.990084],[116.308692,39.9900746],[116.3087067,39.9898307],[116.3088067,39.9898345],[116.3088099,39.9897862],[116.3088862,39.9897891],[116.3089181,39.9892924],[116.3088293,39.9892891],[116.3088325,39.9892398],[116.3088331,39.9892301],[116.3088381,39.9891539],[116.3087505,39.9891506],[116.3086324,39.9891461],[116.3086275,39.9892224],[116.3085293,39.9892186],[116.3082968,39.9892098],[116.3082954,39.9892309],[116.3081093,39.9892237],[116.3080997,39.9893686],[116.3080829,39.9896232],[116.3077534,39.9896074],[116.3077338,39.9898784]]]},"properties":{"layer":"building"}},{"type":"Feature","geometry":{"type":"Polygon","coordinates":[[[116.3081903,39.9897444],[116.3083298,39.9897497],[116.3083255,39.9898163],[116.3087067,39.9898307],[116.3088067,39.9898345],[116.3088099,39.9897862],[116.3088862,39.9897891],[116.3089181,39.9892924],[116.3088293,39.9892891],[116.3088325,39.9892398],[116.3088331,39.9892301],[116.3086275,39.9892224],[116.3085293,39.9892186],[116.3082968,39.9892098],[116.3082954,39.9892309],[116.3082904,39.9893093],[116.3082186,39.9893066],[116.3081903,39.9897444]]]},"properties":{"layer":"building"}},{"type":"Feature","geometry":{"type":"Polygon","coordinates":[[[116.3099256,39.9936839],[116.3100027,39.9928964],[116.3104822,39.992924],[116.3104791,39.9929564],[116.311488,39.9930146],[116.3114915,39.9929781],[116.311755,39.9929932],[116.3117519,39.9930255],[116.3118019,39.9930284],[116.3117853,39.9931988],[116.3117334,39.9931959],[116.3116796,39.9937496],[116.3114639,39.9937373],[116.3102433,39.9936677],[116.31024,39.993702],[116.3099256,39.9936839]]]},"properties":{"layer":"building"}},{"type":"Feature","geometry":{"type":"Polygon","coordinates":[[[116.3130098,39.9932286],[116.313051,39.9928198],[116.313576,39.9928509],[116.3135349,39.9932597],[116.3130098,39.9932286]]]},"properties":{"layer":"building"}},{"type":"Feature","geometry":{"type":"LineString","coordinates":[[116.2983116,39.9961848],[116.2983145,39.9960881],[116.2983165,39.996022]]},"properties":{"layer":"road","major":1}},{"type":"Feature","geometry":{"type":"LineString","coordinates":[[116.2983116,39.9961848],[116.2983984,39.9961924],[116.2984713,39.9961988],[116.3005863,39.9963839],[116.3008271,39.996426],[116.3009964,39.996476],[116.3012141,39.9966022],[116.3013297,39.9967128],[116.3015185,39.9968964],[116.3020741,39.9974562],[116.3023792,39.9977205],[116.3028742,39.9980034],[116.3029611,39.9980305],[116.3034024,39.9981681],[116.3039338,39.9983038],[116.3045709,39.9983993],[116.3052651,39.9984819],[116.3057643,39.9985174],[116.3059087,39.9985211],[116.3060491,39.9985305],[116.3061767,39.9985377],[116.3062961,39.9985416],[116.3063912,39.9985448],[116.30687,39.9985605],[116.3073919,39.9985752],[116.3087274,39.9985949],[116.3088778,39.9985968]]},"properties":{"layer":"road","major":1}},{"type":"Feature","geometry":{"type":"LineString","coordinates":[[116.2896528,39.9956574],[116.2906712,39.9957437],[116.2925641,39.9959189],[116.2926404,39.9959234],[116.294103,39.9960077],[116.2943123,39.9960098],[116.2947088,39.9960146],[116.2948081,39.9960146],[116.2951226,39.9960164],[116.2953955,39.9960188],[116.2957588,39.9960305],[116.298147,39.9961748],[116.2983116,39.9961848]]},"properties":{"layer":"road","major":1}},{"type":"Feature","geometry":{"type":"LineString","coordinates":[[116.3102917,39.9840462],[116.3102677,39.9843816]]},"properties":{"layer":"road","major":1}},{"type":"Feature","geometry":{"type":"LineString","coordinates":[[116.3057643,39.9985174],[116.3057336,39.9986313],[116.3057151,39.9987003],[116.3056929,39.9987826],[116.3057219,39.9988566],[116.3056035,39.9993167],[116.3055256,39.9996131],[116.305442,40.0000611],[116.3053651,40.0001578],[116.3053044,40.000215],[116.3051067,40.0004775],[116.3049322,40.000746],[116.3048207,40.0009276],[116.3046782,40.001301],[116.3046661,40.0013501],[116.3045898,40.0015574]]},"properties":{"layer":"road","major":0}},{"type":"Feature","geometry":{"type":"LineString","coordinates":[[116.3100265,39.9843724],[116.3100563,39.9840355]]},"properties":{"layer":"road","major":1}},{"type":"Feature","geometry":{"type":"LineString","coordinates":[[116.3020377,39.9837065],[116.3020366,39.9836387],[116.3020334,39.9834434],[116.3020332,39.9833221],[116.3020329,39.9830503],[116.3020319,39.9823319],[116.3020306,39.9813117],[116.3020304,39.9811674],[116.3020657,39.9810877],[116.3021317,39.9799731],[116.302134,39.9798512],[116.3021775,39.9790133],[116.3021832,39.9789037],[116.3021877,39.9788168],[116.302232,39.9780017],[116.3022395,39.9778638],[116.3022519,39.9777743],[116.3026811,39.9768566],[116.3027447,39.9767175],[116.302795,39.9765855],[116.302813,39.9764236],[116.3028154,39.976358],[116.302832,39.9759735],[116.3028396,39.975798],[116.3028483,39.9755959],[116.3028901,39.9746287],[116.3028913,39.9746006],[116.3028943,39.9745711],[116.302899,39.9745015],[116.3029009,39.9744328]]},"properties":{"layer":"road","major":1}},{"type":"Feature","geometry":{"type":"LineString","coordinates":[[116.3091136,39.9944244],[116.309611,39.9944551]]},"properties":{"layer":"road","major":0}},{"type":"Feature","geometry":{"type":"LineString","coordinates":[[116.3071531,39.9916729],[116.3071094,39.9927443],[116.3071058,39.9928331],[116.3070893,39.9932385],[116.3070746,39.993371],[116.3070495,39.9935443],[116.3066043,39.9949843]]},"properties":{"layer":"road","major":0}},{"type":"Feature","geometry":{"type":"LineString","coordinates":[[116.3047211,39.9947539],[116.3030869,39.9945907],[116.3019462,39.9945728],[116.3012961,39.9946135],[116.3011639,39.9946141],[116.3005549,39.9946264]]},"properties":{"layer":"road","major":0}},{"type":"Feature","geometry":{"type":"LineString","coordinates":[[116.3005837,39.9936661],[116.3003518,39.9936661],[116.3002312,39.9936324],[116.3001288,39.993623],[116.2993248,39.9935979],[116.2992646,39.9935631],[116.2992284,39.9934871],[116.2991786,39.9933027],[116.2992283,39.9931849],[116.2993025,39.9930739],[116.2993652,39.9930361],[116.2994101,39.9929968],[116.2994191,39.9927301],[116.2994166,39.9926118],[116.2994217,39.9925153],[116.2994246,39.9924591],[116.2994347,39.9922036],[116.299766,39.9919259],[116.2999595,39.9917654]]},"properties":{"layer":"road","major":0}},{"type":"Feature","geometry":{"type":"LineString","coordinates":[[116.3045067,39.9880767],[116.3051395,39.9880888],[116.3052809,39.9880915]]},"properties":{"layer":"road","major":0}},{"type":"Feature","geometry":{"type":"LineString","coordinates":[[116.3096421,39.9908058],[116.309791,39.9907458]]},"properties":{"layer":"road","major":1}},{"type":"Feature","geometry":{"type":"LineString","coordinates":[[116.2986565,39.9908872],[116.2985685,39.9907377],[116.2985104,39.9904418],[116.2984603,39.9901865],[116.2985453,39.989623],[116.2985514,39.9895737],[116.2985638,39.9894731]]},"properties":{"layer":"road","major":1}},{"type":"Feature","geometry":{"type":"LineString","coordinates":[[116.295591,39.9932276],[116.2958277,39.9932283],[116.2959788,39.9932371],[116.2960919,39.9932569],[116.2961469,39.9933237],[116.2962151,39.9933821],[116.2963303,39.9934158],[116.2964112,39.9934395],[116.2966355,39.9935428],[116.2968335,39.9935584],[116.2974696,39.9935263],[116.2978608,39.9934429],[116.2979713,39.9933861],[116.2981019,39.9933191],[116.2982644,39.9933121],[116.2983114,39.9933092],[116.2983944,39.9933053]]},"properties":{"layer":"road","major":0}},{"type":"Feature","geometry":{"type":"LineString","coordinates":[[116.3054565,39.98527],[116.3054212,39.98571],[116.3053872,39.9861331],[116.3053601,39.9866329],[116.3053325,39.9871409],[116.3053048,39.9876515],[116.3052809,39.9880915],[116.3052159,39.9886173],[116.3051783,39.9889213],[116.3051682,39.9890055],[116.3051609,39.9891805],[116.3051551,39.9893198],[116.3051519,39.9893971],[116.3051374,39.9896187],[116.3051295,39.9897386],[116.3051105,39.9902074],[116.3050748,39.990637],[116.3050398,39.9910584]]},"properties":{"layer":"road","major":1}},{"type":"Feature","geometry":{"type":"LineString","coordinates":[[116.3060528,39.9861604],[116.3060381,39.9864178],[116.3060061,39.9869801]]},"properties":{"layer":"road","major":0}},{"type":"Feature","geometry":{"type":"LineString","coordinates":[[116.3067264,39.9843091],[116.3067203,39.9843836],[116.3067195,39.984394],[116.3067065,39.9846506],[116.3066185,39.9846473],[116.3065973,39.9850552],[116.3065955,39.9851432],[116.3065927,39.9851909]]},"properties":{"layer":"road","major":1}},{"type":"Feature","geometry":{"type":"LineString","coordinates":[[116.3120128,39.9960627],[116.3119459,39.9967356]]},"properties":{"layer":"road","major":0}},{"type":"Feature","geometry":{"type":"LineString","coordinates":[[116.3113993,39.9989283],[116.3107884,39.9988853],[116.3101932,39.9988482],[116.3101348,39.9993338],[116.3100201,40.0003121],[116.3099624,40.0006371]]},"properties":{"layer":"road","major":0}},{"type":"Feature","geometry":{"type":"LineString","coordinates":[[116.3047211,39.9947539],[116.3047324,39.9947059],[116.3047667,39.9946335],[116.3048311,39.9945448],[116.3048976,39.9944889],[116.305023,39.9943886],[116.3051097,39.9943192],[116.3051528,39.9942714],[116.3051885,39.9942375],[116.3054438,39.9936242],[116.3053945,39.9932263],[116.3053913,39.9929839],[116.3054488,39.9927438],[116.3054857,39.9926552],[116.3056511,39.9924092],[116.3058675,39.9920871],[116.3059375,39.9919705],[116.3060249,39.9918029],[116.3061177,39.9917385],[116.3062162,39.9916909],[116.3063146,39.9916188]]},"properties":{"layer":"road","major":0}},{"type":"Feature","geometry":{"type":"LineString","coordinates":[[116.3046036,39.9964913],[116.3043802,39.9964088],[116.3041465,39.9963795],[116.3037827,39.9963333],[116.3036884,39.9962856],[116.3036374,39.9962331],[116.3036001,39.9961909]]},"properties":{"layer":"road","major":0}},{"type":"Feature","geometry":{"type":"LineString","coordinates":[[116.3065184,39.9886735],[116.3064935,39.9889675],[116.3064815,39.9891709],[116.3064393,39.989573],[116.3064244,39.989705],[116.3064146,39.9897919],[116.3063789,39.9902667],[116.3063755,39.9903323],[116.3063573,39.990685],[116.3063453,39.9908614],[116.3063316,39.9910617],[116.3063109,39.991479],[116.30631,39.9914972],[116.3063057,39.9915758],[116.3063146,39.9916188]]},"properties":{"layer":"road","major":1}},{"type":"Feature","geometry":{"type":"LineString","coordinates":[[116.3065184,39.9886735],[116.306734,39.9886826],[116.3067716,39.9886842],[116.3071552,39.9887004],[116.3072664,39.9887051],[116.3077765,39.9887266],[116.3078257,39.9887287],[116.3081871,39.988744],[116.3087788,39.988769],[116.3089602,39.9887767],[116.3091229,39.9887836],[116.309229,39.9887881],[116.3094367,39.9887974]]},"properties":{"layer":"road","major":1}},{"type":"Feature","geometry":{"type":"LineString","coordinates":[[116.3052974,39.9906472],[116.3057295,39.9906626],[116.3063573,39.990685],[116.3075238,39.990735],[116.307851,39.990749],[116.3090649,39.9907899],[116.3093076,39.9907995]]},"properties":{"layer":"road","major":1}},{"type":"Feature","geometry":{"type":"LineString","coordinates":[[116.3090208,39.9917546],[116.3090235,39.9915735],[116.3090297,39.9914549],[116.3090649,39.9907899],[116.3091065,39.9901525],[116.3091875,39.9892504],[116.309229,39.9887881]]},"properties":{"layer":"road","major":0}},{"type":"Feature","geometry":{"type":"LineString","coordinates":[[116.312301,39.9909431],[116.3122926,39.9910293],[116.3122702,39.9912176],[116.3121902,39.9920284],[116.3121705,39.9923178],[116.3121553,39.9926498],[116.3121191,39.9930952],[116.3121727,39.9931557],[116.3121472,39.9935096]]},"properties":{"layer":"road","major":1}},{"type":"Feature","geometry":{"type":"LineString","coordinates":[[116.3102652,39.9844495],[116.310156,39.984446],[116.3100262,39.984442]]},"properties":{"layer":"road","major":1}},{"type":"Feature","geometry":{"type":"LineString","coordinates":[[116.3103026,39.983938],[116.3104285,39.9839414],[116.3104953,39.9839399],[116.31211,39.9839747],[116.3125878,39.9839917],[116.3127874,39.9839977],[116.3129789,39.9840024],[116.3137712,39.9840207],[116.3138311,39.9840221],[116.3140019,39.984027],[116.3143476,39.9840394],[116.3154597,39.9840427]]},"properties":{"layer":"road","major":1}},{"type":"Feature","geometry":{"type":"LineString","coordinates":[[116.2967011,39.9832718],[116.2973481,39.9829863],[116.2980707,39.9826842],[116.2994054,39.9827139],[116.2994914,39.9827158]]},"properties":{"layer":"road","major":1}},{"type":"Feature","geometry":{"type":"LineString","coordinates":[[116.293809,39.9891255],[116.2938521,39.98913],[116.2944752,39.9891753],[116.2947214,39.9891933],[116.2955624,39.9892545],[116.2967846,39.9893435],[116.2978695,39.9894225],[116.2983729,39.9894592],[116.2984301,39.9894634],[116.2985638,39.9894731]]},"properties":{"layer":"road","major":1}},{"type":"Feature","geometry":{"type":"LineString","coordinates":[[116.3100646,39.9839321],[116.3101093,39.983395],[116.3103173,39.9827436],[116.3103675,39.9821289],[116.3104216,39.981466],[116.3104346,39.9813065],[116.310441,39.9812292],[116.310448,39.9811424],[116.3104921,39.9804806],[116.3105437,39.9797065],[116.3105965,39.9795423],[116.3106014,39.9794722],[116.310677,39.9786721],[116.3106662,39.9784719],[116.3106146,39.977826],[116.3106042,39.9777233],[116.3106003,39.9776841],[116.3105853,39.9775324]]},"properties":{"layer":"road","major":1}},{"type":"Feature","geometry":{"type":"LineString","coordinates":[[116.3102652,39.9844495],[116.3102621,39.9845158],[116.310135,39.9862548],[116.3101203,39.9863943],[116.3101131,39.9864894],[116.3100721,39.9871333],[116.3099743,39.9883898],[116.3099557,39.9886285],[116.3099356,39.9889315],[116.3098897,39.9896208]]},"properties":{"layer":"road","major":1}},{"type":"Feature","geometry":{"type":"LineString","coordinates":[[116.3098458,39.9857241],[116.3098255,39.9860647],[116.3098398,39.9860802],[116.3098559,39.986064],[116.30987,39.9858549],[116.3103546,39.9858756],[116.3104085,39.9857704],[116.3104225,39.9855565],[116.3103692,39.9855558],[116.3103548,39.9857747]]},"properties":{"layer":"road","major":0}},{"type":"Feature","geometry":{"type":"LineString","coordinates":[[116.3095673,39.9893459],[116.3100424,39.9893678]]},"properties":{"layer":"road","major":0}},{"type":"Feature","geometry":{"type":"LineString","coordinates":[[116.3095463,39.9896329],[116.3095673,39.9893459],[116.3095789,39.9891867]]},"properties":{"layer":"road","major":0}},{"type":"Feature","geometry":{"type":"LineString","coordinates":[[116.3100262,39.9895647],[116.3100424,39.9893678],[116.3100659,39.9890847]]},"properties":{"layer":"road","major":0}},{"type":"Feature","geometry":{"type":"LineString","coordinates":[[116.2946853,40.0017199],[116.2949027,40.0001791],[116.295358,39.999799],[116.2955495,39.9995712],[116.2955812,39.9993763],[116.2955823,39.9992752],[116.2955499,39.9991085],[116.2954327,39.9990183],[116.2951662,39.9989253],[116.2948929,39.9987118],[116.2948248,39.9986585],[116.2948368,39.9985524],[116.2948533,39.9984058],[116.2951226,39.9960164]]},"properties":{"layer":"road","major":1}},{"type":"Feature","geometry":{"type":"LineString","coordinates":[[116.3092168,39.9995771],[116.3094991,39.9995072],[116.3096814,39.9995285],[116.3099229,39.9995506],[116.309952,39.9993217]]},"properties":{"layer":"road","major":0}},{"type":"Feature","geometry":{"type":"LineString","coordinates":[[116.3125844,39.9840907],[116.3125878,39.9839917]]},"properties":{"layer":"road","major":0}},{"type":"Feature","geometry":{"type":"LineString","coordinates":[[116.312106,39.9840797],[116.31211,39.9839747]]},"properties":{"layer":"road","major":0}},{"type":"Feature","geometry":{"type":"LineString","coordinates":[[116.3125874,39.9844917],[116.3125893,39.9844361]]},"properties":{"layer":"road","major":0}},{"type":"Feature","geometry":{"type":"LineString","coordinates":[[116.3120901,39.9844812],[116.312092,39.9844247]]},"properties":{"layer":"road","major":0}},{"type":"Feature","geometry":{"type":"LineString","coordinates":[[116.309734,39.9837847],[116.309674,39.9845829]]},"properties":{"layer":"road","major":0}},{"type":"Feature","geometry":{"type":"LineString","coordinates":[[116.2971361,39.9912994],[116.2971189,39.9914042],[116.2969564,39.9923917],[116.296896,39.9927586],[116.2968626,39.9929614],[116.2968565,39.9929988]]},"properties":{"layer":"road","major":0}},{"type":"Feature","geometry":{"type":"LineString","coordinates":[[116.2942647,39.993607],[116.2945315,39.993562]]},"properties":{"layer":"road","major":1}},{"type":"Feature","geometry":{"type":"LineString","coordinates":[[116.2955971,39.9931604],[116.2968565,39.9929988],[116.2980291,39.9930865],[116.2982433,39.9931019],[116.2984019,39.9931168]]},"properties":{"layer":"road","major":0}},{"type":"Feature","geometry":{"type":"LineString","coordinates":[[116.2956326,39.9954032],[116.2956384,39.9951041],[116.2956535,39.9947866],[116.2956492,39.9945569],[116.2955661,39.9942984],[116.295567,39.9942425],[116.2955725,39.9938841],[116.2955827,39.9935228],[116.295591,39.9932276],[116.2955971,39.9931604]]},"properties":{"layer":"road","major":0}},{"type":"Feature","geometry":{"type":"LineString","coordinates":[[116.3090961,39.9945912],[116.3091136,39.9944244],[116.3091295,39.9942728]]},"properties":{"layer":"road","major":0}},{"type":"Feature","geometry":{"type":"LineString","coordinates":[[116.3095968,39.9945897],[116.309611,39.9944551],[116.3096232,39.9943388]]},"properties":{"layer":"road","major":0}},{"type":"Feature","geometry":{"type":"LineString","coordinates":[[116.3089212,39.9964008],[116.3090675,39.9964061],[116.3092292,39.9964104],[116.3093485,39.9964135]]},"properties":{"layer":"road","major":0}},{"type":"Feature","geometry":{"type":"LineString","coordinates":[[116.3091413,39.9985965],[116.3092321,39.9988348],[116.3092168,39.9995771],[116.3092525,40.0024017],[116.3092567,40.0027315],[116.3092578,40.0028188],[116.3092645,40.0031604],[116.3092658,40.0032248],[116.3093424,40.0035458],[116.3094518,40.0037703],[116.3096139,40.0039756],[116.3098981,40.0042053],[116.3102076,40.0044453],[116.3106257,40.0046062],[116.3110357,40.0046797],[116.3119443,40.0047365],[116.3122318,40.0047852],[116.3126261,40.0049601],[116.3129117,40.0051911],[116.3131056,40.0054354],[116.3132172,40.0057376],[116.3132052,40.0060432],[116.3131644,40.0062812],[116.3130867,40.0068687],[116.3129124,40.0081304],[116.3127355,40.009411],[116.3126397,40.0103942],[116.3126014,40.0107653],[116.3125616,40.0112511],[116.3125575,40.011297],[116.3125486,40.0113982],[116.31253,40.0114852],[116.3125123,40.0116279],[116.3124792,40.0118946],[116.3122537,40.0137095],[116.3121459,40.0141806],[116.3120736,40.0143664],[116.3118485,40.0149443],[116.3118143,40.0150321],[116.311738,40.0157795],[116.3116507,40.0159385]]},"properties":{"layer":"road","major":1}},{"type":"Feature","geometry":{"type":"LineString","coordinates":[[116.2977013,40.00074],[116.2976913,40.0006178],[116.2976712,40.0003709],[116.29763,39.9998659],[116.2976112,39.999635],[116.2976139,39.9996015],[116.2976468,39.9991976],[116.2976547,39.9991],[116.2978268,39.9969828],[116.2982395,39.9964778],[116.298258,39.9964026],[116.2983116,39.9961848]]},"properties":{"layer":"road","major":0}},{"type":"Feature","geometry":{"type":"LineString","coordinates":[[116.2981682,39.9901706],[116.2982492,39.9897095],[116.2982962,39.9896788],[116.2990736,39.9897455],[116.2990924,39.9897332],[116.2991046,39.9896007],[116.2991023,39.9895864],[116.2990895,39.9895784],[116.2990158,39.9895729],[116.2989957,39.9895802],[116.298983,39.989599],[116.2989681,39.9897045]]},"properties":{"layer":"road","major":0}},{"type":"Feature","geometry":{"type":"LineString","coordinates":[[116.3002893,39.9911446],[116.3011397,39.9911534],[116.3016347,39.9911692],[116.3024414,39.9911896],[116.3029836,39.9912205],[116.3033723,39.9912427],[116.30343,39.991246],[116.304354,39.9912987],[116.3046457,39.9913153],[116.3047501,39.9912889],[116.3048588,39.9911965],[116.3050398,39.9910584]]},"properties":{"layer":"road","major":1}},{"type":"Feature","geometry":{"type":"LineString","coordinates":[[116.2995888,39.9841687],[116.2995966,39.9843093],[116.2995985,39.9843444],[116.2995511,39.9848723],[116.2995435,39.9849609]]},"properties":{"layer":"road","major":1}},{"type":"Feature","geometry":{"type":"LineString","coordinates":[[116.3046834,39.9837656],[116.3047592,39.9828614],[116.3047717,39.9827122],[116.3048209,39.9821036],[116.3048315,39.9819731],[116.3048714,39.9815538],[116.3048917,39.9812874],[116.3048927,39.9812755],[116.3049029,39.9811413],[116.3049032,39.981073],[116.3049027,39.9809611],[116.304892,39.9790837],[116.3048913,39.9789661]]},"properties":{"layer":"road","major":1}},{"type":"Feature","geometry":{"type":"LineString","coordinates":[[116.3050413,39.9775969],[116.3049878,39.9786252],[116.3049838,39.9787016],[116.3049815,39.9787976],[116.3049793,39.9788901],[116.3049769,39.9789771],[116.3049859,39.9796725],[116.3050022,39.9809317],[116.3050028,39.9809618],[116.3050041,39.9810814],[116.3049989,39.98115],[116.3049876,39.9812792],[116.3049344,39.981867],[116.3049244,39.9819775],[116.3048785,39.9825804],[116.3048681,39.9827169],[116.3048272,39.9831799],[116.3047754,39.9837659]]},"properties":{"layer":"road","major":1}},{"type":"Feature","geometry":{"type":"LineString","coordinates":[[116.3076117,39.9838613],[116.307618,39.9837391],[116.3076642,39.9828466],[116.3076792,39.9826614]]},"properties":{"layer":"road","major":1}},{"type":"Feature","geometry":{"type":"LineString","coordinates":[[116.2994076,39.9836246],[116.2994143,39.983503],[116.2994152,39.9834869],[116.2994161,39.9834689],[116.2994729,39.9828557],[116.2994914,39.9827158],[116.2995167,39.9825471],[116.2995873,39.9820439],[116.2995999,39.9819398],[116.2996203,39.9816927],[116.2996522,39.9813088],[116.2996581,39.9812224],[116.2996597,39.9811605],[116.2996688,39.9810648]]},"properties":{"layer":"road","major":1}},{"type":"Feature","geometry":{"type":"LineString","coordinates":[[116.3096421,39.9908058],[116.3096468,39.9906437],[116.3097416,39.9894407],[116.3097932,39.9888105],[116.3098428,39.988327],[116.3098631,39.9881604],[116.3099724,39.9867736],[116.3099987,39.9864422],[116.3100797,39.9854854]]},"properties":{"layer":"road","major":1}},{"type":"Feature","geometry":{"type":"LineString","coordinates":[[116.3090191,40.0008384],[116.3090047,39.9996405]]},"properties":{"layer":"road","major":1}},{"type":"Feature","geometry":{"type":"LineString","coordinates":[[116.3091413,39.9985965],[116.3091293,40.0015824]]},"properties":{"layer":"road","major":1}},{"type":"Feature","geometry":{"type":"LineString","coordinates":[[116.3089938,39.998596],[116.308986,39.9984452]]},"properties":{"layer":"road","major":1}},{"type":"Feature","geometry":{"type":"LineString","coordinates":[[116.309801,39.9908406],[116.3098164,39.9909154],[116.3096592,39.992637],[116.3095453,39.992919]]},"properties":{"layer":"road","major":1}},{"type":"Feature","geometry":{"type":"LineString","coordinates":[[116.309801,39.9908406],[116.3096421,39.9908058]]},"properties":{"layer":"road","major":1}},{"type":"Feature","geometry":{"type":"LineString","coordinates":[[116.309791,39.9907458],[116.3099642,39.9907615],[116.3106754,39.9907934],[116.315263,39.990999],[116.3154554,39.9910076],[116.3157068,39.9910189],[116.3160158,39.9910281],[116.3164195,39.9910401],[116.3173672,39.9910682],[116.3176659,39.9910747],[116.3179024,39.9910841],[116.3211102,39.9912004],[116.3218662,39.9912247],[116.3220915,39.9912227],[116.3234488,39.9912537]]},"properties":{"layer":"road","major":1}},{"type":"Feature","geometry":{"type":"LineString","coordinates":[[116.326671,39.9914556],[116.326522,39.9914485],[116.3264723,39.9914479],[116.3237993,39.9913485],[116.3236681,39.991346],[116.3219639,39.9913156],[116.3217831,39.9913069],[116.3203903,39.9912611],[116.3180687,39.9911727],[116.3173708,39.9911487],[116.3159263,39.991102],[116.3156977,39.9910941],[116.3155369,39.991087],[116.3136984,39.9910052],[116.312301,39.9909431],[116.3105852,39.9908725],[116.3100548,39.9908507],[116.3099484,39.9908463],[116.309801,39.9908406]]},"properties":{"layer":"road","major":1}},{"type":"Feature","geometry":{"type":"LineString","coordinates":[[116.3100797,39.9854854],[116.3101371,39.9846786],[116.3101491,39.9845116],[116.310156,39.984446]]},"properties":{"layer":"road","major":1}},{"type":"Feature","geometry":{"type":"LineString","coordinates":[[116.3101601,39.9843773],[116.3101842,39.98404]]},"properties":{"layer":"road","major":1}},{"type":"Feature","geometry":{"type":"LineString","coordinates":[[116.309919,39.9843686],[116.3099453,39.9840357]]},"properties":{"layer":"road","major":1}},{"type":"Feature","geometry":{"type":"LineString","coordinates":[[116.3157172,39.9909336],[116.3157068,39.9910189],[116.3156977,39.9910941],[116.3156881,39.9911727],[116.3156461,39.9912776],[116.3155876,39.9913325],[116.3150341,39.9919304],[116.3149054,39.9920613],[116.3146489,39.9923512],[116.3145304,39.9925748],[116.3144563,39.9928291],[116.3143771,39.9934171],[116.3142461,39.9943906],[116.3139813,39.9955704],[116.3139515,39.9956716],[116.313914,39.9957532],[116.3138301,39.9958429],[116.313734,39.9959302],[116.3136099,39.9960048],[116.3134974,39.9960491],[116.313341,39.9960912],[116.3132454,39.9960993],[116.3120128,39.9960627],[116.3119186,39.9960592],[116.3111148,39.9960385],[116.3108867,39.9960631],[116.3107026,39.9961234],[116.3105367,39.9962052],[116.3103086,39.996401],[116.3095143,39.9973908],[116.3094352,39.9975019],[116.3091142,39.9979528]]},"properties":{"layer":"road","major":1}},{"type":"Feature","geometry":{"type":"LineString","coordinates":[[116.308891,39.9994401],[116.3088903,39.9993941],[116.3088809,39.9987947],[116.3088778,39.9985968]]},"properties":{"layer":"road","major":1}},{"type":"Feature","geometry":{"type":"LineString","coordinates":[[116.3090047,39.9996405],[116.3089959,39.9987936],[116.3089938,39.998596]]},"properties":{"layer":"road","major":1}},{"type":"Feature","geometry":{"type":"LineString","coordinates":[[116.3089156,40.0010753],[116.308891,39.9994401]]},"properties":{"layer":"road","major":1}},{"type":"Feature","geometry":{"type":"LineString","coordinates":[[116.2983165,39.996022],[116.2983239,39.9958811]]},"properties":{"layer":"road","major":1}},{"type":"Feature","geometry":{"type":"LineString","coordinates":[[116.2983239,39.9958811],[116.2983811,39.9938065],[116.2983927,39.993386],[116.2983928,39.9933808],[116.2983944,39.9933053]]},"properties":{"layer":"road","major":1}},{"type":"Feature","geometry":{"type":"LineString","coordinates":[[116.3164148,39.9845907],[116.3159262,39.9845798],[116.3143857,39.9845444],[116.3143079,39.9845426],[116.3142401,39.9845389],[116.3141853,39.9845376],[116.3140906,39.9845352],[116.3139821,39.9845326],[116.3137837,39.9845253],[116.3129419,39.9845043],[116.3125874,39.9844917],[116.3120901,39.9844812],[116.3107304,39.9844633],[116.3104625,39.9844557],[116.3103752,39.984453],[116.3102652,39.9844495]]},"properties":{"layer":"road","major":1}},{"type":"Feature","geometry":{"type":"LineString","coordinates":[[116.309919,39.9851769],[116.3098983,39.9851218],[116.3098774,39.9850238],[116.3098992,39.9846725],[116.3099104,39.9845028],[116.3099165,39.9844387]]},"properties":{"layer":"road","major":1}},{"type":"Feature","geometry":{"type":"LineString","coordinates":[[116.2932283,39.9913575],[116.2933231,39.9915742],[116.2941956,39.9933659],[116.2942512,39.9934621],[116.2942647,39.993607],[116.2942744,39.9938265],[116.2942838,39.994041],[116.2942906,39.9946028],[116.2942967,39.9951121],[116.2943016,39.9954219],[116.2943044,39.9955948],[116.2943023,39.9957698],[116.2943072,39.9958497],[116.2943084,39.9958871],[116.2943123,39.9960098]]},"properties":{"layer":"road","major":1}},{"type":"Feature","geometry":{"type":"LineString","coordinates":[[116.2935098,39.9913216],[116.2942121,39.9912957],[116.2944198,39.9912883],[116.2959857,39.9912482],[116.2963251,39.9912589],[116.2967088,39.9912711],[116.2971361,39.9912994],[116.2985979,39.9914142]]},"properties":{"layer":"road","major":1}},{"type":"Feature","geometry":{"type":"LineString","coordinates":[[116.2993276,39.98495],[116.2993665,39.9843374]]},"properties":{"layer":"road","major":1}},{"type":"Feature","geometry":{"type":"LineString","coordinates":[[116.2985638,39.9894731],[116.2985748,39.989391],[116.298582,39.9893372],[116.2987669,39.9881093],[116.2988649,39.9874584],[116.2988742,39.9874049],[116.298885,39.9873418],[116.2989601,39.9868709],[116.2990138,39.9865341],[116.2990194,39.9865029],[116.2990316,39.9863965],[116.2990366,39.9863584],[116.2990706,39.9861461],[116.2991332,39.9857552],[116.2991478,39.9856936],[116.2991681,39.9856075],[116.2992512,39.9851243],[116.2992718,39.9850792],[116.2993083,39.9849948],[116.2993276,39.98495]]},"properties":{"layer":"road","major":1}},{"type":"Feature","geometry":{"type":"LineString","coordinates":[[116.3110837,39.9775838],[116.3110717,39.9776848],[116.3109165,39.9789871],[116.3108883,39.979355],[116.3108756,39.979521],[116.310791,39.9805781],[116.3107234,39.9813761],[116.3107275,39.9817594],[116.3106359,39.9829152],[116.3103279,39.9834506]]},"properties":{"layer":"road","major":1}},{"type":"Feature","geometry":{"type":"LineString","coordinates":[[116.3100262,39.984442],[116.3099165,39.9844387],[116.3098631,39.9844368],[116.3098087,39.9844351],[116.3093699,39.9844211],[116.3083049,39.98437],[116.3080483,39.9843576],[116.3078383,39.9843464],[116.3070882,39.9843236],[116.3067264,39.9843091],[116.3059815,39.9842883]]},"properties":{"layer":"road","major":1}},{"type":"Feature","geometry":{"type":"LineString","coordinates":[[116.2981055,39.9925991],[116.2983213,39.9926109],[116.2984265,39.9926166]]},"properties":{"layer":"road","major":0}},{"type":"Feature","geometry":{"type":"LineString","coordinates":[[116.2980291,39.9930865],[116.2980682,39.9928371],[116.2981055,39.9925991],[116.2981646,39.9922698],[116.2983629,39.9922787],[116.2984739,39.9922815]]},"properties":{"layer":"road","major":0}},{"type":"Feature","geometry":{"type":"LineString","coordinates":[[116.2982159,39.9927415],[116.2983071,39.9927403],[116.2983213,39.9926109],[116.2983629,39.9922787],[116.2983771,39.9921884],[116.2984489,39.991761]]},"properties":{"layer":"road","major":0}},{"type":"Feature","geometry":{"type":"LineString","coordinates":[[116.3100797,39.9854854],[116.3099847,39.9853071],[116.310007,39.9846763],[116.310017,39.9845068],[116.3100262,39.984442]]},"properties":{"layer":"road","major":1}},{"type":"Feature","geometry":{"type":"LineString","coordinates":[[116.3089791,39.9972809],[116.3069392,39.9970647],[116.306856,39.9970522]]},"properties":{"layer":"road","major":0}},{"type":"Feature","geometry":{"type":"LineString","coordinates":[[116.3129419,39.9845043],[116.3129358,39.9845887],[116.312933,39.9846269],[116.3129326,39.9846545],[116.3129111,39.9848396]]},"properties":{"layer":"road","major":0}},{"type":"Feature","geometry":{"type":"LineString","coordinates":[[116.313845,39.9839496],[116.3128104,39.9839277]]},"properties":{"layer":"road","major":0}},{"type":"Feature","geometry":{"type":"LineString","coordinates":[[116.3102647,39.9864912],[116.3102978,39.9860799],[116.3103549,39.985542],[116.3104026,39.9854228],[116.3104889,39.9848269],[116.3105948,39.9846819],[116.3107149,39.9846259],[116.3107502,39.9846094],[116.3110588,39.9846129],[116.3111793,39.9845868],[116.3127085,39.9846177],[116.312933,39.9846269],[116.3137674,39.9846541],[116.3141745,39.9846747],[116.314267,39.9846825],[116.3144013,39.9846938],[116.3157338,39.984717]]},"properties":{"layer":"road","major":0}},{"type":"Feature","geometry":{"type":"LineString","coordinates":[[116.3030101,39.9744351],[116.3030094,39.9745016],[116.3030059,39.9745748],[116.3030035,39.9746301],[116.3029525,39.9758006],[116.302945,39.9759754],[116.3029285,39.9763612],[116.3029255,39.9764323],[116.3029006,39.9765828],[116.3028501,39.9767369],[116.3027785,39.9768814],[116.3024241,39.977621],[116.3023585,39.977758],[116.3023421,39.9778592],[116.3022885,39.9787355],[116.3022839,39.978818],[116.3022792,39.9789048],[116.3022358,39.9797095],[116.3022281,39.979852],[116.302209,39.9809707],[116.3022071,39.9810878],[116.3022079,39.9811705],[116.3022197,39.9819242],[116.3022312,39.9826586],[116.3022374,39.9830525],[116.3022409,39.9833678],[116.3022438,39.9836346],[116.3022478,39.9837136]]},"properties":{"layer":"road","major":1}},{"type":"Feature","geometry":{"type":"LineString","coordinates":[[116.3119313,39.9861265],[116.3122246,39.9861499],[116.3123818,39.9861551],[116.3131335,39.9862222],[116.3133574,39.98624],[116.3137547,39.9862717],[116.3144283,39.9863191],[116.3151419,39.9863821],[116.3156058,39.9864209],[116.3156889,39.9864256],[116.3174015,39.9864913],[116.317486,39.9864945],[116.3192745,39.9865543],[116.3197573,39.9865724],[116.320977,39.9866182],[116.3215407,39.986708],[116.3228101,39.9867442],[116.3238987,39.9867753],[116.3267482,39.9868566],[116.3268142,39.9868585],[116.3269406,39.9868621]]},"properties":{"layer":"road","major":1}},{"type":"Feature","geometry":{"type":"LineString","coordinates":[[116.2995435,39.9849609],[116.2996793,39.9849871],[116.2997309,39.9849971],[116.302438,39.9850733],[116.3025878,39.9850775],[116.3041961,39.9851228],[116.3054664,39.9851586],[116.3057086,39.9851654],[116.3063195,39.9851819],[116.3064276,39.9851848],[116.3065927,39.9851909],[116.3072909,39.9852081],[116.3085729,39.9852187],[116.3097152,39.9851729],[116.3098822,39.9851767],[116.309919,39.9851769]]},"properties":{"layer":"road","major":1}},{"type":"Feature","geometry":{"type":"LineString","coordinates":[[116.2994076,39.9871864],[116.3003875,39.9872114]]},"properties":{"layer":"road","major":0}},{"type":"Feature","geometry":{"type":"LineString","coordinates":[[116.2995594,39.9836355],[116.2997245,39.9836456],[116.2997558,39.9836467],[116.2997839,39.9836477],[116.2999169,39.9836524],[116.3003046,39.9836683],[116.3020377,39.9837065],[116.3022478,39.9837136],[116.3032799,39.9837387],[116.3034926,39.9837448],[116.3041207,39.9837504],[116.3044399,39.9837607]]},"properties":{"layer":"road","major":1}},{"type":"Feature","geometry":{"type":"LineString","coordinates":[[116.306563,39.983826],[116.3066061,39.9827939],[116.306634,39.9820455]]},"properties":{"layer":"road","major":1}},{"type":"Feature","geometry":{"type":"LineString","coordinates":[[116.2993784,39.9841551],[116.2992483,39.9841449],[116.29918,39.9841395],[116.2991395,39.9841363],[116.2984728,39.9840899],[116.2976289,39.9841327],[116.2974128,39.9841436],[116.296969,39.9841584],[116.2965737,39.9841588],[116.2964516,39.9841589],[116.2952078,39.9841602]]},"properties":{"layer":"road","major":1}},{"type":"Feature","geometry":{"type":"LineString","coordinates":[[116.2997635,39.9810677],[116.2997609,39.981163],[116.2997568,39.981314],[116.2997054,39.9819592],[116.2997031,39.9820364],[116.2996749,39.9822387],[116.2996495,39.9824207],[116.2995974,39.9827959],[116.2995498,39.9834609],[116.2995519,39.9834987],[116.2995526,39.9835118],[116.2995594,39.9836355]]},"properties":{"layer":"road","major":1}},{"type":"Feature","geometry":{"type":"LineString","coordinates":[[116.3023107,40.0001231],[116.3021253,40.000133],[116.3014654,40.0000472],[116.3012289,39.9999518],[116.3012331,39.9998564],[116.301328,39.9996956],[116.3014907,39.9996333],[116.3018313,39.9997091],[116.3020778,39.9997248],[116.3023038,39.9999182],[116.3023214,40.0000733],[116.3023107,40.0001231]]},"properties":{"layer":"road","major":0}},{"type":"Feature","geometry":{"type":"LineString","coordinates":[[116.3058979,39.9996567],[116.3060981,39.9997077],[116.3062887,39.9997786],[116.3063042,39.9997803],[116.3063221,39.9997861],[116.3065392,39.9997882],[116.3067198,39.9998281]]},"properties":{"layer":"road","major":0}},{"type":"Feature","geometry":{"type":"LineString","coordinates":[[116.3056035,39.9993167],[116.3054894,39.9992765],[116.3054687,39.9991875],[116.3053691,39.9991017],[116.3051533,39.9990603],[116.3049084,39.9990889],[116.30473,39.999054],[116.3045723,39.9990699],[116.3044768,39.9990985],[116.3043648,39.9991652],[116.304261,39.9992574],[116.3041614,39.9992733],[116.3041199,39.9992415],[116.3041656,39.9990667],[116.3042942,39.9988537],[116.304315,39.9987647],[116.3042361,39.998752]]},"properties":{"layer":"road","major":0}},{"type":"Feature","geometry":{"type":"LineString","coordinates":[[116.302542,40.0000975],[116.3026032,40.0002294]]},"properties":{"layer":"road","major":0}},{"type":"Feature","geometry":{"type":"LineString","coordinates":[[116.3058004,39.9999447],[116.3058979,39.9996567]]},"properties":{"layer":"road","major":0}},{"type":"Feature","geometry":{"type":"LineString","coordinates":[[116.3039581,40.0001603],[116.3040079,40.0000141]]},"properties":{"layer":"road","major":0}},{"type":"Feature","geometry":{"type":"LineString","coordinates":[[116.3053044,40.000215],[116.304791,40.0001337]]},"properties":{"layer":"road","major":0}},{"type":"Feature","geometry":{"type":"LineString","coordinates":[[116.3026032,40.0002294],[116.3024464,40.0002802]]},"properties":{"layer":"road","major":0}},{"type":"Feature","geometry":{"type":"LineString","coordinates":[[116.3024464,40.0002802],[116.3023107,40.0001231]]},"properties":{"layer":"road","major":0}},{"type":"Feature","geometry":{"type":"LineString","coordinates":[[116.3027541,39.9998953],[116.3037125,40.0000262]]},"properties":{"layer":"road","major":0}},{"type":"Feature","geometry":{"type":"LineString","coordinates":[[116.30362,40.0001108],[116.3035911,40.0002167]]},"properties":{"layer":"road","major":0}},{"type":"Feature","geometry":{"type":"LineString","coordinates":[[116.3066339,40.000052],[116.3064405,40.000023]]},"properties":{"layer":"road","major":0}},{"type":"Feature","geometry":{"type":"LineString","coordinates":[[116.3064405,40.000023],[116.3064978,39.9999135],[116.3065392,39.9997882]]},"properties":{"layer":"road","major":0}},{"type":"Feature","geometry":{"type":"LineString","coordinates":[[116.3063193,39.999905],[116.3062678,40.0000687],[116.3062752,40.0000974],[116.3062556,40.0001601]]},"properties":{"layer":"road","major":0}},{"type":"Feature","geometry":{"type":"LineString","coordinates":[[116.3063502,39.9998842],[116.3064978,39.9999135],[116.3066752,39.9999541]]},"properties":{"layer":"road","major":0}},{"type":"Feature","geometry":{"type":"LineString","coordinates":[[116.3059017,40.0001202],[116.3058967,40.0000677],[116.3059355,39.9999722],[116.3059421,39.999956]]},"properties":{"layer":"road","major":0}},{"type":"Feature","geometry":{"type":"LineString","coordinates":[[116.3030036,40.0012403],[116.3031073,40.000758],[116.3028666,40.0005418],[116.3026825,40.0003234],[116.3026032,40.0002294]]},"properties":{"layer":"road","major":0}},{"type":"Feature","geometry":{"type":"LineString","coordinates":[[116.304791,40.0001337],[116.3047556,40.0002352],[116.3044853,40.0001778],[116.3045531,39.9999905],[116.3048234,40.0000479],[116.304791,40.0001337]]},"properties":{"layer":"road","major":0}},{"type":"Feature","geometry":{"type":"LineString","coordinates":[[116.3039307,40.0002061],[116.3035356,40.0002619],[116.3032487,40.0003093],[116.3029963,40.0002688],[116.3027263,40.0002846],[116.3026825,40.0003234]]},"properties":{"layer":"road","major":0}},{"type":"Feature","geometry":{"type":"LineString","coordinates":[[116.3005049,39.9980186],[116.301433,39.9982395],[116.3018249,39.9983328],[116.3021354,39.9984067]]},"properties":{"layer":"road","major":0}},{"type":"Feature","geometry":{"type":"LineString","coordinates":[[116.3020634,40.0014038],[116.3020858,40.0009737],[116.3023568,40.0008339],[116.302417,40.0007252],[116.3024087,40.0006205],[116.3023675,40.0004749],[116.3023236,40.0003769],[116.3023318,40.0003611],[116.3023709,40.0003299],[116.3024464,40.0002802]]},"properties":{"layer":"road","major":0}},{"type":"Feature","geometry":{"type":"LineString","coordinates":[[116.3034476,40.0007293],[116.3036717,40.0006244],[116.3039083,40.0003002],[116.3039124,40.0002366],[116.3039307,40.0002061],[116.3039581,40.0001603]]},"properties":{"layer":"road","major":0}},{"type":"Feature","geometry":{"type":"LineString","coordinates":[[116.3063221,39.9997861],[116.3063502,39.9998842],[116.3063193,39.999905],[116.3062239,39.9998884],[116.3062134,39.9998609],[116.3060645,39.99983],[116.3060981,39.9997077]]},"properties":{"layer":"road","major":0}},{"type":"Feature","geometry":{"type":"LineString","coordinates":[[116.305442,40.0000611],[116.3058004,39.9999447],[116.3059421,39.999956],[116.3059593,39.9998986],[116.3060645,39.99983]]},"properties":{"layer":"road","major":0}},{"type":"Feature","geometry":{"type":"LineString","coordinates":[[116.3025356,39.9985019],[116.3024652,39.9987357],[116.3023507,39.9989223],[116.3022654,39.9992781],[116.3022891,39.9995675],[116.3023124,39.9996598],[116.3024704,39.9999433],[116.302542,40.0000975]]},"properties":{"layer":"road","major":0}},{"type":"Feature","geometry":{"type":"LineString","coordinates":[[116.3035911,40.0002167],[116.3035356,40.0002619],[116.3035265,40.0003479],[116.3035223,40.000421],[116.3035016,40.0006117],[116.3034476,40.0007293],[116.3033891,40.0012046],[116.3033854,40.0015241]]},"properties":{"layer":"road","major":0}},{"type":"Feature","geometry":{"type":"LineString","coordinates":[[116.3063439,39.9996276],[116.3066471,39.9997188]]},"properties":{"layer":"road","major":0}},{"type":"Feature","geometry":{"type":"LineString","coordinates":[[116.3040079,40.0000141],[116.3041282,39.9998774],[116.3040577,39.9997724],[116.3040535,39.9994959],[116.304012,39.9993401],[116.3038887,39.9993082]]},"properties":{"layer":"road","major":0}},{"type":"Feature","geometry":{"type":"LineString","coordinates":[[116.3095108,39.9908035],[116.3096421,39.9908058]]},"properties":{"layer":"road","major":0}},{"type":"Feature","geometry":{"type":"LineString","coordinates":[[116.3063146,39.9916188],[116.3063652,39.991633],[116.3071531,39.9916729],[116.3077663,39.9916982],[116.3078522,39.9917029],[116.3090208,39.9917546],[116.3092297,39.991764]]},"properties":{"layer":"road","major":1}},{"type":"Feature","geometry":{"type":"LineString","coordinates":[[116.3094006,39.9917638],[116.3095618,39.9917752]]},"properties":{"layer":"road","major":0}},{"type":"Feature","geometry":{"type":"LineString","coordinates":[[116.3100646,39.9839321],[116.3103026,39.983938]]},"properties":{"layer":"road","major":1}},{"type":"Feature","geometry":{"type":"LineString","coordinates":[[116.3095453,39.992919],[116.3094675,39.9939607],[116.3094547,39.9940965],[116.3094284,39.994384],[116.309424,39.9944326],[116.3094074,39.9945995],[116.3094034,39.9946426],[116.3092875,39.9957988],[116.3092577,39.9961484],[116.3092438,39.9962847],[116.3092345,39.996365],[116.3092292,39.9964104],[116.3091334,39.9972902],[116.3091265,39.9975288],[116.3091142,39.9979528]]},"properties":{"layer":"road","major":1}},{"type":"Feature","geometry":{"type":"LineString","coordinates":[[116.3091142,39.9979528],[116.3091251,39.9982551]]},"properties":{"layer":"road","major":1}},{"type":"Feature","geometry":{"type":"LineString","coordinates":[[116.3098897,39.9896208],[116.3098036,39.9905982],[116.3097981,39.9906461],[116.309791,39.9907458]]},"properties":{"layer":"road","major":1}},{"type":"Feature","geometry":{"type":"LineString","coordinates":[[116.3092875,39.9957988],[116.3094539,39.9957902],[116.3098948,39.9958382],[116.3100906,39.9958579],[116.3101831,39.9958812],[116.3102717,39.9959364],[116.3103616,39.9960128],[116.3104502,39.9960827],[116.3105367,39.9962052]]},"properties":{"layer":"road","major":1}},{"type":"Feature","geometry":{"type":"LineString","coordinates":[[116.2995435,39.9849609],[116.2995323,39.9850093],[116.2995093,39.9851091],[116.2995026,39.9851341],[116.2993784,39.9860243],[116.2993464,39.9862536],[116.2993336,39.9863704],[116.2993293,39.9864025],[116.29932,39.9864828],[116.2991544,39.9874505],[116.2988255,39.9893723],[116.2988233,39.9894098],[116.2988186,39.9894926],[116.2988127,39.9895945],[116.2988099,39.9896424],[116.2987021,39.9903746],[116.2986919,39.9904438],[116.2986565,39.9908872]]},"properties":{"layer":"road","major":1}},{"type":"Feature","geometry":{"type":"LineString","coordinates":[[116.3006577,39.9860121],[116.3011699,39.9860252],[116.3017116,39.986039],[116.3022889,39.9860538],[116.3024061,39.9860568],[116.3025418,39.9860603],[116.3029174,39.9860699],[116.3034648,39.9860839],[116.3038843,39.9860959],[116.3043961,39.9861106],[116.3053872,39.9861331],[116.3060528,39.9861604]]},"properties":{"layer":"road","major":1}},{"type":"Feature","geometry":{"type":"LineString","coordinates":[[116.3043961,39.9861106],[116.3043634,39.9866422],[116.3043368,39.9870757],[116.3043071,39.9875503],[116.3042782,39.987858]]},"properties":{"layer":"road","major":0}},{"type":"Feature","geometry":{"type":"LineString","coordinates":[[116.3043634,39.9866422],[116.3037726,39.9866235],[116.3034283,39.9866116],[116.3028499,39.9865915],[116.3024315,39.9865839],[116.3023719,39.9866009],[116.3023044,39.9865985],[116.3021116,39.9865918],[116.3019941,39.9865877],[116.3017143,39.9865779],[116.3011578,39.9865584],[116.3003918,39.9865122],[116.2995117,39.9864681]]},"properties":{"layer":"road","major":1}},{"type":"Feature","geometry":{"type":"LineString","coordinates":[[116.3003918,39.9865122],[116.3003903,39.9867507],[116.3003895,39.9868888],[116.3003891,39.986961],[116.3003875,39.9872114],[116.3003869,39.9873111],[116.3003863,39.9874102],[116.3003862,39.9874267],[116.3003847,39.9876728],[116.3003827,39.9880084],[116.3003839,39.9880782],[116.3003814,39.9882194],[116.3003753,39.9885079],[116.3003861,39.9886754],[116.3004512,39.9891884],[116.3004238,39.9896096],[116.3003723,39.9897967],[116.3003691,39.9898287],[116.3003354,39.9902094],[116.3003059,39.9906465],[116.3003032,39.9907038],[116.3002963,39.9908353],[116.30029,39.9909268],[116.3002893,39.9911446]]},"properties":{"layer":"road","major":1}},{"type":"Feature","geometry":{"type":"LineString","coordinates":[[116.2994191,39.9927301],[116.3001947,39.9927282],[116.3001954,39.992616],[116.3001997,39.9924657],[116.2994706,39.9924595],[116.2994246,39.9924591]]},"properties":{"layer":"road","major":0}},{"type":"Feature","geometry":{"type":"LineString","coordinates":[[116.2987583,39.9933046],[116.2987794,39.9932582],[116.298787,39.9932102],[116.2987768,39.9931559],[116.2987586,39.9930813],[116.2986805,39.9927603],[116.2986762,39.9926882],[116.2986863,39.9925899],[116.2987009,39.9924869],[116.2988164,39.99167]]},"properties":{"layer":"road","major":0}},{"type":"Feature","geometry":{"type":"LineString","coordinates":[[116.2983944,39.9933053],[116.2983973,39.9932336],[116.2983974,39.9932307],[116.2984,39.9931647],[116.2984019,39.9931168],[116.2984085,39.9927444],[116.2984265,39.9926166],[116.2984423,39.9925046],[116.2984739,39.9922815],[116.2985615,39.9916896],[116.2985979,39.9914142],[116.2986565,39.9908872]]},"properties":{"layer":"road","major":1}},{"type":"Feature","geometry":{"type":"LineString","coordinates":[[116.2993652,39.9930361],[116.3002032,39.9930371],[116.3001478,39.9931125],[116.3001454,39.993292],[116.3001288,39.993623]]},"properties":{"layer":"road","major":0}},{"type":"Feature","geometry":{"type":"LineString","coordinates":[[116.2997883,39.9933725],[116.2997892,39.9933071],[116.2997902,39.9932243],[116.2999504,39.9932255],[116.2999495,39.9932952],[116.2999485,39.9933737],[116.2997883,39.9933725]]},"properties":{"layer":"road","major":0}},{"type":"Feature","geometry":{"type":"LineString","coordinates":[[116.2999495,39.9932952],[116.3001454,39.993292]]},"properties":{"layer":"road","major":0}},{"type":"Feature","geometry":{"type":"LineString","coordinates":[[116.2997892,39.9933071],[116.2991786,39.9933027]]},"properties":{"layer":"road","major":0}},{"type":"Feature","geometry":{"type":"LineString","coordinates":[[116.3005549,39.9946264],[116.3005832,39.9937145],[116.3005837,39.9936661],[116.300666,39.9936346],[116.3006773,39.9932778],[116.300681,39.9931617],[116.3006261,39.9930096],[116.3006002,39.9928621],[116.3006205,39.9924763],[116.3006418,39.9923631],[116.3006844,39.9922729],[116.3007507,39.9921791],[116.3008391,39.9920485],[116.3007592,39.9917378],[116.3006844,39.9915941],[116.3005059,39.9912958],[116.3003872,39.9912115],[116.3002893,39.9911446]]},"properties":{"layer":"road","major":0}},{"type":"Feature","geometry":{"type":"LineString","coordinates":[[116.3002032,39.9930371],[116.3002124,39.9929307],[116.3002428,39.9929163],[116.3002847,39.9928864],[116.3003113,39.9928439],[116.3006002,39.9928621]]},"properties":{"layer":"road","major":0}},{"type":"Feature","geometry":{"type":"LineString","coordinates":[[116.3003113,39.9928439],[116.3002814,39.9928028],[116.3002468,39.9927636],[116.3001947,39.9927282]]},"properties":{"layer":"road","major":0}},{"type":"Feature","geometry":{"type":"LineString","coordinates":[[116.3001997,39.9924657],[116.3003467,39.9923448],[116.3004926,39.9922512],[116.3008391,39.9920485]]},"properties":{"layer":"road","major":0}},{"type":"Feature","geometry":{"type":"LineString","coordinates":[[116.3004238,39.9896096],[116.3016917,39.9896332],[116.3020321,39.9896352],[116.3024903,39.9896379],[116.3030357,39.9896433],[116.303555,39.9896484]]},"properties":{"layer":"road","major":0}},{"type":"Feature","geometry":{"type":"LineString","coordinates":[[116.3011085,39.9874339],[116.3011294,39.9870623],[116.3011334,39.9869915],[116.301141,39.9868563],[116.3011578,39.9865584],[116.3011699,39.9860252]]},"properties":{"layer":"road","major":0}},{"type":"Feature","geometry":{"type":"LineString","coordinates":[[116.3023369,39.9874835],[116.3023424,39.9873458],[116.3023481,39.9872019],[116.3023564,39.9869929],[116.3023643,39.9867924],[116.3023719,39.9866009],[116.3023781,39.9865026],[116.3023923,39.9862773],[116.3024061,39.9860568]]},"properties":{"layer":"road","major":0}},{"type":"Feature","geometry":{"type":"LineString","coordinates":[[116.3003863,39.9874102],[116.3011085,39.9874339],[116.3013607,39.9874582],[116.301426,39.9874642],[116.3014752,39.9874689],[116.3019939,39.9874794],[116.3021894,39.9874808],[116.3023369,39.9874835],[116.3024317,39.9874869],[116.3028018,39.9874993],[116.3032599,39.9875148],[116.303718,39.9875303],[116.3043071,39.9875503]]},"properties":{"layer":"road","major":0}},{"type":"Feature","geometry":{"type":"LineString","coordinates":[[116.3025418,39.9860603],[116.3025588,39.985626],[116.3025781,39.9852611]]},"properties":{"layer":"road","major":0}},{"type":"Feature","geometry":{"type":"LineString","coordinates":[[116.3034648,39.9860839],[116.303486,39.9857768],[116.3035014,39.9855552],[116.3035173,39.985325]]},"properties":{"layer":"road","major":0}},{"type":"Feature","geometry":{"type":"LineString","coordinates":[[116.3052809,39.9880915],[116.3057755,39.9881119],[116.3065508,39.9881439]]},"properties":{"layer":"road","major":0}},{"type":"Feature","geometry":{"type":"LineString","coordinates":[[116.3065184,39.9886735],[116.3065262,39.9885458],[116.3065508,39.9881439],[116.3065874,39.9874959]]},"properties":{"layer":"road","major":1}},{"type":"Feature","geometry":{"type":"LineString","coordinates":[[116.307368,39.9881755],[116.307383,39.9879758],[116.3073956,39.9877268],[116.3074097,39.9875358]]},"properties":{"layer":"road","major":0}},{"type":"Feature","geometry":{"type":"LineString","coordinates":[[116.307383,39.9879758],[116.3079335,39.9879986],[116.3079229,39.9882164],[116.3082175,39.9882281]]},"properties":{"layer":"road","major":0}},{"type":"Feature","geometry":{"type":"LineString","coordinates":[[116.3065874,39.9874959],[116.3074097,39.9875358],[116.3075192,39.9875402],[116.3080817,39.987563],[116.3082777,39.9875709]]},"properties":{"layer":"road","major":0}},{"type":"Feature","geometry":{"type":"LineString","coordinates":[[116.3070495,39.9935443],[116.307685,39.993625],[116.3082328,39.993713],[116.3088544,39.9938129]]},"properties":{"layer":"road","major":0}},{"type":"Feature","geometry":{"type":"LineString","coordinates":[[116.3070235,39.9956535],[116.3072904,39.9950408],[116.3075816,39.993996],[116.307685,39.993625],[116.3077046,39.9935549],[116.3078183,39.992847]]},"properties":{"layer":"road","major":0}},{"type":"Feature","geometry":{"type":"LineString","coordinates":[[116.3070041,39.9958625],[116.3086883,39.9959515],[116.3091058,39.9959913]]},"properties":{"layer":"road","major":0}},{"type":"Feature","geometry":{"type":"LineString","coordinates":[[116.3054488,39.9927438],[116.3053044,39.9926481],[116.3049483,39.9925969],[116.3047779,39.9926015],[116.304665,39.9926407],[116.304495,39.9927247],[116.3044337,39.992766],[116.3043434,39.9927997],[116.3042594,39.992792],[116.3035722,39.992568],[116.3036573,39.9922963],[116.3038005,39.9922968],[116.3039284,39.9922606],[116.3040449,39.9922133],[116.3040869,39.9920774],[116.3039497,39.9919956],[116.3038067,39.9919486],[116.3036041,39.991953],[116.303426,39.9919793],[116.303321,39.9920237],[116.303296,39.9920697],[116.3033077,39.992125],[116.3033385,39.9921914],[116.3033818,39.9922861],[116.3033865,39.9925504],[116.3030455,39.9926105],[116.302588,39.9927773],[116.3023585,39.9928952],[116.3014865,39.9933198]]},"properties":{"layer":"road","major":0}},{"type":"Feature","geometry":{"type":"LineString","coordinates":[[116.3048976,39.9944889],[116.3048986,39.9944256],[116.3048824,39.9943739],[116.3048661,39.994353],[116.304848,39.9943297],[116.3047707,39.9943019],[116.3035765,39.9942789],[116.3034594,39.9942483],[116.3033254,39.9942052],[116.3032386,39.9941704],[116.3031459,39.994148],[116.3030488,39.9941322],[116.3030545,39.9938355],[116.3026772,39.9938227],[116.3025963,39.99382],[116.3017953,39.9938153],[116.3008587,39.9937975],[116.3005832,39.9937145]]},"properties":{"layer":"road","major":0}},{"type":"Feature","geometry":{"type":"LineString","coordinates":[[116.3003059,39.9906465],[116.299962,39.9906349],[116.2999869,39.9901978],[116.3003354,39.9902094]]},"properties":{"layer":"road","major":0}},{"type":"Feature","geometry":{"type":"LineString","coordinates":[[116.3003723,39.9897967],[116.3002927,39.989794],[116.2996501,39.9897724],[116.2995095,39.9897677],[116.2992206,39.989758],[116.2990363,39.9897469],[116.2990211,39.9897272],[116.2989982,39.9897174],[116.2989681,39.9897045]]},"properties":{"layer":"road","major":0}},{"type":"Feature","geometry":{"type":"LineString","coordinates":[[116.3011397,39.9911534],[116.3011357,39.9910444],[116.3011411,39.9908135],[116.301139,39.990469],[116.3010896,39.9904041],[116.3010519,39.9903681],[116.3010399,39.9903434],[116.3010541,39.9898412],[116.3003691,39.9898287]]},"properties":{"layer":"road","major":0}},{"type":"Feature","geometry":{"type":"LineString","coordinates":[[116.3034735,39.9892565],[116.3025048,39.9892479],[116.3017104,39.9892395],[116.3016689,39.9892358],[116.3010663,39.9892084],[116.3004512,39.9891884]]},"properties":{"layer":"road","major":0}},{"type":"Feature","geometry":{"type":"LineString","coordinates":[[116.3035665,39.9893799],[116.3040536,39.9893852],[116.3044071,39.989389],[116.3048422,39.9893937],[116.3051519,39.9893971]]},"properties":{"layer":"road","major":0}},{"type":"Feature","geometry":{"type":"LineString","coordinates":[[116.2943646,39.9855334],[116.2960771,39.9856785],[116.2964632,39.9856694]]},"properties":{"layer":"road","major":1}},{"type":"Feature","geometry":{"type":"LineString","coordinates":[[116.2975059,39.9878189],[116.2977716,39.9863899]]},"properties":{"layer":"road","major":0}},{"type":"Feature","geometry":{"type":"LineString","coordinates":[[116.3099356,39.9889315],[116.3100102,39.9889348],[116.3100805,39.9889379],[116.3107664,39.9889684],[116.3110604,39.9889815],[116.3110976,39.9889832],[116.3111433,39.9889853],[116.3111966,39.9889878],[116.3120966,39.9890293],[116.3137143,39.9890924],[116.3137212,39.9890298],[116.3137736,39.9890313],[116.3144892,39.9890515],[116.3145307,39.9890527]]},"properties":{"layer":"road","major":1}},{"type":"Feature","geometry":{"type":"LineString","coordinates":[[116.3120966,39.9890293],[116.3121008,39.9889728],[116.312115,39.9886715],[116.3121162,39.9886303],[116.3121516,39.9880889],[116.3122098,39.9881038],[116.3123553,39.9881514],[116.3124321,39.9882065],[116.312569,39.9882967],[116.3126866,39.98835],[116.3128691,39.9883868],[116.3129963,39.9883905],[116.3131475,39.9883574],[116.3132347,39.9883422],[116.313333,39.9883309],[116.3135724,39.9883298],[116.3137646,39.9883528],[116.3141846,39.9883702],[116.3143142,39.9884475],[116.3144751,39.9884769],[116.3145688,39.9884544],[116.3145499,39.9887302],[116.3145318,39.9889954],[116.3145307,39.9890527],[116.3145124,39.989336],[116.3144974,39.9895048],[116.3144704,39.9898088],[116.3144615,39.9899093],[116.3144347,39.9901439],[116.3143986,39.9904603],[116.3143944,39.990497]]},"properties":{"layer":"road","major":1}},{"type":"Feature","geometry":{"type":"LineString","coordinates":[[116.3121162,39.9886303],[116.3120449,39.9886259],[116.3119396,39.9885975],[116.3118579,39.9885533],[116.311796,39.9884898],[116.3117541,39.9884141],[116.3117514,39.9883432],[116.3117504,39.9883187],[116.3118087,39.9882088],[116.3118848,39.9881482],[116.311988,39.988112],[116.312112,39.9880928],[116.3121516,39.9880889]]},"properties":{"layer":"road","major":0}},{"type":"Feature","geometry":{"type":"LineString","coordinates":[[116.3133136,39.988857],[116.3138153,39.988867]]},"properties":{"layer":"road","major":0}},{"type":"Feature","geometry":{"type":"LineString","coordinates":[[116.3006773,39.9932778],[116.3007861,39.9936],[116.3008587,39.9937975]]},"properties":{"layer":"road","major":0}},{"type":"Feature","geometry":{"type":"LineString","coordinates":[[116.3019462,39.9945728],[116.301942,39.9943809],[116.3018347,39.9942905],[116.3017811,39.9940686],[116.3017953,39.9938153],[116.3018061,39.9936325],[116.3018086,39.9935775],[116.3017858,39.9935307]]},"properties":{"layer":"road","major":0}},{"type":"Feature","geometry":{"type":"LineString","coordinates":[[116.3017858,39.9935307],[116.3016983,39.9934064]]},"properties":{"layer":"road","major":0}},{"type":"Feature","geometry":{"type":"LineString","coordinates":[[116.3016983,39.9934064],[116.3014865,39.9933198]]},"properties":{"layer":"road","major":0}},{"type":"Feature","geometry":{"type":"LineString","coordinates":[[116.3006773,39.9932778],[116.3012134,39.9932787],[116.3013237,39.9933298],[116.3014865,39.9933198]]},"properties":{"layer":"road","major":0}},{"type":"Feature","geometry":{"type":"LineString","coordinates":[[116.3006002,39.9928621],[116.3007977,39.9928344],[116.3010897,39.9928357],[116.301257,39.9928364],[116.3015255,39.9928837]]},"properties":{"layer":"road","major":0}},{"type":"Feature","geometry":{"type":"LineString","coordinates":[[116.3015255,39.9928837],[116.3014853,39.9929227],[116.301475,39.9929487],[116.3014792,39.992976],[116.3015054,39.9930036],[116.3015139,39.9930422],[116.3015153,39.9930821],[116.3015081,39.9931805],[116.3015037,39.9932343],[116.3014987,39.9932745],[116.3014865,39.9933198]]},"properties":{"layer":"road","major":0}},{"type":"Feature","geometry":{"type":"LineString","coordinates":[[116.3015255,39.9928837],[116.3016682,39.9927362],[116.3017508,39.9927327],[116.3018364,39.992743],[116.3019313,39.9927847],[116.3020164,39.9928204],[116.3021074,39.9928464],[116.3023585,39.9928952]]},"properties":{"layer":"road","major":0}},{"type":"Feature","geometry":{"type":"LineString","coordinates":[[116.3016347,39.9911692],[116.3016158,39.9915999],[116.3016117,39.9918729]]},"properties":{"layer":"road","major":0}},{"type":"Feature","geometry":{"type":"LineString","coordinates":[[116.3015255,39.9928837],[116.301516,39.9927651],[116.3015027,39.992634],[116.3015032,39.9924244],[116.3015209,39.9921821],[116.3015419,39.992057],[116.3015711,39.9919617],[116.3016117,39.9918729]]},"properties":{"layer":"road","major":0}},{"type":"Feature","geometry":{"type":"LineString","coordinates":[[116.3024414,39.9911896],[116.3024263,39.991608],[116.3024169,39.9918699]]},"properties":{"layer":"road","major":0}},{"type":"Feature","geometry":{"type":"LineString","coordinates":[[116.3008391,39.9920485],[116.3011092,39.9919871],[116.3016117,39.9918729],[116.3020216,39.9918714],[116.3024169,39.9918699],[116.302612,39.9918662],[116.3028495,39.991816],[116.3029449,39.9917813],[116.3030362,39.9917482],[116.3047631,39.9917798],[116.3060249,39.9918029]]},"properties":{"layer":"road","major":0}},{"type":"Feature","geometry":{"type":"LineString","coordinates":[[116.3024169,39.9918699],[116.3025309,39.9919658],[116.3027913,39.992172]]},"properties":{"layer":"road","major":0}},{"type":"Feature","geometry":{"type":"LineString","coordinates":[[116.3015255,39.9928837],[116.3017126,39.9926338],[116.3018857,39.9924123],[116.3021092,39.9921502],[116.3024169,39.9918699]]},"properties":{"layer":"road","major":0}},{"type":"Feature","geometry":{"type":"LineString","coordinates":[[116.3016347,39.9911692],[116.3016464,39.990854],[116.3016487,39.9907911],[116.3016639,39.9903817],[116.3016764,39.9900461],[116.3016821,39.9898933],[116.3016917,39.9896332],[116.3017104,39.9892395]]},"properties":{"layer":"road","major":0}},{"type":"Feature","geometry":{"type":"LineString","coordinates":[[116.3024414,39.9911896],[116.3024513,39.9908752],[116.3024536,39.9908025],[116.3024666,39.9903888],[116.3024793,39.9899856],[116.3024817,39.9899111],[116.3024903,39.9896379],[116.3025048,39.9892479]]},"properties":{"layer":"road","major":0}},{"type":"Feature","geometry":{"type":"LineString","coordinates":[[116.3051295,39.9897386],[116.3064146,39.9897919]]},"properties":{"layer":"road","major":0}},{"type":"Feature","geometry":{"type":"LineString","coordinates":[[116.3050398,39.9910584],[116.3052647,39.9910154],[116.3056955,39.9910331],[116.305874,39.9910404],[116.3059461,39.9910438],[116.3063316,39.9910617]]},"properties":{"layer":"road","major":0}},{"type":"Feature","geometry":{"type":"LineString","coordinates":[[116.3048326,39.9898976],[116.3051105,39.9902074],[116.305332,39.9902173],[116.3057518,39.9902368],[116.3063789,39.9902667]]},"properties":{"layer":"road","major":0}},{"type":"Feature","geometry":{"type":"LineString","coordinates":[[116.3052647,39.9910154],[116.3052974,39.9906472],[116.305332,39.9902173]]},"properties":{"layer":"road","major":0}},{"type":"Feature","geometry":{"type":"LineString","coordinates":[[116.3030541,39.993718],[116.3030555,39.9936632],[116.3029249,39.9936204],[116.3029002,39.993543],[116.3029106,39.9934881],[116.3030506,39.9932898],[116.3031027,39.9932591],[116.3033293,39.9931935],[116.3035463,39.9931217],[116.3037239,39.9931784],[116.3037578,39.9933494],[116.3037707,39.9934145],[116.3037793,39.9936189],[116.3037806,39.9936488],[116.3035734,39.9936488],[116.3032553,39.9935524],[116.3030555,39.9936632]]},"properties":{"layer":"road","major":0}},{"type":"Feature","geometry":{"type":"LineString","coordinates":[[116.3025963,39.99382],[116.3017858,39.9935307]]},"properties":{"layer":"road","major":0}},{"type":"Feature","geometry":{"type":"LineString","coordinates":[[116.3047424,39.9986863],[116.3047702,39.9986042],[116.3051099,39.9986332],[116.3057151,39.9987003],[116.3059842,39.998746],[116.3059303,39.9989255],[116.3065303,39.9990263],[116.3064403,39.9993288],[116.3064173,39.9993863],[116.3063884,39.9994725],[116.3063439,39.9996276],[116.3063042,39.9997803]]},"properties":{"layer":"road","major":0}},{"type":"Feature","geometry":{"type":"LineString","coordinates":[[116.3066471,39.9997188],[116.3067003,39.9995604]]},"properties":{"layer":"road","major":0}},{"type":"Feature","geometry":{"type":"LineString","coordinates":[[116.3067003,39.9995604],[116.3063884,39.9994725],[116.3060787,39.9994605],[116.3060144,39.9996033],[116.3063439,39.9996276]]},"properties":{"layer":"road","major":0}},{"type":"Feature","geometry":{"type":"LineString","coordinates":[[116.3029699,39.9986166],[116.3027541,39.9998953],[116.3027058,39.9999474],[116.302542,40.0000975]]},"properties":{"layer":"road","major":0}},{"type":"Feature","geometry":{"type":"LineString","coordinates":[[116.3067198,39.9998281],[116.3066752,39.9999541],[116.3066339,40.000052],[116.3066071,40.0001447]]},"properties":{"layer":"road","major":0}},{"type":"Feature","geometry":{"type":"LineString","coordinates":[[116.3058979,39.9996567],[116.3055256,39.9996131]]},"properties":{"layer":"road","major":0}},{"type":"Feature","geometry":{"type":"LineString","coordinates":[[116.3038887,39.9993082],[116.303799,39.9997628],[116.3037125,40.0000262],[116.30362,40.0001108]]},"properties":{"layer":"road","major":0}},{"type":"Feature","geometry":{"type":"LineString","coordinates":[[116.3066071,40.0001447],[116.306474,40.0001784],[116.3062556,40.0001601],[116.3061119,40.0001538],[116.3059017,40.0001202],[116.3054184,40.0001541],[116.3053651,40.0001578]]},"properties":{"layer":"road","major":0}},{"type":"Feature","geometry":{"type":"LineString","coordinates":[[116.3035612,39.9844149],[116.3036043,39.9836336]]},"properties":{"layer":"road","major":0}},{"type":"Feature","geometry":{"type":"LineString","coordinates":[[116.3032862,39.9836266],[116.3036043,39.9836336]]},"properties":{"layer":"road","major":0}},{"type":"Feature","geometry":{"type":"LineString","coordinates":[[116.3036043,39.9836336],[116.3042395,39.9836488]]},"properties":{"layer":"road","major":0}},{"type":"Feature","geometry":{"type":"LineString","coordinates":[[116.3035612,39.9844149],[116.3038069,39.9844209]]},"properties":{"layer":"road","major":0}},{"type":"Feature","geometry":{"type":"LineString","coordinates":[[116.3035612,39.9844149],[116.3030548,39.98441]]},"properties":{"layer":"road","major":0}},{"type":"Feature","geometry":{"type":"LineString","coordinates":[[116.3144974,39.9895048],[116.3135432,39.9894577],[116.3126311,39.9894128],[116.3120743,39.9893853]]},"properties":{"layer":"road","major":1}},{"type":"Feature","geometry":{"type":"LineString","coordinates":[[116.3144704,39.9898088],[116.3135267,39.9897624],[116.3126045,39.9897304],[116.3120627,39.9897077]]},"properties":{"layer":"road","major":1}},{"type":"Feature","geometry":{"type":"LineString","coordinates":[[116.3144347,39.9901439],[116.313512,39.9901175],[116.312587,39.9900911],[116.3120502,39.9900758]]},"properties":{"layer":"road","major":1}},{"type":"Feature","geometry":{"type":"LineString","coordinates":[[116.3143986,39.9904603],[116.3134825,39.9904262],[116.3125705,39.9903922]]},"properties":{"layer":"road","major":1}},{"type":"Feature","geometry":{"type":"LineString","coordinates":[[116.3125383,39.9906738],[116.3125705,39.9903922],[116.312587,39.9900911],[116.3126045,39.9897304]]},"properties":{"layer":"road","major":1}},{"type":"Feature","geometry":{"type":"LineString","coordinates":[[116.3126045,39.9897304],[116.3126311,39.9894128]]},"properties":{"layer":"road","major":1}},{"type":"Feature","geometry":{"type":"LineString","coordinates":[[116.3112372,39.9922958],[116.3121705,39.9923178]]},"properties":{"layer":"road","major":1}},{"type":"Feature","geometry":{"type":"LineString","coordinates":[[116.3121902,39.9920284],[116.3108703,39.9919795],[116.3102951,39.9919545],[116.3099868,39.9919449],[116.309964,39.9924641],[116.3100104,39.9925566],[116.3108206,39.9925805],[116.3108325,39.9925499],[116.3108504,39.9923563]]},"properties":{"layer":"road","major":0}},{"type":"Feature","geometry":{"type":"LineString","coordinates":[[116.3108504,39.9923563],[116.3108703,39.9919795]]},"properties":{"layer":"road","major":0}},{"type":"Feature","geometry":{"type":"LineString","coordinates":[[116.3094547,39.9940965],[116.3096714,39.9939891],[116.3099166,39.9939264],[116.3102346,39.9938812],[116.3104663,39.9938812],[116.3105991,39.9943177],[116.3107008,39.9946519],[116.3108115,39.9950156]]},"properties":{"layer":"road","major":0}},{"type":"Feature","geometry":{"type":"LineString","coordinates":[[116.3104663,39.9938812],[116.311411,39.9939438],[116.3113733,39.99425],[116.311336,39.9945522],[116.3113198,39.9946835],[116.3112793,39.9950121],[116.3111705,39.9950137],[116.3108115,39.9950156],[116.3102982,39.9950261],[116.3102767,39.9952596],[116.3102475,39.9955779],[116.3111052,39.9956103],[116.3111394,39.9952977],[116.3111705,39.9950137]]},"properties":{"layer":"road","major":0}},{"type":"Feature","geometry":{"type":"LineString","coordinates":[[116.3111052,39.9956103],[116.311957,39.9956496],[116.3127846,39.9956848],[116.3127982,39.99568],[116.312808,39.9956224],[116.3128159,39.9953762],[116.3119949,39.9953465],[116.311957,39.9956496]]},"properties":{"layer":"road","major":0}},{"type":"Feature","geometry":{"type":"LineString","coordinates":[[116.3102767,39.9952596],[116.3111394,39.9952977],[116.3119949,39.9953465]]},"properties":{"layer":"road","major":0}},{"type":"Feature","geometry":{"type":"LineString","coordinates":[[116.3119949,39.9953465],[116.3119821,39.9950357],[116.3134244,39.995077]]},"properties":{"layer":"road","major":0}},{"type":"Feature","geometry":{"type":"LineString","coordinates":[[116.3119821,39.9950357],[116.3120321,39.9946586],[116.3120321,39.9946262],[116.3120052,39.9946114],[116.3119667,39.9946114],[116.311336,39.9945522]]},"properties":{"layer":"road","major":0}},{"type":"Feature","geometry":{"type":"LineString","coordinates":[[116.3107008,39.9946519],[116.3113198,39.9946835]]},"properties":{"layer":"road","major":0}},{"type":"Feature","geometry":{"type":"LineString","coordinates":[[116.3105991,39.9943177],[116.3113733,39.99425]]},"properties":{"layer":"road","major":0}},{"type":"Feature","geometry":{"type":"LineString","coordinates":[[116.311336,39.9945522],[116.3119821,39.9950357]]},"properties":{"layer":"road","major":0}},{"type":"Feature","geometry":{"type":"LineString","coordinates":[[116.3127982,39.99568],[116.3131435,39.9956937],[116.3131475,39.9956225]]},"properties":{"layer":"road","major":0}},{"type":"Feature","geometry":{"type":"LineString","coordinates":[[116.312808,39.9956224],[116.3131475,39.9956225],[116.3135486,39.9956325]]},"properties":{"layer":"road","major":0}},{"type":"Feature","geometry":{"type":"LineString","coordinates":[[116.3128159,39.9953762],[116.3135552,39.9953952]]},"properties":{"layer":"road","major":0}},{"type":"Feature","geometry":{"type":"LineString","coordinates":[[116.311957,39.9956496],[116.3119186,39.9960592]]},"properties":{"layer":"road","major":1}},{"type":"Feature","geometry":{"type":"LineString","coordinates":[[116.301219,39.9836437],[116.300317,39.9836237]]},"properties":{"layer":"road","major":0}},{"type":"Feature","geometry":{"type":"LineString","coordinates":[[116.301219,39.9836437],[116.3012976,39.9832307]]},"properties":{"layer":"road","major":0}},{"type":"Feature","geometry":{"type":"LineString","coordinates":[[116.30195,39.9827191],[116.3019451,39.9836619],[116.301285,39.983648],[116.301219,39.9836437]]},"properties":{"layer":"road","major":0}},{"type":"Feature","geometry":{"type":"LineString","coordinates":[[116.3008393,39.9817436],[116.3003667,39.9834449],[116.300317,39.9836237]]},"properties":{"layer":"road","major":0}},{"type":"Feature","geometry":{"type":"LineString","coordinates":[[116.300317,39.9836237],[116.3003046,39.9836683]]},"properties":{"layer":"road","major":0}},{"type":"Feature","geometry":{"type":"LineString","coordinates":[[116.300317,39.9836237],[116.2999443,39.9836061],[116.2997902,39.9834881],[116.2997155,39.9832948],[116.2997739,39.9827921],[116.2998278,39.9826016],[116.2998672,39.9818268],[116.2998852,39.9812376],[116.3009821,39.9812296]]},"properties":{"layer":"road","major":0}},{"type":"Feature","geometry":{"type":"LineString","coordinates":[[116.3119865,39.9848081],[116.3129111,39.9848396],[116.3138817,39.9848484],[116.3138562,39.9851403],[116.3138332,39.985383],[116.3137962,39.9856125],[116.3137806,39.9857619],[116.3132017,39.9857209],[116.3129241,39.9857],[116.3127227,39.9856849],[116.3124432,39.9856639],[116.311894,39.9856226],[116.3119106,39.9854767],[116.31193,39.9853056],[116.3119604,39.9850376],[116.3119865,39.9848081]]},"properties":{"layer":"road","major":0}},{"type":"Feature","geometry":{"type":"LineString","coordinates":[[116.3127227,39.9856849],[116.3127623,39.9853299],[116.3127805,39.9850954],[116.3128063,39.9848838],[116.3129111,39.9848396]]},"properties":{"layer":"road","major":0}},{"type":"Feature","geometry":{"type":"LineString","coordinates":[[116.31193,39.9853056],[116.3127623,39.9853299],[116.3129494,39.9853437],[116.3138332,39.985383],[116.3141906,39.9853977],[116.3145609,39.9854223],[116.3152328,39.9854621]]},"properties":{"layer":"road","major":0}},{"type":"Feature","geometry":{"type":"LineString","coordinates":[[116.3119604,39.9850376],[116.3127805,39.9850954],[116.3129705,39.9851121],[116.3138562,39.9851403]]},"properties":{"layer":"road","major":0}},{"type":"Feature","geometry":{"type":"LineString","coordinates":[[116.3129111,39.9848396],[116.3129946,39.9848903],[116.3129705,39.9851121],[116.3129494,39.9853437],[116.3129241,39.9857]]},"properties":{"layer":"road","major":0}},{"type":"Feature","geometry":{"type":"LineString","coordinates":[[116.3087194,39.9958471],[116.3087524,39.9951908],[116.3084458,39.9951757],[116.3080584,39.9951566],[116.3074395,39.9951261],[116.307357,39.995122],[116.3073258,39.9951205],[116.3071571,39.9957356],[116.3080065,39.9957962],[116.3087194,39.9958471],[116.3089387,39.9958631],[116.3091165,39.9958754]]},"properties":{"layer":"road","major":0}},{"type":"Feature","geometry":{"type":"LineString","coordinates":[[116.3062263,40.0011474],[116.3054806,40.001022],[116.3055342,40.0003563],[116.3054184,40.0001541]]},"properties":{"layer":"road","major":0}},{"type":"Feature","geometry":{"type":"LineString","coordinates":[[116.3062239,39.9998884],[116.3061804,40.0000181],[116.3061672,40.0000574],[116.3061404,40.00008],[116.3061119,40.0001538]]},"properties":{"layer":"road","major":0}},{"type":"Feature","geometry":{"type":"LineString","coordinates":[[116.3062134,39.9998609],[116.3062887,39.9997786]]},"properties":{"layer":"road","major":0}},{"type":"Feature","geometry":{"type":"LineString","coordinates":[[116.3028018,39.9874993],[116.3028212,39.9870744],[116.3028499,39.9865915]]},"properties":{"layer":"road","major":0}},{"type":"Feature","geometry":{"type":"LineString","coordinates":[[116.3039502,39.9882798],[116.3036859,39.9880804],[116.303718,39.9875303],[116.3037471,39.9870967],[116.3037726,39.9866235]]},"properties":{"layer":"road","major":0}},{"type":"Feature","geometry":{"type":"LineString","coordinates":[[116.3032012,39.9871184],[116.3031938,39.9871014],[116.3031929,39.9870835],[116.3032007,39.9870624],[116.3032175,39.9870446],[116.3032411,39.9870322],[116.3032688,39.9870267],[116.3032965,39.9870287],[116.3033219,39.9870375],[116.3033419,39.9870522],[116.3033545,39.9870713],[116.3033581,39.9870924],[116.3033536,39.987111],[116.303342,39.9871277],[116.3033246,39.9871411],[116.3033028,39.9871499],[116.3032785,39.9871535],[116.303254,39.9871514],[116.3032325,39.9871444],[116.3032144,39.9871331],[116.3032012,39.9871184]]},"properties":{"layer":"road","major":0}},{"type":"Feature","geometry":{"type":"LineString","coordinates":[[116.3081871,39.988744],[116.3082175,39.9882281],[116.3082344,39.9880439],[116.308265,39.98771],[116.3082777,39.9875709],[116.3082842,39.9875005],[116.3083032,39.9872941],[116.3083465,39.9868241],[116.3084393,39.9867412],[116.3084707,39.9863794],[116.3085539,39.9854197],[116.308563,39.9853151],[116.3085674,39.985272],[116.3085729,39.9852187]]},"properties":{"layer":"road","major":0}},{"type":"Feature","geometry":{"type":"LineString","coordinates":[[116.3060061,39.9869801],[116.3059321,39.9870768],[116.3058359,39.9871644],[116.3053325,39.9871409],[116.3049745,39.9871174],[116.3048739,39.9871108],[116.3045298,39.9870883],[116.3043368,39.9870757]]},"properties":{"layer":"road","major":0}},{"type":"Feature","geometry":{"type":"LineString","coordinates":[[116.3065874,39.9874959],[116.3066074,39.9871544],[116.3064832,39.9871493],[116.3064966,39.9869969],[116.3060061,39.9869801]]},"properties":{"layer":"road","major":0}},{"type":"Feature","geometry":{"type":"LineString","coordinates":[[116.3057755,39.9881119],[116.3058359,39.9871644]]},"properties":{"layer":"road","major":0}},{"type":"Feature","geometry":{"type":"LineString","coordinates":[[116.303321,39.9920237],[116.3028495,39.991816]]},"properties":{"layer":"road","major":0}},{"type":"Feature","geometry":{"type":"LineString","coordinates":[[116.3040869,39.9920774],[116.3051461,39.9920832],[116.3058675,39.9920871]]},"properties":{"layer":"road","major":0}},{"type":"Feature","geometry":{"type":"LineString","coordinates":[[116.3051097,39.9943192],[116.3054537,39.9943778],[116.3056717,39.9937257],[116.3058763,39.9931059]]},"properties":{"layer":"road","major":0}},{"type":"Feature","geometry":{"type":"LineString","coordinates":[[116.3030488,39.9941322],[116.3030869,39.9945907]]},"properties":{"layer":"road","major":0}},{"type":"Feature","geometry":{"type":"LineString","coordinates":[[116.3005549,39.9946264],[116.3002108,39.9946248],[116.3002243,39.9940346],[116.3002312,39.9936324]]},"properties":{"layer":"road","major":0}},{"type":"Feature","geometry":{"type":"LineString","coordinates":[[116.2989388,39.9947877],[116.2989433,39.9945271],[116.2989476,39.9942762],[116.2991807,39.9942762],[116.2992604,39.9942636],[116.2993238,39.9942323],[116.2993811,39.9941759],[116.2994078,39.9941299],[116.2994453,39.9940261],[116.2994603,39.9939627],[116.2994624,39.9938632],[116.2994507,39.9937707],[116.2994452,39.9937054],[116.2994193,39.9936595],[116.2993248,39.9935979]]},"properties":{"layer":"road","major":0}},{"type":"Feature","geometry":{"type":"LineString","coordinates":[[116.2998958,39.9940307],[116.3002243,39.9940346]]},"properties":{"layer":"road","major":0}},{"type":"Feature","geometry":{"type":"LineString","coordinates":[[116.3010621,39.9950259],[116.3009485,39.9950062],[116.3008334,39.9950019],[116.3007432,39.9950076],[116.3006016,39.9950294],[116.3004993,39.9950665],[116.3004651,39.9951213],[116.3005034,39.9952519],[116.3005406,39.9952676],[116.300568,39.9953063],[116.3005728,39.995382],[116.3005557,39.9954793],[116.3005319,39.9954901],[116.3005071,39.9955018],[116.3005068,39.9955244],[116.3005104,39.9956339],[116.3006451,39.9956754],[116.3007486,39.9956831],[116.3009941,39.995683]]},"properties":{"layer":"road","major":0}},{"type":"Feature","geometry":{"type":"LineString","coordinates":[[116.3010621,39.9950259],[116.3010692,39.9949324],[116.3011559,39.9948983],[116.3011977,39.9948784],[116.3012371,39.9948588],[116.3012467,39.994831],[116.3012291,39.9948063],[116.3011939,39.9947903],[116.3011685,39.9947716],[116.3011582,39.9947464],[116.3011541,39.9947269],[116.3011615,39.994705],[116.3012074,39.9946843],[116.3012364,39.9946671]]},"properties":{"layer":"road","major":0}},{"type":"Feature","geometry":{"type":"LineString","coordinates":[[116.3005104,39.9956339],[116.3005036,39.9957979],[116.3005043,39.9958783],[116.3009394,39.9958796],[116.3009466,39.9957902],[116.3009941,39.995683]]},"properties":{"layer":"road","major":0}},{"type":"Feature","geometry":{"type":"LineString","coordinates":[[116.30205,39.9964023],[116.3024289,39.9967065],[116.3025027,39.9967484],[116.3025624,39.9967641],[116.3025855,39.9967774],[116.3026043,39.9968138],[116.3025996,39.9968363],[116.3025725,39.9968647],[116.3025249,39.9969046],[116.3025915,39.9969772],[116.3026528,39.9971244],[116.3027096,39.9972021],[116.3027551,39.997246],[116.3028075,39.9972791],[116.3028789,39.997296],[116.3029805,39.9972974],[116.3030586,39.9972892],[116.3031515,39.9972917],[116.3032173,39.9973054],[116.3032549,39.9973132],[116.3033148,39.997329],[116.3033612,39.997352],[116.3034132,39.9974022],[116.3034457,39.9974254]]},"properties":{"layer":"road","major":0}},{"type":"Feature","geometry":{"type":"LineString","coordinates":[[116.3017558,39.9950499],[116.3024483,39.995007],[116.3030868,39.9949674],[116.3032688,39.9950187],[116.3034717,39.9951127],[116.3040948,39.9952062],[116.304791,39.9953265]]},"properties":{"layer":"road","major":0}},{"type":"Feature","geometry":{"type":"LineString","coordinates":[[116.2957588,39.9960305],[116.2957256,39.9962102],[116.295819,39.9964642],[116.2957873,39.9967185],[116.2956988,39.9974295],[116.2956512,39.9978116],[116.2955711,39.998454]]},"properties":{"layer":"road","major":0}},{"type":"Feature","geometry":{"type":"LineString","coordinates":[[116.2954128,39.9986894],[116.2954225,39.9986048],[116.2954408,39.9984461],[116.2955711,39.998454],[116.296562,39.9985137],[116.2966877,39.9985213],[116.2966737,39.9987681],[116.2954128,39.9986894]]},"properties":{"layer":"road","major":0}},{"type":"Feature","geometry":{"type":"LineString","coordinates":[[116.296562,39.9985137],[116.2966848,39.9974953],[116.296753,39.9969293]]},"properties":{"layer":"road","major":0}},{"type":"Feature","geometry":{"type":"LineString","coordinates":[[116.2956988,39.9974295],[116.2961989,39.9974629],[116.2966848,39.9974953]]},"properties":{"layer":"road","major":0}},{"type":"Feature","geometry":{"type":"LineString","coordinates":[[116.2961989,39.9974629],[116.2963094,39.9964856],[116.295819,39.9964642]]},"properties":{"layer":"road","major":0}},{"type":"Feature","geometry":{"type":"LineString","coordinates":[[116.298258,39.9964026],[116.2983824,39.9965187],[116.2992127,39.9965785],[116.3005453,39.9966745],[116.3011122,39.9969908],[116.3012072,39.9971267],[116.3016668,39.9977839],[116.3018249,39.9983328]]},"properties":{"layer":"road","major":0}},{"type":"Feature","geometry":{"type":"LineString","coordinates":[[116.2992127,39.9965785],[116.2991958,39.9968161],[116.2992512,39.9970852],[116.2991526,39.9974157],[116.299128,39.9976045],[116.2992574,39.9979066],[116.2993438,39.9979815],[116.2993991,39.9980293],[116.299356,39.9987846]]},"properties":{"layer":"road","major":0}},{"type":"Feature","geometry":{"type":"LineString","coordinates":[[116.2993438,39.9979815],[116.299473,39.997968],[116.2995593,39.9979113],[116.2997812,39.9973354],[116.2998797,39.997241],[116.300157,39.9971985],[116.3002618,39.9972316],[116.3005884,39.9972221],[116.3008225,39.9972316],[116.3012072,39.9971267]]},"properties":{"layer":"road","major":0}},{"type":"Feature","geometry":{"type":"LineString","coordinates":[[116.3022206,39.9963349],[116.3022883,39.9963082],[116.3025664,39.9961902],[116.302746,39.996135],[116.3028518,39.9961155],[116.3032469,39.9961568],[116.3034948,39.9961792],[116.3036001,39.9961909]]},"properties":{"layer":"road","major":0}},{"type":"Feature","geometry":{"type":"LineString","coordinates":[[116.3034717,39.9951127],[116.3033235,39.9957918],[116.3033263,39.9958469],[116.3033459,39.9958809],[116.3033903,39.9958913],[116.3036141,39.9959189],[116.3038053,39.995917],[116.303967,39.9959026],[116.3043027,39.9959222],[116.304453,39.9959251],[116.3045608,39.9959197],[116.3047237,39.9959026]]},"properties":{"layer":"road","major":0}},{"type":"Feature","geometry":{"type":"LineString","coordinates":[[116.3063579,39.9949538],[116.3063248,39.9950837],[116.306155,39.9959011],[116.3060029,39.996633]]},"properties":{"layer":"road","major":0}},{"type":"Feature","geometry":{"type":"LineString","coordinates":[[116.3046936,39.9915619],[116.3047717,39.9915743],[116.3048758,39.9915966]]},"properties":{"layer":"road","major":0}},{"type":"Feature","geometry":{"type":"LineString","coordinates":[[116.2995117,39.9864681],[116.2994495,39.9868606],[116.2994076,39.9871864],[116.2993949,39.9872855],[116.2993346,39.987671],[116.2992875,39.987993],[116.299233,39.9886106]]},"properties":{"layer":"road","major":0}},{"type":"Feature","geometry":{"type":"LineString","coordinates":[[116.299233,39.9886106],[116.3003861,39.9886754]]},"properties":{"layer":"road","major":0}},{"type":"Feature","geometry":{"type":"LineString","coordinates":[[116.2992875,39.987993],[116.3002582,39.9880049],[116.3003827,39.9880084]]},"properties":{"layer":"road","major":0}},{"type":"Feature","geometry":{"type":"LineString","coordinates":[[116.2993346,39.987671],[116.3003847,39.9876728]]},"properties":{"layer":"road","major":0}},{"type":"Feature","geometry":{"type":"LineString","coordinates":[[116.2993949,39.9872855],[116.3003869,39.9873111]]},"properties":{"layer":"road","major":0}},{"type":"Feature","geometry":{"type":"LineString","coordinates":[[116.2994495,39.9868606],[116.3003895,39.9868888]]},"properties":{"layer":"road","major":0}},{"type":"Feature","geometry":{"type":"LineString","coordinates":[[116.2995117,39.9864681],[116.2995189,39.9864392],[116.2995292,39.9863923],[116.2994787,39.9863847],[116.299392,39.9863944]]},"properties":{"layer":"road","major":0}},{"type":"Feature","geometry":{"type":"LineString","coordinates":[[116.3017104,39.9892395],[116.3018337,39.9891594],[116.3024429,39.9891663],[116.3028161,39.9891706],[116.3032716,39.9891757],[116.3034735,39.9892565]]},"properties":{"layer":"road","major":0}},{"type":"Feature","geometry":{"type":"LineString","coordinates":[[116.3038904,39.9891519],[116.3039436,39.9883759],[116.3039502,39.9882798]]},"properties":{"layer":"road","major":0}},{"type":"Feature","geometry":{"type":"LineString","coordinates":[[116.3120321,39.9946262],[116.3122974,39.9946225],[116.3127739,39.9947068],[116.3128347,39.9946945],[116.3128834,39.9946667],[116.3130906,39.9945346],[116.3132118,39.9944675],[116.3133571,39.9944062],[116.3134698,39.9943519],[116.3135302,39.9943337],[116.3135837,39.9943341],[116.3136787,39.9943393],[116.3142461,39.9943906]]},"properties":{"layer":"road","major":1}},{"type":"Feature","geometry":{"type":"LineString","coordinates":[[116.3121553,39.9926498],[116.3136002,39.9926957]]},"properties":{"layer":"road","major":0}},{"type":"Feature","geometry":{"type":"LineString","coordinates":[[116.3106754,39.9907934],[116.310718,39.9906875],[116.3107343,39.9906469],[116.3107472,39.9905974],[116.3108304,39.9899648],[116.3106085,39.9899507],[116.310627,39.9896745],[116.3107026,39.9896773],[116.3111568,39.9896939],[116.3119765,39.989724]]},"properties":{"layer":"road","major":0}},{"type":"Feature","geometry":{"type":"LineString","coordinates":[[116.3111568,39.9896939],[116.3111816,39.9892323]]},"properties":{"layer":"road","major":0}},{"type":"Feature","geometry":{"type":"LineString","coordinates":[[116.3107472,39.9905974],[116.3120239,39.9906519],[116.3125383,39.9906738],[116.3134476,39.9907087]]},"properties":{"layer":"road","major":0}},{"type":"Feature","geometry":{"type":"LineString","coordinates":[[116.3110604,39.9889815],[116.3111764,39.9877848],[116.3111869,39.9876762],[116.3109962,39.9875186],[116.3104444,39.9874874]]},"properties":{"layer":"road","major":1}},{"type":"Feature","geometry":{"type":"LineString","coordinates":[[116.3100721,39.9871333],[116.3101518,39.9871378],[116.3102133,39.9871413],[116.3110248,39.9871877],[116.3113071,39.9872041],[116.3113769,39.9866088],[116.311381,39.9865738],[116.3102647,39.9864912],[116.3102087,39.9864871],[116.3101131,39.9864894]]},"properties":{"layer":"road","major":1}},{"type":"Feature","geometry":{"type":"LineString","coordinates":[[116.3109962,39.9875186],[116.3110248,39.9871877]]},"properties":{"layer":"road","major":1}},{"type":"Feature","geometry":{"type":"LineString","coordinates":[[116.3124432,39.9856639],[116.312405,39.9859391],[116.3123818,39.9861551]]},"properties":{"layer":"road","major":0}},{"type":"Feature","geometry":{"type":"LineString","coordinates":[[116.3132017,39.9857209],[116.3131679,39.9859901],[116.3131335,39.9862222]]},"properties":{"layer":"road","major":0}},{"type":"Feature","geometry":{"type":"LineString","coordinates":[[116.3119106,39.9854767],[116.3116429,39.9854598],[116.3116084,39.9858705],[116.311926,39.9858985],[116.312405,39.9859391],[116.3131679,39.9859901],[116.3137934,39.9860262],[116.3144564,39.9860634]]},"properties":{"layer":"road","major":0}},{"type":"Feature","geometry":{"type":"LineString","coordinates":[[116.311926,39.9858985],[116.3119006,39.9860909],[116.3119313,39.9861265],[116.3118633,39.9866504],[116.3117931,39.9871918],[116.3125709,39.987244],[116.3126192,39.9872472],[116.3134559,39.9873033],[116.3135796,39.9873116],[116.3135817,39.9873968],[116.3135864,39.9875877],[116.3135888,39.9876869],[116.3152529,39.9877777],[116.3155133,39.9877919]]},"properties":{"layer":"road","major":0}},{"type":"Feature","geometry":{"type":"LineString","coordinates":[[116.3113769,39.9866088],[116.3118633,39.9866504],[116.3121519,39.9866734],[116.3126865,39.9867162],[116.3132807,39.9867637],[116.3135301,39.9867837],[116.3139616,39.9868182]]},"properties":{"layer":"road","major":0}},{"type":"Feature","geometry":{"type":"LineString","coordinates":[[116.3121519,39.9866734],[116.3121866,39.9864234],[116.3122246,39.9861499]]},"properties":{"layer":"road","major":0}},{"type":"Feature","geometry":{"type":"LineString","coordinates":[[116.3132807,39.9867637],[116.3133179,39.98651],[116.3133574,39.98624]]},"properties":{"layer":"road","major":0}},{"type":"Feature","geometry":{"type":"LineString","coordinates":[[116.3121866,39.9864234],[116.3133179,39.98651]]},"properties":{"layer":"road","major":0}},{"type":"Feature","geometry":{"type":"LineString","coordinates":[[116.3137934,39.9860262],[116.3137547,39.9862717],[116.3135981,39.9864334],[116.3135301,39.9867837],[116.3134559,39.9873033]]},"properties":{"layer":"road","major":0}},{"type":"Feature","geometry":{"type":"LineString","coordinates":[[116.3135817,39.9873968],[116.3152772,39.987517],[116.3152529,39.9877777]]},"properties":{"layer":"road","major":0}},{"type":"Feature","geometry":{"type":"LineString","coordinates":[[116.3135864,39.9875877],[116.3125271,39.9875255],[116.3111733,39.9874461]]},"properties":{"layer":"road","major":0}},{"type":"Feature","geometry":{"type":"LineString","coordinates":[[116.3125271,39.9875255],[116.3125709,39.987244]]},"properties":{"layer":"road","major":0}},{"type":"Feature","geometry":{"type":"LineString","coordinates":[[116.3126192,39.9872472],[116.3126865,39.9867162]]},"properties":{"layer":"road","major":0}},{"type":"Feature","geometry":{"type":"LineString","coordinates":[[116.2966355,39.9935428],[116.296483,39.993651],[116.2964456,39.9937354],[116.2963958,39.9938298],[116.2962342,39.9939077],[116.296097,39.9939118],[116.2955725,39.9938841]]},"properties":{"layer":"road","major":0}},{"type":"Feature","geometry":{"type":"LineString","coordinates":[[116.2945874,39.9935371],[116.2946203,39.9936179],[116.2946381,39.9936618],[116.2946438,39.9938809],[116.2946526,39.9942188],[116.2946593,39.9944752],[116.2947655,39.9945268],[116.2947567,39.9947868],[116.2947377,39.995082],[116.294723,39.9953754],[116.2956326,39.9954032],[116.2965356,39.9954308],[116.2974949,39.995461]]},"properties":{"layer":"road","major":0}},{"type":"Feature","geometry":{"type":"LineString","coordinates":[[116.2947377,39.995082],[116.2956384,39.9951041],[116.2965572,39.9951296],[116.2966277,39.9951317],[116.2974482,39.9951558]]},"properties":{"layer":"road","major":0}},{"type":"Feature","geometry":{"type":"LineString","coordinates":[[116.2947567,39.9947868],[116.2956535,39.9947866],[116.2966944,39.9948331]]},"properties":{"layer":"road","major":0}},{"type":"Feature","geometry":{"type":"LineString","coordinates":[[116.2967846,39.9893435],[116.2967689,39.9894526],[116.2967444,39.9894655],[116.2960154,39.9898485],[116.2958076,39.9899577],[116.2956683,39.989834],[116.2953491,39.9897066],[116.2950567,39.9896327],[116.2949119,39.9896532],[116.2948207,39.9896655],[116.294797,39.9896958],[116.2947402,39.9897683],[116.2945498,39.989869],[116.2945207,39.9898951],[116.2943754,39.9900252],[116.2942976,39.990167],[116.2942413,39.9904197],[116.2942434,39.9904528],[116.294252,39.9905882],[116.2942704,39.9906143],[116.294362,39.9907444],[116.2943907,39.9907629],[116.2944639,39.9908102],[116.2946249,39.9908471],[116.294885,39.9908718],[116.29506,39.9909128],[116.2951702,39.9909534],[116.2952699,39.9909844],[116.2955352,39.9909771],[116.2959016,39.9909293]]},"properties":{"layer":"road","major":0}},{"type":"Feature","geometry":{"type":"LineString","coordinates":[[116.2947402,39.9897683],[116.2948019,39.9897868],[116.2949119,39.9898361],[116.2950353,39.9899388],[116.2951855,39.9899471],[116.2954,39.9900169],[116.2955178,39.9901062],[116.2955952,39.9901649],[116.2956338,39.990321],[116.295563,39.9904723],[116.2954493,39.9905824],[116.2953441,39.9906515],[116.2954879,39.9907304],[116.2955352,39.9909771]]},"properties":{"layer":"road","major":0}},{"type":"Feature","geometry":{"type":"LineString","coordinates":[[116.2950353,39.9899388],[116.2949011,39.9899758],[116.2947858,39.9900252],[116.294708,39.9901238],[116.2946329,39.9903046]]},"properties":{"layer":"road","major":0}},{"type":"Feature","geometry":{"type":"LineString","coordinates":[[116.3041961,39.9851228],[116.3042426,39.984333],[116.3042484,39.9842346]]},"properties":{"layer":"road","major":0}},{"type":"Feature","geometry":{"type":"LineString","coordinates":[[116.3087734,39.995109],[116.3088544,39.9938129],[116.3089338,39.9928559]]},"properties":{"layer":"road","major":0}},{"type":"Feature","geometry":{"type":"LineString","coordinates":[[116.3009941,39.995683],[116.3010668,39.9955614],[116.3010945,39.9954198],[116.3011376,39.9952191],[116.3011099,39.9950964],[116.3010621,39.9950259]]},"properties":{"layer":"road","major":0}},{"type":"Feature","geometry":{"type":"LineString","coordinates":[[116.2955971,39.9931604],[116.2955723,39.9930571],[116.2955271,39.9930034],[116.2954409,39.9929686],[116.2951203,39.9929306],[116.2944557,39.991624],[116.2944198,39.9912883]]},"properties":{"layer":"road","major":0}},{"type":"Feature","geometry":{"type":"LineString","coordinates":[[116.2947975,39.9830229],[116.2948346,39.983027],[116.294894,39.9830336],[116.2959066,39.9831671],[116.2967011,39.9832718],[116.29782,39.9835283],[116.2983238,39.9835779],[116.2990689,39.9836151],[116.2991572,39.9836195],[116.2992109,39.9836206],[116.2992698,39.9836218],[116.2994076,39.9836246]]},"properties":{"layer":"road","major":1}},{"type":"Feature","geometry":{"type":"LineString","coordinates":[[116.3089783,39.9982637],[116.3089599,39.9978701],[116.3089791,39.9972809],[116.309015,39.9968723],[116.3090285,39.9967526],[116.3090512,39.9965512],[116.3090612,39.9964623],[116.3090675,39.9964061],[116.3091058,39.9959913],[116.3091165,39.9958754],[116.3092361,39.9946011],[116.3092558,39.9943916],[116.3092761,39.9941911],[116.3093106,39.993816],[116.3093789,39.9928981],[116.3094756,39.9926209],[116.3095618,39.9917752],[116.3096429,39.9910041],[116.3096489,39.9909079],[116.3096421,39.9908058]]},"properties":{"layer":"road","major":1}},{"type":"Feature","geometry":{"type":"LineString","coordinates":[[116.308986,39.9984452],[116.3089805,39.9983157],[116.3089783,39.9982637]]},"properties":{"layer":"road","major":1}},{"type":"Feature","geometry":{"type":"LineString","coordinates":[[116.3091332,39.9984361],[116.3091352,39.9984759],[116.3091413,39.9985965]]},"properties":{"layer":"road","major":1}},{"type":"Feature","geometry":{"type":"LineString","coordinates":[[116.3091251,39.9982551],[116.3091332,39.9984361]]},"properties":{"layer":"road","major":1}},{"type":"Feature","geometry":{"type":"LineString","coordinates":[[116.3032716,39.9891757],[116.3032737,39.9889833],[116.3032769,39.988702],[116.3032817,39.988269],[116.3032835,39.9881036]]},"properties":{"layer":"road","major":0}},{"type":"Feature","geometry":{"type":"LineString","coordinates":[[116.3028161,39.9891706],[116.3028364,39.9887073],[116.3028556,39.9882687],[116.3027623,39.9882689],[116.3026852,39.9882691],[116.3024563,39.9882696]]},"properties":{"layer":"road","major":0}},{"type":"Feature","geometry":{"type":"LineString","coordinates":[[116.3024429,39.9891663],[116.3024498,39.9887038],[116.3024563,39.9882696],[116.3024227,39.9879607],[116.3024047,39.9879062],[116.3023819,39.9878375],[116.3022874,39.9877652],[116.3021267,39.9877377],[116.3020246,39.9877338]]},"properties":{"layer":"road","major":0}},{"type":"Feature","geometry":{"type":"LineString","coordinates":[[116.3099868,39.9919449],[116.3100405,39.9911833],[116.3100909,39.9911547],[116.3105684,39.9911512]]},"properties":{"layer":"road","major":0}},{"type":"Feature","geometry":{"type":"LineString","coordinates":[[116.3035722,39.992568],[116.3033865,39.9925504]]},"properties":{"layer":"road","major":0}},{"type":"Feature","geometry":{"type":"LineString","coordinates":[[116.3001184,39.9916336],[116.3006844,39.9915941],[116.3013742,39.9915984]]},"properties":{"layer":"road","major":0}},{"type":"Feature","geometry":{"type":"LineString","coordinates":[[116.2994191,39.9927301],[116.2993646,39.9928077],[116.2992913,39.9928671],[116.299183,39.9929249],[116.2991613,39.9929329],[116.2991329,39.9929457]]},"properties":{"layer":"road","major":0}},{"type":"Feature","geometry":{"type":"LineString","coordinates":[[116.2991613,39.9929329],[116.2991656,39.9929021],[116.2991674,39.9928689],[116.2991548,39.9928343],[116.2991548,39.9927942],[116.2991711,39.9927376],[116.2991981,39.9926795],[116.2992649,39.9926435],[116.2993371,39.99262],[116.2994166,39.9926118],[116.3001954,39.992616]]},"properties":{"layer":"road","major":0}},{"type":"Feature","geometry":{"type":"LineString","coordinates":[[116.2997931,39.9940052],[116.2997848,39.9940173],[116.2997817,39.9940307],[116.2997841,39.9940438],[116.2997915,39.9940558],[116.2998032,39.9940656],[116.2998182,39.9940722],[116.2998352,39.994075],[116.2998538,39.9940735],[116.2998708,39.9940675],[116.2998844,39.9940576],[116.299893,39.9940449],[116.2998958,39.9940307],[116.2998929,39.9940174],[116.2998848,39.9940055],[116.2998723,39.993996],[116.2998567,39.9939899],[116.2998393,39.9939877],[116.2998217,39.9939896],[116.2998058,39.9939957],[116.2997931,39.9940052]]},"properties":{"layer":"road","major":0}},{"type":"Feature","geometry":{"type":"LineString","coordinates":[[116.3047886,39.9913177],[116.3047631,39.9917798]]},"properties":{"layer":"road","major":0}},{"type":"Feature","geometry":{"type":"LineString","coordinates":[[116.2967924,39.9855461],[116.2968691,39.9854463],[116.2969169,39.9853243],[116.2969033,39.9851467],[116.2968996,39.9848768],[116.2969638,39.9842127],[116.296969,39.9841584]]},"properties":{"layer":"road","major":0}},{"type":"Feature","geometry":{"type":"LineString","coordinates":[[116.2935098,39.9913216],[116.2935257,39.991438],[116.2935598,39.9915126],[116.2945034,39.9934185],[116.2945315,39.993562]]},"properties":{"layer":"road","major":1}},{"type":"Feature","geometry":{"type":"LineString","coordinates":[[116.3020329,39.9830503],[116.3022374,39.9830525]]},"properties":{"layer":"road","major":0}},{"type":"Feature","geometry":{"type":"LineString","coordinates":[[116.3022409,39.9833678],[116.3031289,39.9833663]]},"properties":{"layer":"road","major":0}},{"type":"Feature","geometry":{"type":"LineString","coordinates":[[116.298924,39.9929477],[116.2988954,39.9929479],[116.2988525,39.9929594],[116.2988075,39.9930186],[116.2987586,39.9930813]]},"properties":{"layer":"road","major":0}},{"type":"Feature","geometry":{"type":"LineString","coordinates":[[116.2991329,39.9929457],[116.298924,39.9929477]]},"properties":{"layer":"road","major":0}},{"type":"Feature","geometry":{"type":"LineString","coordinates":[[116.3065508,39.9881439],[116.3067691,39.9881524],[116.3068267,39.9881546],[116.3069585,39.9881597]]},"properties":{"layer":"road","major":0}},{"type":"Feature","geometry":{"type":"LineString","coordinates":[[116.3078209,39.9912388],[116.3077663,39.9916982]]},"properties":{"layer":"road","major":0}},{"type":"Feature","geometry":{"type":"LineString","coordinates":[[116.307851,39.990749],[116.3078209,39.9912388],[116.3074832,39.9912235]]},"properties":{"layer":"road","major":0}},{"type":"Feature","geometry":{"type":"LineString","coordinates":[[116.3054664,39.9851586],[116.3054619,39.9852025],[116.3054565,39.98527]]},"properties":{"layer":"road","major":0}},{"type":"Feature","geometry":{"type":"LineString","coordinates":[[116.2985615,39.9916896],[116.2986384,39.9916958]]},"properties":{"layer":"road","major":0}},{"type":"Feature","geometry":{"type":"LineString","coordinates":[[116.3092297,39.991764],[116.3094006,39.9917638]]},"properties":{"layer":"road","major":0}},{"type":"Feature","geometry":{"type":"LineString","coordinates":[[116.3093076,39.9907995],[116.3095108,39.9908035]]},"properties":{"layer":"road","major":0}},{"type":"Feature","geometry":{"type":"LineString","coordinates":[[116.3094367,39.9887974],[116.3096166,39.9888051],[116.3097104,39.9888092],[116.3097932,39.9888105]]},"properties":{"layer":"road","major":0}},{"type":"Feature","geometry":{"type":"LineString","coordinates":[[116.3064935,39.9889675],[116.3051783,39.9889213]]},"properties":{"layer":"road","major":0}},{"type":"Feature","geometry":{"type":"LineString","coordinates":[[116.3067716,39.9886842],[116.3067436,39.9891795],[116.306716,39.9895538],[116.306732,39.9895823],[116.3064393,39.989573]]},"properties":{"layer":"road","major":0}},{"type":"Feature","geometry":{"type":"LineString","coordinates":[[116.3067436,39.9891795],[116.3064815,39.9891709]]},"properties":{"layer":"road","major":0}},{"type":"Feature","geometry":{"type":"LineString","coordinates":[[116.3014752,39.9874689],[116.3013728,39.9876478],[116.3013675,39.9878092],[116.3014369,39.9878486],[116.3014039,39.9885361],[116.3016666,39.9892297],[116.3016689,39.9892358]]},"properties":{"layer":"road","major":0}},{"type":"Feature","geometry":{"type":"LineString","coordinates":[[116.3003753,39.9885079],[116.3014039,39.9885361]]},"properties":{"layer":"road","major":0}},{"type":"Feature","geometry":{"type":"LineString","coordinates":[[116.3010838,39.9878085],[116.3010915,39.9876416],[116.3011085,39.9874339]]},"properties":{"layer":"road","major":0}},{"type":"Feature","geometry":{"type":"LineString","coordinates":[[116.3010915,39.9876416],[116.3013728,39.9876478]]},"properties":{"layer":"road","major":0}},{"type":"Feature","geometry":{"type":"LineString","coordinates":[[116.3051374,39.9896187],[116.3048422,39.9893937]]},"properties":{"layer":"road","major":0}},{"type":"Feature","geometry":{"type":"LineString","coordinates":[[116.3044071,39.989389],[116.3044151,39.9892703],[116.3044222,39.9891638],[116.3051609,39.9891805]]},"properties":{"layer":"road","major":0}},{"type":"Feature","geometry":{"type":"LineString","coordinates":[[116.2989476,39.9942762],[116.2988747,39.9942582],[116.2988285,39.9942183],[116.2987706,39.9941186],[116.2987215,39.9940101],[116.2986637,39.9939658],[116.2985746,39.9939387],[116.2985574,39.9938976],[116.2985553,39.9938285],[116.2985746,39.9937776],[116.2986304,39.99372],[116.2986454,39.9936806],[116.2986497,39.9936148],[116.2986797,39.9935277],[116.2987033,39.9934553],[116.2987583,39.9933046]]},"properties":{"layer":"road","major":0}},{"type":"Feature","geometry":{"type":"LineString","coordinates":[[116.2998352,39.994075],[116.2998333,39.9941486]]},"properties":{"layer":"road","major":0}},{"type":"Feature","geometry":{"type":"LineString","coordinates":[[116.2998393,39.9939877],[116.2998427,39.9938766]]},"properties":{"layer":"road","major":0}},{"type":"Feature","geometry":{"type":"LineString","coordinates":[[116.2993238,39.9942323],[116.2993663,39.9943313],[116.2994154,39.9943844],[116.2994299,39.9944509],[116.2994351,39.9945243],[116.2994386,39.9945727],[116.2994322,39.9947381],[116.2994299,39.9947964]]},"properties":{"layer":"road","major":0}},{"type":"Feature","geometry":{"type":"LineString","coordinates":[[116.2984633,39.9952996],[116.2984736,39.9954102],[116.2984564,39.9955182],[116.2984427,39.9956315],[116.2984496,39.9957158],[116.2984805,39.9957896],[116.2985355,39.995837],[116.2985899,39.9958325],[116.298693,39.995822],[116.298834,39.9958009],[116.298944,39.9958141],[116.2990334,39.9958378],[116.2991366,39.9958615],[116.2992157,39.9958747],[116.299281,39.9958483],[116.2993085,39.9958035],[116.2992741,39.9957429],[116.2992392,39.9956601],[116.2991929,39.9956136],[116.299164,39.9955715],[116.2991611,39.9955206],[116.2991727,39.9954718],[116.2992218,39.9953943],[116.2992363,39.9953323],[116.2992565,39.9952836]]},"properties":{"layer":"road","major":0}},{"type":"Feature","geometry":{"type":"LineString","coordinates":[[116.303583,39.9968854],[116.3036884,39.9962856]]},"properties":{"layer":"road","major":0}},{"type":"Feature","geometry":{"type":"LineString","coordinates":[[116.3113321,39.9985407],[116.3112505,39.9985445],[116.3102094,39.9984904],[116.3101191,39.9985115],[116.3100748,39.9985359],[116.3100164,39.9985848],[116.3099954,39.9986243]]},"properties":{"layer":"road","major":1}},{"type":"Feature","geometry":{"type":"LineString","coordinates":[[116.2976468,39.9991976],[116.298164,39.99931],[116.2982197,39.9994707],[116.2984473,39.999554],[116.2989353,39.9995192],[116.2990769,39.9994766],[116.2994841,39.9995308],[116.2995802,39.999649],[116.2994613,39.9999085],[116.299431,40.0001488],[116.2994567,40.000311],[116.2994665,40.0003722],[116.2994765,40.0004665],[116.299517,40.0005323],[116.2995264,40.0007728],[116.2995189,40.0008408],[116.2994878,40.0011082],[116.2994394,40.001525]]},"properties":{"layer":"road","major":0}},{"type":"Feature","geometry":{"type":"LineString","coordinates":[[116.2945095,39.9903129],[116.2946329,39.9903046],[116.2948387,39.9903094]]},"properties":{"layer":"road","major":0}},{"type":"Feature","geometry":{"type":"LineString","coordinates":[[116.3100794,39.9846841],[116.3100513,39.9851566]]},"properties":{"layer":"road","major":0}},{"type":"Feature","geometry":{"type":"LineString","coordinates":[[116.3099847,39.9853071],[116.309919,39.9851769]]},"properties":{"layer":"road","major":1}},{"type":"Feature","geometry":{"type":"LineString","coordinates":[[116.3101842,39.98404],[116.3103026,39.983938]]},"properties":{"layer":"road","major":1}},{"type":"Feature","geometry":{"type":"LineString","coordinates":[[116.3099453,39.9840357],[116.3100646,39.9839321]]},"properties":{"layer":"road","major":1}},{"type":"Feature","geometry":{"type":"LineString","coordinates":[[116.3100563,39.9840355],[116.3100646,39.9839321]]},"properties":{"layer":"road","major":1}},{"type":"Feature","geometry":{"type":"LineString","coordinates":[[116.310156,39.984446],[116.3101601,39.9843773]]},"properties":{"layer":"road","major":1}},{"type":"Feature","geometry":{"type":"LineString","coordinates":[[116.3100262,39.984442],[116.3100265,39.9843724]]},"properties":{"layer":"road","major":1}},{"type":"Feature","geometry":{"type":"LineString","coordinates":[[116.3099165,39.9844387],[116.309919,39.9843686]]},"properties":{"layer":"road","major":1}},{"type":"Feature","geometry":{"type":"LineString","coordinates":[[116.3102677,39.9843816],[116.3102652,39.9844495]]},"properties":{"layer":"road","major":1}},{"type":"Feature","geometry":{"type":"LineString","coordinates":[[116.3105491,39.9846246],[116.3106137,39.9838238]]},"properties":{"layer":"road","major":0}},{"type":"Feature","geometry":{"type":"LineString","coordinates":[[116.3106137,39.9838238],[116.310602,39.9838233],[116.3098233,39.9837887],[116.309734,39.9837847]]},"properties":{"layer":"road","major":0}},{"type":"Feature","geometry":{"type":"LineString","coordinates":[[116.309674,39.9845829],[116.3097534,39.9845866],[116.3104452,39.9846196],[116.3105491,39.9846246]]},"properties":{"layer":"road","major":0}},{"type":"Feature","geometry":{"type":"LineString","coordinates":[[116.3103026,39.983938],[116.3102917,39.9840462]]},"properties":{"layer":"road","major":1}},{"type":"Feature","geometry":{"type":"LineString","coordinates":[[116.30989,39.9856424],[116.3098786,39.9857284],[116.3098458,39.9857241]]},"properties":{"layer":"road","major":0}},{"type":"Feature","geometry":{"type":"LineString","coordinates":[[116.2960154,39.9898485],[116.2961467,39.9899898],[116.2962171,39.990156],[116.296228,39.9904238],[116.2961873,39.9906024],[116.2961114,39.9907582],[116.296003,39.9908682],[116.2959016,39.9909293],[116.2963391,39.9909409],[116.2963251,39.9912589]]},"properties":{"layer":"road","major":0}},{"type":"Feature","geometry":{"type":"LineString","coordinates":[[116.2958076,39.9899577],[116.2955178,39.9901062]]},"properties":{"layer":"road","major":0}},{"type":"Feature","geometry":{"type":"LineString","coordinates":[[116.2978695,39.9894225],[116.2978967,39.9892873],[116.2979014,39.9892614],[116.2979476,39.9890059],[116.2975138,39.9889609],[116.2975521,39.9886735],[116.2970035,39.9886305],[116.2970954,39.988001],[116.2970679,39.9879425],[116.2970494,39.9879032],[116.2970651,39.9877813]]},"properties":{"layer":"road","major":1}},{"type":"Feature","geometry":{"type":"LineString","coordinates":[[116.2979476,39.9890059],[116.2983455,39.9890328],[116.2983814,39.9890352],[116.2985071,39.9881338],[116.2985134,39.9880884]]},"properties":{"layer":"road","major":1}},{"type":"Feature","geometry":{"type":"LineString","coordinates":[[116.2970954,39.988001],[116.2973451,39.9880245],[116.2981876,39.9881037],[116.2985071,39.9881338]]},"properties":{"layer":"road","major":1}},{"type":"Feature","geometry":{"type":"LineString","coordinates":[[116.2987669,39.9881093],[116.298596,39.9880953],[116.2985134,39.9880884],[116.2982123,39.9880508],[116.2981109,39.9878858],[116.2975059,39.9878189],[116.2973807,39.9878082],[116.2970651,39.9877813]]},"properties":{"layer":"road","major":0}},{"type":"Feature","geometry":{"type":"LineString","coordinates":[[116.2970679,39.9879425],[116.2967524,39.987907],[116.296655,39.9879402],[116.2965629,39.9879402],[116.2964601,39.9879209],[116.2963536,39.9878808],[116.2963139,39.9878587]]},"properties":{"layer":"road","major":1}},{"type":"Feature","geometry":{"type":"LineString","coordinates":[[116.2947214,39.9891933],[116.2948168,39.9890187],[116.2950056,39.987665],[116.2955528,39.9876945]]},"properties":{"layer":"road","major":1}},{"type":"Feature","geometry":{"type":"LineString","coordinates":[[116.2945315,39.993562],[116.2945874,39.9935371],[116.2948421,39.9934236],[116.2955971,39.9931604]]},"properties":{"layer":"road","major":1}},{"type":"Feature","geometry":{"type":"LineString","coordinates":[[116.309952,39.9993217],[116.3099898,39.9987135],[116.3099954,39.9986243]]},"properties":{"layer":"road","major":0}},{"type":"Feature","geometry":{"type":"LineString","coordinates":[[116.3099954,39.9986243],[116.3093829,39.9986061],[116.3093191,39.9986019],[116.309222,39.9985989],[116.3091413,39.9985965]]},"properties":{"layer":"road","major":1}},{"type":"Feature","geometry":{"type":"LineString","coordinates":[[116.3034457,39.9974254],[116.303373,39.9976646],[116.3033504,39.997739],[116.3037737,39.9978145]]},"properties":{"layer":"road","major":0}},{"type":"Feature","geometry":{"type":"LineString","coordinates":[[116.303373,39.9976646],[116.3033003,39.9976515],[116.3026661,39.9973682]]},"properties":{"layer":"road","major":0}},{"type":"Feature","geometry":{"type":"LineString","coordinates":[[116.3059936,39.9952523],[116.3056063,39.9952175],[116.3056154,39.9951564],[116.3056603,39.9948701]]},"properties":{"layer":"road","major":0}},{"type":"Feature","geometry":{"type":"LineString","coordinates":[[116.306012,39.9931694],[116.3061721,39.9929564],[116.3061749,39.9927213],[116.3061867,39.9924402],[116.3061937,39.9922739],[116.3061806,39.9921576],[116.3061229,39.9920763],[116.3060622,39.9920287],[116.3059375,39.9919705]]},"properties":{"layer":"road","major":0}},{"type":"Feature","geometry":{"type":"LineString","coordinates":[[116.3061749,39.9927213],[116.3066544,39.9927329],[116.3068871,39.9927385],[116.3069936,39.9927413]]},"properties":{"layer":"road","major":0}},{"type":"Feature","geometry":{"type":"LineString","coordinates":[[116.3058826,39.9838037],[116.306563,39.983826],[116.3071999,39.9838388],[116.3076117,39.9838613],[116.3087497,39.9838916],[116.3097036,39.983917],[116.3098405,39.9839218],[116.3099263,39.9839263],[116.3100646,39.9839321]]},"properties":{"layer":"road","major":1}},{"type":"Feature","geometry":{"type":"LineString","coordinates":[[116.3032799,39.9837387],[116.3032862,39.9836266],[116.3033184,39.9830581],[116.303334,39.9827816],[116.3033397,39.982681]]},"properties":{"layer":"road","major":1}},{"type":"Feature","geometry":{"type":"LineString","coordinates":[[116.3003814,39.9882194],[116.3009554,39.9879196],[116.3010838,39.9878085],[116.3013675,39.9878092]]},"properties":{"layer":"road","major":0}},{"type":"Feature","geometry":{"type":"LineString","coordinates":[[116.3051295,39.9897386],[116.3048326,39.9898976],[116.3044718,39.9898858],[116.3043588,39.9898821],[116.3040337,39.9898714],[116.3035441,39.9898554]]},"properties":{"layer":"road","major":0}},{"type":"Feature","geometry":{"type":"LineString","coordinates":[[116.303254,39.9871514],[116.303241,39.9872589]]},"properties":{"layer":"road","major":0}},{"type":"Feature","geometry":{"type":"LineString","coordinates":[[116.3033581,39.9870924],[116.3037471,39.9870967]]},"properties":{"layer":"road","major":0}},{"type":"Feature","geometry":{"type":"LineString","coordinates":[[116.3045248,39.9871783],[116.3045163,39.9873289]]},"properties":{"layer":"road","major":0}},{"type":"Feature","geometry":{"type":"LineString","coordinates":[[116.301918,39.9906319],[116.301928,39.9906555],[116.301932,39.9906822],[116.3019334,39.9907284],[116.301928,39.9907644],[116.3019267,39.9907901],[116.3019334,39.9908487],[116.3019428,39.99086],[116.3020232,39.9908661],[116.302093,39.9908774],[116.3021627,39.9908826],[116.3022036,39.9908785]]},"properties":{"layer":"road","major":0}},{"type":"Feature","geometry":{"type":"LineString","coordinates":[[116.3023692,39.9907911],[116.3023196,39.9907875],[116.3022492,39.9907803],[116.3022217,39.9907824],[116.3022016,39.9907952],[116.3021936,39.9908271],[116.3021989,39.9908584],[116.3022036,39.9908785]]},"properties":{"layer":"road","major":0}},{"type":"Feature","geometry":{"type":"LineString","coordinates":[[116.3018811,39.9906],[116.301918,39.9906319],[116.3019488,39.9906211],[116.3019904,39.9906134],[116.302048,39.9906159],[116.3020829,39.9906247],[116.3021258,39.9906267],[116.302158,39.9906134],[116.3021795,39.9905913],[116.302211,39.9905635],[116.3022351,39.9905466],[116.3022539,39.9905353]]},"properties":{"layer":"road","major":0}},{"type":"Feature","geometry":{"type":"LineString","coordinates":[[116.3023501,39.9900065],[116.3023156,39.9900503],[116.3022901,39.9901089],[116.3022915,39.9901366],[116.3023062,39.9901726],[116.3023116,39.9902085],[116.3022995,39.9902527],[116.3022633,39.990302],[116.3022499,39.9903339],[116.3022606,39.9903647],[116.3022821,39.9903863],[116.3022807,39.9904068],[116.3022673,39.9904305],[116.3022472,39.9904531],[116.3022284,39.9904849],[116.3022391,39.9905116],[116.3022539,39.9905353],[116.3022727,39.9905558],[116.3022941,39.9905753],[116.3023075,39.9906123],[116.3023102,39.9906534],[116.3023075,39.9906771],[116.3023062,39.9907058],[116.3023169,39.9907367],[116.3023303,39.9907685],[116.3023518,39.990786],[116.3023692,39.9907911],[116.3024536,39.9908025]]},"properties":{"layer":"road","major":0}},{"type":"Feature","geometry":{"type":"LineString","coordinates":[[116.3017242,39.9900472],[116.3017792,39.9900082],[116.3017812,39.989982],[116.3017758,39.9899532],[116.3017751,39.9899234],[116.3017959,39.9899018],[116.3018415,39.9898874],[116.3018972,39.9898695],[116.301928,39.9898474],[116.3019649,39.9898253],[116.3019978,39.9898073],[116.3020285,39.9898065],[116.3020554,39.9898058],[116.3020957,39.9898052],[116.3021721,39.9898253],[116.3022143,39.989834],[116.3022747,39.9898217],[116.3023263,39.9898222],[116.302337,39.9898371],[116.3023055,39.9898777],[116.3022847,39.9899162],[116.3022928,39.989946],[116.302329,39.9899809],[116.3023867,39.9899938]]},"properties":{"layer":"road","major":0}},{"type":"Feature","geometry":{"type":"LineString","coordinates":[[116.3016764,39.9900461],[116.3017242,39.9900472],[116.3017765,39.9900657],[116.301806,39.9900883],[116.301861,39.9901243],[116.3019128,39.990144]]},"properties":{"layer":"road","major":0}},{"type":"Feature","geometry":{"type":"LineString","coordinates":[[116.3016487,39.9907911],[116.3016786,39.9907932],[116.3017161,39.9908076],[116.3017496,39.9907942],[116.3017724,39.9907474],[116.3017952,39.9907166],[116.3018133,39.9906915],[116.3018201,39.9906668],[116.3018382,39.9906483],[116.3018717,39.9906211],[116.3018811,39.9906],[116.301871,39.9905887],[116.3018683,39.9905682],[116.3018703,39.990543],[116.3018589,39.9905163],[116.3018361,39.990489],[116.3018294,39.9904711],[116.3018127,39.9904541],[116.3017952,39.9904279],[116.3017818,39.9904027],[116.3017711,39.9903791],[116.3017698,39.9903565],[116.3017724,39.990337],[116.3017845,39.9903164],[116.3018013,39.9902918],[116.301808,39.9902717],[116.3018013,39.9902507],[116.3018026,39.9902286],[116.3018368,39.9901859],[116.3018878,39.9901561],[116.3019128,39.990144],[116.3019387,39.9901315],[116.3020071,39.9901212],[116.3020782,39.990113],[116.3021426,39.9900924],[116.3021976,39.990075],[116.3022472,39.9900637],[116.3022754,39.9900359],[116.3023303,39.9900133],[116.3023501,39.9900065],[116.3023867,39.9899938],[116.3024793,39.9899856]]},"properties":{"layer":"road","major":0}},{"type":"Feature","geometry":{"type":"LineString","coordinates":[[116.2994453,39.9940261],[116.2997817,39.9940307]]},"properties":{"layer":"road","major":0}},{"type":"Feature","geometry":{"type":"LineString","coordinates":[[116.3035441,39.9898554],[116.3035327,39.9900419]]},"properties":{"layer":"road","major":0}},{"type":"Feature","geometry":{"type":"LineString","coordinates":[[116.3028212,39.9870744],[116.3031929,39.9870835]]},"properties":{"layer":"road","major":0}},{"type":"Feature","geometry":{"type":"LineString","coordinates":[[116.3045067,39.9880767],[116.3045046,39.9881338],[116.3046019,39.9882254],[116.3047159,39.9883234],[116.3048231,39.9884235],[116.3050321,39.9886069],[116.3052159,39.9886173]]},"properties":{"layer":"road","major":0}},{"type":"Feature","geometry":{"type":"LineString","coordinates":[[116.3044356,39.9853474],[116.3035173,39.985325]]},"properties":{"layer":"road","major":0}},{"type":"Feature","geometry":{"type":"LineString","coordinates":[[116.3030545,39.9938355],[116.3030543,39.9937826]]},"properties":{"layer":"road","major":0}},{"type":"Feature","geometry":{"type":"LineString","coordinates":[[116.3030543,39.9937826],[116.3030541,39.993718]]},"properties":{"layer":"road","major":0}},{"type":"Feature","geometry":{"type":"LineString","coordinates":[[116.3039284,39.9922606],[116.3040089,39.9923361],[116.3040453,39.9923942],[116.3040787,39.9924663],[116.3041029,39.9925128],[116.3041758,39.9925151],[116.3041879,39.9925616],[116.3042183,39.9925988],[116.3042962,39.9926155]]},"properties":{"layer":"road","major":0}},{"type":"Feature","geometry":{"type":"LineString","coordinates":[[116.3050814,39.9942917],[116.30493,39.9943339]]},"properties":{"layer":"road","major":0}},{"type":"Feature","geometry":{"type":"LineString","coordinates":[[116.30493,39.9943339],[116.3048661,39.994353]]},"properties":{"layer":"road","major":0}},{"type":"Feature","geometry":{"type":"LineString","coordinates":[[116.3051528,39.9942714],[116.3050814,39.9942917]]},"properties":{"layer":"road","major":0}},{"type":"Feature","geometry":{"type":"LineString","coordinates":[[116.3050748,39.990637],[116.3051673,39.9906416]]},"properties":{"layer":"road","major":0}},{"type":"Feature","geometry":{"type":"LineString","coordinates":[[116.304946,39.9906311],[116.3046526,39.9906159],[116.304647,39.9907449],[116.3047588,39.9908411],[116.3047245,39.991207],[116.304365,39.991192],[116.304354,39.9912987]]},"properties":{"layer":"road","major":0}},{"type":"Feature","geometry":{"type":"LineString","coordinates":[[116.3046526,39.9906159],[116.3046582,39.9905008],[116.3047814,39.9904231],[116.3047934,39.9902892],[116.3048092,39.9901139],[116.3047639,39.9899798],[116.3044706,39.9899627]]},"properties":{"layer":"road","major":0}},{"type":"Feature","geometry":{"type":"LineString","coordinates":[[116.3035441,39.9898554],[116.303555,39.9896484],[116.3035665,39.9893799],[116.303476,39.98936],[116.3034735,39.9892565]]},"properties":{"layer":"road","major":0}},{"type":"Feature","geometry":{"type":"LineString","coordinates":[[116.3029836,39.9912205],[116.3029988,39.9907413],[116.3030128,39.9903018],[116.3030212,39.9900373],[116.3030344,39.9896825],[116.3030357,39.9896433]]},"properties":{"layer":"road","major":0}},{"type":"Feature","geometry":{"type":"LineString","coordinates":[[116.3066043,39.9949843],[116.3063641,39.9960126],[116.3062133,39.9966581],[116.3061367,39.9969862],[116.3060339,39.997426],[116.30596,39.99781],[116.3059465,39.9982089]]},"properties":{"layer":"road","major":0}},{"type":"Feature","geometry":{"type":"LineString","coordinates":[[116.3072904,39.9950408],[116.3066043,39.9949843],[116.3063579,39.9949538],[116.3056603,39.9948701],[116.3048944,39.9947764],[116.3047211,39.9947539]]},"properties":{"layer":"road","major":0}},{"type":"Feature","geometry":{"type":"LineString","coordinates":[[116.3053959,39.991462],[116.3058289,39.9914787],[116.3059163,39.9914821],[116.30631,39.9914972]]},"properties":{"layer":"road","major":0}},{"type":"Feature","geometry":{"type":"LineString","coordinates":[[116.2986384,39.9916958],[116.2988164,39.99167],[116.2989846,39.9916265],[116.2991405,39.9915826],[116.2992709,39.991548],[116.2993541,39.991515],[116.2994456,39.9914657],[116.2995116,39.9913925],[116.2995454,39.9913275],[116.2998032,39.9912665],[116.3002893,39.9911446]]},"properties":{"layer":"road","major":1}},{"type":"Feature","geometry":{"type":"LineString","coordinates":[[116.3070746,39.993371],[116.306012,39.9931694],[116.3059349,39.9931548],[116.3058763,39.9931059],[116.30567,39.9928905],[116.3054488,39.9927438]]},"properties":{"layer":"road","major":0}},{"type":"Feature","geometry":{"type":"LineString","coordinates":[[116.3007861,39.9936],[116.3012357,39.9936232],[116.3013407,39.9936097],[116.3014508,39.9935414],[116.3014865,39.9933198]]},"properties":{"layer":"road","major":0}},{"type":"Feature","geometry":{"type":"LineString","coordinates":[[116.3003771,39.9948364],[116.3003829,39.9950533],[116.3004651,39.9951213]]},"properties":{"layer":"road","major":0}},{"type":"Feature","geometry":{"type":"LineString","coordinates":[[116.3005036,39.9957979],[116.3000968,39.9957965]]},"properties":{"layer":"road","major":0}},{"type":"Feature","geometry":{"type":"LineString","coordinates":[[116.3046036,39.9964913],[116.3046961,39.996561],[116.304732,39.9966541],[116.3047163,39.9967261],[116.3046537,39.9967959],[116.3045635,39.9968552]]},"properties":{"layer":"road","major":0}},{"type":"Feature","geometry":{"type":"LineString","coordinates":[[116.3045067,39.9880767],[116.3042618,39.9880661],[116.3042782,39.987858],[116.3045067,39.9880767]]},"properties":{"layer":"road","major":0}},{"type":"Feature","geometry":{"type":"LineString","coordinates":[[116.3043961,39.9861106],[116.3044356,39.9853474]]},"properties":{"layer":"road","major":0}},{"type":"Feature","geometry":{"type":"LineString","coordinates":[[116.3003839,39.9880782],[116.3002247,39.9880775]]},"properties":{"layer":"road","major":0}},{"type":"Feature","geometry":{"type":"LineString","coordinates":[[116.3024047,39.9879062],[116.3028429,39.9879202],[116.3031062,39.9879286],[116.3032702,39.9879338],[116.3032835,39.9881036]]},"properties":{"layer":"road","major":0}},{"type":"Feature","geometry":{"type":"LineString","coordinates":[[116.3028556,39.9882687],[116.3028524,39.9881812],[116.3028429,39.9879202]]},"properties":{"layer":"road","major":0}},{"type":"Feature","geometry":{"type":"LineString","coordinates":[[116.2999869,39.9901978],[116.2998396,39.9901606],[116.2996433,39.99015],[116.2996179,39.9901482],[116.2996154,39.9902503]]},"properties":{"layer":"road","major":0}},{"type":"Feature","geometry":{"type":"LineString","coordinates":[[116.2996179,39.9901482],[116.2996246,39.9900702],[116.2996501,39.9897724]]},"properties":{"layer":"road","major":0}},{"type":"Feature","geometry":{"type":"LineString","coordinates":[[116.2996246,39.9900702],[116.2989612,39.9900508]]},"properties":{"layer":"road","major":0}},{"type":"Feature","geometry":{"type":"LineString","coordinates":[[116.3024047,39.9879062],[116.3024324,39.9875392],[116.3024317,39.9874869]]},"properties":{"layer":"road","major":0}},{"type":"Feature","geometry":{"type":"LineString","coordinates":[[116.3051232,39.9876425],[116.304918,39.9876322]]},"properties":{"layer":"road","major":0}},{"type":"Feature","geometry":{"type":"LineString","coordinates":[[116.3047501,39.9912889],[116.3047886,39.9913177],[116.3048939,39.9914007],[116.3053959,39.991462]]},"properties":{"layer":"road","major":0}},{"type":"Feature","geometry":{"type":"LineString","coordinates":[[116.3011699,39.9860252],[116.3010782,39.9859284],[116.3010892,39.9854553]]},"properties":{"layer":"road","major":0}},{"type":"Feature","geometry":{"type":"LineString","coordinates":[[116.3017116,39.986039],[116.301716,39.9859485],[116.3017403,39.9854703]]},"properties":{"layer":"road","major":0}},{"type":"Feature","geometry":{"type":"LineString","coordinates":[[116.3034283,39.9866116],[116.3034648,39.9860839]]},"properties":{"layer":"road","major":0}},{"type":"Feature","geometry":{"type":"LineString","coordinates":[[116.303967,39.9959026],[116.3040948,39.9952062]]},"properties":{"layer":"road","major":0}},{"type":"Feature","geometry":{"type":"LineString","coordinates":[[116.3047341,39.9962926],[116.3046036,39.9964913]]},"properties":{"layer":"road","major":0}},{"type":"Feature","geometry":{"type":"LineString","coordinates":[[116.3074438,39.9950509],[116.307302,39.995042]]},"properties":{"layer":"road","major":0}},{"type":"Feature","geometry":{"type":"LineString","coordinates":[[116.3078183,39.992847],[116.3071436,39.9928338],[116.3071058,39.9928331]]},"properties":{"layer":"road","major":0}},{"type":"Feature","geometry":{"type":"LineString","coordinates":[[116.306856,39.9970522],[116.3070041,39.9958625]]},"properties":{"layer":"road","major":0}},{"type":"Feature","geometry":{"type":"LineString","coordinates":[[116.3090235,39.9915735],[116.3087716,39.9915711]]},"properties":{"layer":"road","major":0}},{"type":"Feature","geometry":{"type":"LineString","coordinates":[[116.3062133,39.9966581],[116.3060029,39.996633],[116.30596,39.9967317],[116.3058023,39.9967353],[116.3053133,39.9966679]]},"properties":{"layer":"road","major":0}},{"type":"Feature","geometry":{"type":"LineString","coordinates":[[116.3050753,39.9977167],[116.3051839,39.9976532],[116.3052771,39.9975587],[116.3052853,39.9975401],[116.3053371,39.9974228],[116.3053747,39.9972823],[116.3054635,39.99695],[116.305472,39.9969182],[116.3054709,39.9968432],[116.3054529,39.9967757],[116.3053899,39.9967114],[116.3053133,39.9966679],[116.3050014,39.9965918],[116.3049194,39.9965441],[116.3047341,39.9962926],[116.3047237,39.9959026],[116.3047401,39.9957625],[116.304791,39.9953265],[116.3047882,39.9952105],[116.3047903,39.995107],[116.3047732,39.9950198],[116.3047539,39.9949048],[116.3047346,39.9948209],[116.3047211,39.9947539]]},"properties":{"layer":"road","major":0}},{"type":"Feature","geometry":{"type":"LineString","coordinates":[[116.3011639,39.9946141],[116.3012364,39.9946671],[116.3012923,39.9946839],[116.3013555,39.9946943],[116.3014041,39.9947149],[116.301415,39.994744],[116.3013806,39.9947595],[116.3013746,39.9947895],[116.3013832,39.9948353],[116.3014067,39.9948652],[116.301474,39.9949011],[116.3015217,39.9949224],[116.3015516,39.994958],[116.301568,39.9949943],[116.3015954,39.9950274],[116.3016556,39.9950479],[116.3017558,39.9950499],[116.3017098,39.9952199],[116.3017088,39.9952718],[116.3017279,39.995332],[116.3017586,39.9954079],[116.3017134,39.9955056],[116.3016368,39.9956203],[116.3015788,39.9957773],[116.3015472,39.995871],[116.3015346,39.9959576],[116.3016127,39.9960298],[116.3017144,39.996116],[116.3017601,39.996149],[116.3018269,39.9961689],[116.3018992,39.996197],[116.3019817,39.996252],[116.3020028,39.9962912],[116.30205,39.9964023]]},"properties":{"layer":"road","major":0}},{"type":"Feature","geometry":{"type":"LineString","coordinates":[[116.3034457,39.9974254],[116.3035119,39.9974727],[116.3044899,39.997701],[116.3048389,39.9977687],[116.3049397,39.9977595],[116.3050753,39.9977167]]},"properties":{"layer":"road","major":0}},{"type":"Feature","geometry":{"type":"LineString","coordinates":[[116.3030868,39.9949674],[116.3030869,39.9945907]]},"properties":{"layer":"road","major":0}},{"type":"Feature","geometry":{"type":"LineString","coordinates":[[116.3009941,39.995683],[116.3011522,39.9956206],[116.3012329,39.9955452],[116.301267,39.9954944],[116.3012948,39.9953915],[116.3013031,39.9952717],[116.3012977,39.9951781],[116.3011962,39.9950827],[116.3010621,39.9950259]]},"properties":{"layer":"road","major":0}},{"type":"Feature","geometry":{"type":"LineString","coordinates":[[116.3000968,39.9957965],[116.3001098,39.9949726],[116.3001279,39.99493],[116.300196,39.9948851],[116.3003006,39.99485],[116.3003771,39.9948364],[116.3004735,39.9948088],[116.3005458,39.9947683],[116.3005751,39.9946999],[116.3005549,39.9946264]]},"properties":{"layer":"road","major":0}},{"type":"Feature","geometry":{"type":"LineString","coordinates":[[116.30455,39.9906151],[116.3045366,39.9906147],[116.3044141,39.9906112]]},"properties":{"layer":"road","major":0}},{"type":"Feature","geometry":{"type":"LineString","coordinates":[[116.3044706,39.9899627],[116.3043545,39.989959],[116.3043471,39.9900886]]},"properties":{"layer":"road","major":0}},{"type":"Feature","geometry":{"type":"LineString","coordinates":[[116.3074438,39.9950509],[116.3080195,39.9950761],[116.3087734,39.995109]]},"properties":{"layer":"road","major":0}},{"type":"Feature","geometry":{"type":"LineString","coordinates":[[116.3070235,39.9956535],[116.3070163,39.9957307],[116.3070091,39.9958081],[116.3070041,39.9958625]]},"properties":{"layer":"road","major":0}},{"type":"Feature","geometry":{"type":"LineString","coordinates":[[116.3060528,39.9861604],[116.3060913,39.9855746]]},"properties":{"layer":"road","major":0}},{"type":"Feature","geometry":{"type":"LineString","coordinates":[[116.3017116,39.986039],[116.3017071,39.9861274]]},"properties":{"layer":"road","major":0}},{"type":"Feature","geometry":{"type":"LineString","coordinates":[[116.3023781,39.9865026],[116.3022575,39.9864983],[116.3021368,39.986494]]},"properties":{"layer":"road","major":0}},{"type":"Feature","geometry":{"type":"LineString","coordinates":[[116.2980682,39.9928371],[116.2978617,39.9928171]]},"properties":{"layer":"road","major":0}},{"type":"Feature","geometry":{"type":"LineString","coordinates":[[116.3089338,39.9928559],[116.3090208,39.9917546]]},"properties":{"layer":"road","major":0}},{"type":"Feature","geometry":{"type":"LineString","coordinates":[[116.3042618,39.9880661],[116.3039502,39.9882798]]},"properties":{"layer":"road","major":0}},{"type":"Feature","geometry":{"type":"LineString","coordinates":[[116.3035665,39.9893799],[116.3038252,39.989202],[116.3038904,39.9891519]]},"properties":{"layer":"road","major":0}},{"type":"Feature","geometry":{"type":"LineString","coordinates":[[116.3023923,39.9862773],[116.3022713,39.986273],[116.3022175,39.9862711],[116.3021909,39.9862701]]},"properties":{"layer":"road","major":0}},{"type":"Feature","geometry":{"type":"LineString","coordinates":[[116.2995867,39.9906649],[116.2995752,39.9908082],[116.3002963,39.9908353]]},"properties":{"layer":"road","major":0}},{"type":"Feature","geometry":{"type":"LineString","coordinates":[[116.2995867,39.9906649],[116.2989511,39.9906424]]},"properties":{"layer":"road","major":0}},{"type":"Feature","geometry":{"type":"LineString","coordinates":[[116.2997796,39.9840176],[116.2997755,39.9837617]]},"properties":{"layer":"road","major":0}},{"type":"Feature","geometry":{"type":"LineString","coordinates":[[116.2992056,39.9837391],[116.2991841,39.9840001]]},"properties":{"layer":"road","major":0}},{"type":"Feature","geometry":{"type":"LineString","coordinates":[[116.2989669,39.9874271],[116.2990808,39.9874394]]},"properties":{"layer":"road","major":0}},{"type":"Feature","geometry":{"type":"LineString","coordinates":[[116.2991385,39.9864098],[116.2990316,39.9863965],[116.2989464,39.9863862]]},"properties":{"layer":"road","major":0}},{"type":"Feature","geometry":{"type":"LineString","coordinates":[[116.2994456,39.9850945],[116.2993544,39.9850883]]},"properties":{"layer":"road","major":0}},{"type":"Feature","geometry":{"type":"LineString","coordinates":[[116.2990808,39.9874394],[116.2991544,39.9874505],[116.2992096,39.9874589]]},"properties":{"layer":"road","major":0}},{"type":"Feature","geometry":{"type":"LineString","coordinates":[[116.2987952,39.9873859],[116.2988742,39.9874049],[116.2989669,39.9874271]]},"properties":{"layer":"road","major":0}},{"type":"Feature","geometry":{"type":"LineString","coordinates":[[116.2992565,39.9864118],[116.2993293,39.9864025],[116.299392,39.9863944]]},"properties":{"layer":"road","major":0}},{"type":"Feature","geometry":{"type":"LineString","coordinates":[[116.2992565,39.9864118],[116.2991385,39.9864098]]},"properties":{"layer":"road","major":0}},{"type":"Feature","geometry":{"type":"LineString","coordinates":[[116.2993544,39.9850883],[116.2992718,39.9850792],[116.2991492,39.9850657]]},"properties":{"layer":"road","major":0}},{"type":"Feature","geometry":{"type":"LineString","coordinates":[[116.2996922,39.9851347],[116.2995093,39.9851091],[116.2994456,39.9850945]]},"properties":{"layer":"road","major":0}},{"type":"Feature","geometry":{"type":"LineString","coordinates":[[116.2997755,39.9837617],[116.2997839,39.9836477],[116.2997916,39.9835418],[116.2997822,39.9835264],[116.2997217,39.9835226],[116.2995526,39.9835118],[116.2994143,39.983503],[116.2992998,39.9834957],[116.2992337,39.9834915],[116.2992163,39.9834987],[116.2992109,39.9836206],[116.2992056,39.9837391]]},"properties":{"layer":"road","major":0}},{"type":"Feature","geometry":{"type":"LineString","coordinates":[[116.2991841,39.9840001],[116.29918,39.9841395],[116.2991776,39.9842207],[116.2991761,39.9842704],[116.2991935,39.9842827],[116.2993067,39.9842883],[116.2993709,39.9842915],[116.299506,39.9842981],[116.2995966,39.9843093],[116.2996566,39.9843164],[116.299746,39.9843269],[116.2997476,39.9843123],[116.2997621,39.984179],[116.2997796,39.9840176]]},"properties":{"layer":"road","major":0}},{"type":"Feature","geometry":{"type":"LineString","coordinates":[[116.2984271,39.9895638],[116.2985514,39.9895737],[116.2988127,39.9895945],[116.2989105,39.9896023]]},"properties":{"layer":"road","major":0}},{"type":"Feature","geometry":{"type":"LineString","coordinates":[[116.2989367,39.9894184],[116.2988233,39.9894098],[116.2985748,39.989391],[116.2984425,39.9893809]]},"properties":{"layer":"road","major":0}},{"type":"Feature","geometry":{"type":"LineString","coordinates":[[116.2984163,39.9895545],[116.2984301,39.9894634],[116.2984425,39.9893809],[116.2984458,39.9893588]]},"properties":{"layer":"road","major":0}},{"type":"Feature","geometry":{"type":"LineString","coordinates":[[116.3002128,39.9746134],[116.3003254,39.9746454],[116.3003066,39.975038],[116.3002919,39.975076],[116.300257,39.9751675],[116.300253,39.9752589],[116.3000812,39.9777118],[116.3000756,39.9777895],[116.3000022,39.9788387],[116.2999459,39.9796441],[116.2999434,39.9796958],[116.2999381,39.979807],[116.2999346,39.9798817],[116.2999324,39.9799267],[116.2998627,39.9808793],[116.2998443,39.9810684],[116.299835,39.9811634],[116.2998198,39.9813191],[116.2997219,39.982879],[116.299691,39.9834709],[116.2995519,39.9834987]]},"properties":{"layer":"road","major":1}},{"type":"Feature","geometry":{"type":"LineString","coordinates":[[116.2994152,39.9834869],[116.2993544,39.9833826],[116.299396,39.9828235],[116.2994054,39.9827139],[116.2994094,39.9826673],[116.2994792,39.9822604],[116.2995046,39.9820652],[116.2995287,39.9816893],[116.2995984,39.9806042],[116.2996457,39.9798669],[116.2996502,39.9797969],[116.2996573,39.9796849],[116.2997085,39.9788877],[116.2997031,39.9787706],[116.2996951,39.9782834],[116.2997541,39.9782115],[116.2997675,39.9781365],[116.2998535,39.9764768],[116.2999499,39.9746156],[116.2999591,39.9745368],[116.2999652,39.974484],[116.2999725,39.9744214],[116.2999817,39.9743424],[116.2999912,39.9742615],[116.3000001,39.9741849],[116.3000907,39.973407],[116.3001698,39.9731695],[116.3002901,39.9721856],[116.3003654,39.9715701],[116.300387,39.9713937],[116.3004379,39.9712769]]},"properties":{"layer":"road","major":1}},{"type":"Feature","geometry":{"type":"LineString","coordinates":[[116.305046,39.9876031],[116.3049205,39.9875975]]},"properties":{"layer":"road","major":0}},{"type":"Feature","geometry":{"type":"LineString","coordinates":[[116.3050491,39.987554],[116.3050563,39.9874371]]},"properties":{"layer":"road","major":0}},{"type":"Feature","geometry":{"type":"LineString","coordinates":[[116.3104766,39.9826609],[116.310469,39.9827583],[116.3103279,39.9834506],[116.3103165,39.9837578],[116.3103026,39.983938]]},"properties":{"layer":"road","major":1}},{"type":"Feature","geometry":{"type":"LineString","coordinates":[[116.3063161,39.9852445],[116.306318,39.9852086],[116.3063195,39.9851819],[116.3063221,39.9851336]]},"properties":{"layer":"road","major":0}},{"type":"Feature","geometry":{"type":"LineString","coordinates":[[116.3143771,39.9934171],[116.3131793,39.9933935],[116.3131293,39.993677],[116.3125561,39.9936661]]},"properties":{"layer":"road","major":0}},{"type":"Feature","geometry":{"type":"LineString","coordinates":[[116.3002108,39.9946248],[116.3001794,39.9947048],[116.2994975,39.9947231],[116.2994322,39.9947381]]},"properties":{"layer":"road","major":0}},{"type":"Feature","geometry":{"type":"LineString","coordinates":[[116.3047401,39.9957625],[116.3054503,39.9958321],[116.3058585,39.9958721]]},"properties":{"layer":"road","major":0}},{"type":"Feature","geometry":{"type":"LineString","coordinates":[[116.3078522,39.9917029],[116.3078495,39.9917789],[116.3078459,39.9918802],[116.3078419,39.9923765],[116.3080229,39.9924243]]},"properties":{"layer":"road","major":0}},{"type":"Feature","geometry":{"type":"LineString","coordinates":[[116.3078459,39.9918802],[116.3080125,39.9919804],[116.3081654,39.9919906]]},"properties":{"layer":"road","major":0}},{"type":"Feature","geometry":{"type":"LineString","coordinates":[[116.3089602,39.9887767],[116.3089951,39.9880698],[116.3086159,39.9880569],[116.3082344,39.9880439]]},"properties":{"layer":"road","major":0}},{"type":"Feature","geometry":{"type":"LineString","coordinates":[[116.3086159,39.9880569],[116.3086481,39.987379],[116.3086515,39.9873064],[116.3083032,39.9872941]]},"properties":{"layer":"road","major":0}},{"type":"Feature","geometry":{"type":"LineString","coordinates":[[116.2995454,39.9913275],[116.2995752,39.9908082]]},"properties":{"layer":"road","major":0}},{"type":"Feature","geometry":{"type":"LineString","coordinates":[[116.296896,39.9927586],[116.2974316,39.9927935],[116.2974367,39.9927667],[116.2975002,39.9924307],[116.2973623,39.9924208],[116.2969564,39.9923917]]},"properties":{"layer":"road","major":0}},{"type":"Feature","geometry":{"type":"LineString","coordinates":[[116.2974367,39.9927667],[116.2975416,39.9927742]]},"properties":{"layer":"road","major":0}},{"type":"Feature","geometry":{"type":"LineString","coordinates":[[116.2979713,39.9933861],[116.2981971,39.9935631],[116.2981646,39.9938522],[116.2980851,39.9938612],[116.2979731,39.9945567]]},"properties":{"layer":"road","major":0}},{"type":"Feature","geometry":{"type":"LineString","coordinates":[[116.2982077,39.9904973],[116.298458,39.9904514],[116.2985104,39.9904418]]},"properties":{"layer":"road","major":0}},{"type":"Feature","geometry":{"type":"LineString","coordinates":[[116.2982077,39.9904973],[116.2981219,39.9904926],[116.2973548,39.990451]]},"properties":{"layer":"road","major":0}},{"type":"Feature","geometry":{"type":"LineString","coordinates":[[116.3092261,39.9986947],[116.3099898,39.9987135],[116.3100267,39.9987149],[116.310041,39.9986406],[116.3100774,39.9985769],[116.3101563,39.9985424],[116.3102471,39.9985323],[116.3113146,39.9985971],[116.3113695,39.9986006]]},"properties":{"layer":"road","major":0}},{"type":"Feature","geometry":{"type":"LineString","coordinates":[[116.3092198,39.9985467],[116.3098324,39.998563],[116.309916,39.9984963],[116.3100226,39.9984498],[116.3102319,39.9984415],[116.311256,39.9984998]]},"properties":{"layer":"road","major":0}},{"type":"Feature","geometry":{"type":"LineString","coordinates":[[116.2969169,39.9853243],[116.2970195,39.9852738],[116.297232,39.985169],[116.2979822,39.9848528],[116.2980696,39.9848309],[116.2982694,39.9847985],[116.2985958,39.9848223],[116.298996,39.9850024],[116.2989432,39.9854989],[116.2989826,39.9855847],[116.2990543,39.9855976],[116.2991681,39.9856075]]},"properties":{"layer":"road","major":0}},{"type":"Feature","geometry":{"type":"LineString","coordinates":[[116.2989432,39.9854989],[116.2988347,39.9855288],[116.2987179,39.9855253],[116.2986567,39.9855014],[116.297924,39.9854732],[116.2979822,39.9848528]]},"properties":{"layer":"road","major":0}},{"type":"Feature","geometry":{"type":"LineString","coordinates":[[116.2980696,39.9848309],[116.2980765,39.9847494],[116.2980904,39.984591],[116.2976375,39.9843991],[116.2974187,39.9843906],[116.297055,39.9845032],[116.2970195,39.9852738]]},"properties":{"layer":"road","major":0}},{"type":"Feature","geometry":{"type":"LineString","coordinates":[[116.2974187,39.9843906],[116.2974112,39.9841926],[116.2974128,39.9841436]]},"properties":{"layer":"road","major":0}},{"type":"Feature","geometry":{"type":"LineString","coordinates":[[116.2964632,39.9856694],[116.2965944,39.9856458],[116.2966489,39.985623],[116.2967126,39.9855962],[116.2967924,39.9855461]]},"properties":{"layer":"road","major":0}},{"type":"Feature","geometry":{"type":"LineString","coordinates":[[116.3066544,39.9927329],[116.3066615,39.9924457],[116.3061867,39.9924402]]},"properties":{"layer":"road","major":0}},{"type":"Feature","geometry":{"type":"LineString","coordinates":[[116.3031062,39.9879286],[116.3031063,39.9876997],[116.3035958,39.9877115]]},"properties":{"layer":"road","major":0}},{"type":"Feature","geometry":{"type":"LineString","coordinates":[[116.3065587,39.9908681],[116.3065971,39.9908693],[116.306588,39.9910722],[116.3065866,39.9911035],[116.3065766,39.9913251],[116.3065687,39.9914485],[116.3064931,39.991482],[116.3063109,39.991479]]},"properties":{"layer":"road","major":0}},{"type":"Feature","geometry":{"type":"LineString","coordinates":[[116.304354,39.9912987],[116.304341,39.9914609]]},"properties":{"layer":"road","major":0}},{"type":"Feature","geometry":{"type":"LineString","coordinates":[[116.2969894,39.9943582],[116.2970202,39.9943085],[116.2972825,39.994306],[116.2973829,39.9942167],[116.2974153,39.9940207],[116.2975236,39.9939333]]},"properties":{"layer":"road","major":0}},{"type":"Feature","geometry":{"type":"LineString","coordinates":[[116.2946438,39.9938809],[116.2955725,39.9938841]]},"properties":{"layer":"road","major":0}},{"type":"Feature","geometry":{"type":"LineString","coordinates":[[116.295567,39.9942425],[116.2946526,39.9942188]]},"properties":{"layer":"road","major":0}},{"type":"Feature","geometry":{"type":"LineString","coordinates":[[116.2963303,39.9934158],[116.2960901,39.9935227],[116.2955827,39.9935228]]},"properties":{"layer":"road","major":0}},{"type":"Feature","geometry":{"type":"LineString","coordinates":[[116.2955827,39.9935228],[116.2951988,39.9935328],[116.2951944,39.9936164],[116.2946203,39.9936179]]},"properties":{"layer":"road","major":0}},{"type":"Feature","geometry":{"type":"LineString","coordinates":[[116.2965356,39.9954308],[116.2965572,39.9951296]]},"properties":{"layer":"road","major":0}},{"type":"Feature","geometry":{"type":"LineString","coordinates":[[116.2974949,39.995461],[116.297515,39.9951557],[116.2974482,39.9951558]]},"properties":{"layer":"road","major":0}},{"type":"Feature","geometry":{"type":"LineString","coordinates":[[116.2974949,39.995461],[116.2975508,39.9956307],[116.2979945,39.9956257]]},"properties":{"layer":"road","major":0}},{"type":"Feature","geometry":{"type":"LineString","coordinates":[[116.2974153,39.9940207],[116.2967024,39.993977]]},"properties":{"layer":"road","major":0}},{"type":"Feature","geometry":{"type":"LineString","coordinates":[[116.2963958,39.9938298],[116.296359,39.9939157],[116.2964262,39.9940831],[116.2962678,39.9942652],[116.2964694,39.9944473],[116.296879,39.9945359]]},"properties":{"layer":"road","major":0}},{"type":"Feature","geometry":{"type":"LineString","coordinates":[[116.2985746,39.9939387],[116.298491,39.9941549],[116.2984812,39.9944031],[116.2986108,39.9945395],[116.2989433,39.9945271]]},"properties":{"layer":"road","major":0}},{"type":"Feature","geometry":{"type":"LineString","coordinates":[[116.2989433,39.9945271],[116.2994351,39.9945243]]},"properties":{"layer":"road","major":0}},{"type":"Feature","geometry":{"type":"LineString","coordinates":[[116.2993541,39.9952394],[116.2994054,39.9951947],[116.2993912,39.9951296],[116.2993631,39.9950808],[116.299358,39.9950294],[116.2993906,39.994982],[116.2994405,39.9949438],[116.2994783,39.9949109],[116.2994938,39.9948727],[116.2994852,39.9948147],[116.2994299,39.9947964],[116.2990812,39.9947949],[116.2990021,39.9947936],[116.2989388,39.9947877],[116.2988209,39.9947965],[116.2987349,39.9948281],[116.2986387,39.9948966],[116.2985802,39.9949677],[116.2985149,39.9950572],[116.2984736,39.9951073],[116.2984564,39.99521],[116.2984633,39.9952996]]},"properties":{"layer":"road","major":0}},{"type":"Feature","geometry":{"type":"LineString","coordinates":[[116.2992565,39.9952836],[116.2992919,39.9952528],[116.299323,39.9952461],[116.2993541,39.9952394]]},"properties":{"layer":"road","major":0}},{"type":"Feature","geometry":{"type":"LineString","coordinates":[[116.3024483,39.995007],[116.3024206,39.9951314]]},"properties":{"layer":"road","major":0}},{"type":"Feature","geometry":{"type":"LineString","coordinates":[[116.3024206,39.9951314],[116.3023928,39.9952559]]},"properties":{"layer":"road","major":0}},{"type":"Feature","geometry":{"type":"LineString","coordinates":[[116.3023928,39.9952559],[116.3023758,39.9953588]]},"properties":{"layer":"road","major":0}},{"type":"Feature","geometry":{"type":"LineString","coordinates":[[116.3035993,39.9961407],[116.3036026,39.9959694]]},"properties":{"layer":"road","major":0}},{"type":"Feature","geometry":{"type":"LineString","coordinates":[[116.3036001,39.9961909],[116.3035993,39.9961407]]},"properties":{"layer":"road","major":0}},{"type":"Feature","geometry":{"type":"LineString","coordinates":[[116.3036026,39.9959694],[116.3036141,39.9959189]]},"properties":{"layer":"road","major":0}},{"type":"Feature","geometry":{"type":"LineString","coordinates":[[116.3054503,39.9958321],[116.3053954,39.996134],[116.3053883,39.9961727],[116.3053692,39.9962778]]},"properties":{"layer":"road","major":0}},{"type":"Feature","geometry":{"type":"LineString","coordinates":[[116.3053954,39.996134],[116.3058188,39.9961794]]},"properties":{"layer":"road","major":0}},{"type":"Feature","geometry":{"type":"LineString","coordinates":[[116.3053883,39.9961727],[116.3052529,39.9961571]]},"properties":{"layer":"road","major":0}},{"type":"Feature","geometry":{"type":"LineString","coordinates":[[116.3056063,39.9952175],[116.3055896,39.9953002]]},"properties":{"layer":"road","major":0}},{"type":"Feature","geometry":{"type":"LineString","coordinates":[[116.3056154,39.9951564],[116.3054555,39.9951432]]},"properties":{"layer":"road","major":0}},{"type":"Feature","geometry":{"type":"LineString","coordinates":[[116.3058585,39.9958721],[116.3060511,39.9958909]]},"properties":{"layer":"road","major":0}},{"type":"Feature","geometry":{"type":"LineString","coordinates":[[116.3060511,39.9958909],[116.306155,39.9959011]]},"properties":{"layer":"road","major":0}},{"type":"Feature","geometry":{"type":"LineString","coordinates":[[116.3015116,39.9915653],[116.3014938,39.9915604],[116.3014352,39.9915492],[116.3013827,39.9915698],[116.3013742,39.9915984]]},"properties":{"layer":"road","major":0}},{"type":"Feature","geometry":{"type":"LineString","coordinates":[[116.3013742,39.9915984],[116.3013802,39.9916278],[116.3014144,39.9916474],[116.3014596,39.9916493],[116.3014889,39.9916371],[116.3015133,39.9916194],[116.3015133,39.9915993]]},"properties":{"layer":"road","major":0}},{"type":"Feature","geometry":{"type":"LineString","coordinates":[[116.3015133,39.9915993],[116.3016158,39.9915999],[116.3019273,39.9916076]]},"properties":{"layer":"road","major":0}},{"type":"Feature","geometry":{"type":"LineString","coordinates":[[116.3015133,39.9915993],[116.3015116,39.9915653]]},"properties":{"layer":"road","major":0}},{"type":"Feature","geometry":{"type":"LineString","coordinates":[[116.3019273,39.9916076],[116.3024263,39.991608]]},"properties":{"layer":"road","major":0}},{"type":"Feature","geometry":{"type":"LineString","coordinates":[[116.3082328,39.993713],[116.3080034,39.9945233],[116.3082258,39.9945884],[116.3080195,39.9950761]]},"properties":{"layer":"road","major":0}},{"type":"Feature","geometry":{"type":"LineString","coordinates":[[116.3028556,39.9882687],[116.3032817,39.988269]]},"properties":{"layer":"road","major":0}},{"type":"Feature","geometry":{"type":"LineString","coordinates":[[116.3084393,39.9867412],[116.3089581,39.9867546],[116.3094805,39.986768],[116.309506,39.9867687],[116.3095553,39.9867679]]},"properties":{"layer":"road","major":0}},{"type":"Feature","geometry":{"type":"LineString","coordinates":[[116.3095553,39.9867679],[116.3095869,39.9867702],[116.3098657,39.9867699]]},"properties":{"layer":"road","major":0}},{"type":"Feature","geometry":{"type":"LineString","coordinates":[[116.3094805,39.986768],[116.3094879,39.9865741],[116.3095042,39.9861434],[116.3094876,39.9861212],[116.3091543,39.9856757],[116.3090927,39.9854427],[116.3085539,39.9854197]]},"properties":{"layer":"road","major":0}},{"type":"Feature","geometry":{"type":"LineString","coordinates":[[116.3060913,39.9855746],[116.3063338,39.985578]]},"properties":{"layer":"road","major":0}},{"type":"Feature","geometry":{"type":"LineString","coordinates":[[116.3024563,39.9882696],[116.3019696,39.9882682]]},"properties":{"layer":"road","major":0}},{"type":"Feature","geometry":{"type":"LineString","coordinates":[[116.3053601,39.9866329],[116.3048539,39.9866116],[116.3048459,39.986824]]},"properties":{"layer":"road","major":0}},{"type":"Feature","geometry":{"type":"LineString","coordinates":[[116.3048539,39.9866116],[116.3048699,39.9863792]]},"properties":{"layer":"road","major":0}},{"type":"Feature","geometry":{"type":"LineString","coordinates":[[116.3048539,39.9866116],[116.3047368,39.9866065]]},"properties":{"layer":"road","major":0}},{"type":"Feature","geometry":{"type":"LineString","coordinates":[[116.3069936,39.9927413],[116.3070312,39.9917768],[116.3070098,39.9917501],[116.3069454,39.991746],[116.3063419,39.9917316]]},"properties":{"layer":"road","major":0}},{"type":"Feature","geometry":{"type":"LineString","coordinates":[[116.3071436,39.9928338],[116.3071868,39.991783],[116.307219,39.9917583],[116.3078495,39.9917789],[116.3088283,39.9918076],[116.3088417,39.9918343],[116.30878,39.9925392]]},"properties":{"layer":"road","major":0}},{"type":"Feature","geometry":{"type":"LineString","coordinates":[[116.2981682,39.9901706],[116.2981219,39.9904926],[116.2980252,39.9912433],[116.2968652,39.9911789],[116.2970291,39.9896847],[116.2980462,39.9897491],[116.2981555,39.9898361],[116.2981219,39.990171],[116.2981682,39.9901706]]},"properties":{"layer":"road","major":0}},{"type":"Feature","geometry":{"type":"LineString","coordinates":[[116.3066074,39.9871544],[116.3066224,39.9871548],[116.3066522,39.9871556],[116.3066343,39.9869494]]},"properties":{"layer":"road","major":0}},{"type":"Feature","geometry":{"type":"LineString","coordinates":[[116.3064966,39.9869969],[116.3064978,39.9869695],[116.3065171,39.9869703],[116.3065698,39.9869713],[116.3065371,39.9869453]]},"properties":{"layer":"road","major":0}},{"type":"Feature","geometry":{"type":"LineString","coordinates":[[116.3063338,39.985578],[116.3067771,39.9855932],[116.3069279,39.9855066],[116.3071018,39.9854744],[116.307325,39.9854766],[116.3075598,39.9855366],[116.307712,39.9856288]]},"properties":{"layer":"road","major":0}},{"type":"Feature","geometry":{"type":"LineString","coordinates":[[116.3060381,39.9864178],[116.3061626,39.9864205]]},"properties":{"layer":"road","major":0}},{"type":"Feature","geometry":{"type":"LineString","coordinates":[[116.3063338,39.985578],[116.3063364,39.9855158]]},"properties":{"layer":"road","major":0}},{"type":"Feature","geometry":{"type":"LineString","coordinates":[[116.3098657,39.9867699],[116.3099724,39.9867736]]},"properties":{"layer":"road","major":0}},{"type":"Feature","geometry":{"type":"LineString","coordinates":[[116.3072291,39.9881701],[116.307316,39.9881735]]},"properties":{"layer":"road","major":0}},{"type":"Feature","geometry":{"type":"LineString","coordinates":[[116.3070425,39.9881629],[116.3072291,39.9881701]]},"properties":{"layer":"road","major":0}},{"type":"Feature","geometry":{"type":"LineString","coordinates":[[116.2994787,39.9863847],[116.2995695,39.9856471],[116.2995968,39.9853759],[116.2996194,39.9852316],[116.2996922,39.9851347]]},"properties":{"layer":"road","major":0}},{"type":"Feature","geometry":{"type":"LineString","coordinates":[[116.3051521,39.9876439],[116.3051571,39.9875567]]},"properties":{"layer":"road","major":0}},{"type":"Feature","geometry":{"type":"LineString","coordinates":[[116.3051521,39.9876439],[116.3051486,39.9877338]]},"properties":{"layer":"road","major":0}},{"type":"Feature","geometry":{"type":"LineString","coordinates":[[116.3051395,39.9880888],[116.3049655,39.9882484],[116.3049803,39.9883015],[116.3048231,39.9884235]]},"properties":{"layer":"road","major":0}},{"type":"Feature","geometry":{"type":"LineString","coordinates":[[116.3049655,39.9882484],[116.3048933,39.9882202],[116.3048034,39.9882541],[116.3047159,39.9883234]]},"properties":{"layer":"road","major":0}},{"type":"Feature","geometry":{"type":"LineString","coordinates":[[116.3039436,39.9883759],[116.3040185,39.9883778]]},"properties":{"layer":"road","major":0}},{"type":"Feature","geometry":{"type":"LineString","coordinates":[[116.3048231,39.9884235],[116.3046763,39.9885272]]},"properties":{"layer":"road","major":0}},{"type":"Feature","geometry":{"type":"LineString","coordinates":[[116.3021116,39.9865918],[116.3021107,39.9866156],[116.3021088,39.9866624]]},"properties":{"layer":"road","major":0}},{"type":"Feature","geometry":{"type":"LineString","coordinates":[[116.3017143,39.9865779],[116.3017117,39.986653]]},"properties":{"layer":"road","major":0}},{"type":"Feature","geometry":{"type":"LineString","coordinates":[[116.2997233,39.9848996],[116.2996768,39.9848422],[116.2997017,39.9844402],[116.2997853,39.9843778],[116.2998682,39.9843532],[116.3020864,39.9844285],[116.3030026,39.9843895]]},"properties":{"layer":"road","major":0}},{"type":"Feature","geometry":{"type":"LineString","coordinates":[[116.3028457,39.9857558],[116.303486,39.9857768],[116.3040319,39.9857925],[116.3040422,39.9855932],[116.3035014,39.9855552],[116.303414,39.9855341],[116.3028629,39.9855223],[116.3028546,39.9856344],[116.3028457,39.9857558]]},"properties":{"layer":"road","major":0}},{"type":"Feature","geometry":{"type":"LineString","coordinates":[[116.3044356,39.9853474],[116.3047144,39.9853533],[116.30471,39.9854608],[116.3048389,39.9854671]]},"properties":{"layer":"road","major":0}},{"type":"Feature","geometry":{"type":"LineString","coordinates":[[116.3073956,39.9877268],[116.3067897,39.9877012],[116.3067691,39.9881524],[116.3067675,39.9881761],[116.306734,39.9886826]]},"properties":{"layer":"road","major":0}},{"type":"Feature","geometry":{"type":"LineString","coordinates":[[116.3045298,39.9870883],[116.3045268,39.9871421]]},"properties":{"layer":"road","major":0}},{"type":"Feature","geometry":{"type":"LineString","coordinates":[[116.3050253,39.9889176],[116.30497,39.9889162]]},"properties":{"layer":"road","major":0}},{"type":"Feature","geometry":{"type":"LineString","coordinates":[[116.3082842,39.9875005],[116.3083231,39.9875025],[116.3083927,39.9874789],[116.3084704,39.9874454],[116.3085449,39.9873902],[116.3085805,39.9873753],[116.3086481,39.987379]]},"properties":{"layer":"road","major":0}},{"type":"Feature","geometry":{"type":"LineString","coordinates":[[116.2975236,39.9939333],[116.2976874,39.9938048],[116.2977699,39.9936797]]},"properties":{"layer":"road","major":0}},{"type":"Feature","geometry":{"type":"LineString","coordinates":[[116.2977699,39.9936797],[116.2978299,39.9935889],[116.2978608,39.9934429]]},"properties":{"layer":"road","major":0}},{"type":"Feature","geometry":{"type":"LineString","coordinates":[[116.2966277,39.9951317],[116.2966944,39.9948331],[116.296879,39.9945359],[116.2969352,39.9944454]]},"properties":{"layer":"road","major":0}},{"type":"Feature","geometry":{"type":"LineString","coordinates":[[116.2969352,39.9944454],[116.2969894,39.9943582]]},"properties":{"layer":"road","major":0}},{"type":"Feature","geometry":{"type":"LineString","coordinates":[[116.3063755,39.9903323],[116.3066133,39.9903423]]},"properties":{"layer":"road","major":0}},{"type":"Feature","geometry":{"type":"LineString","coordinates":[[116.3075238,39.990735],[116.3075497,39.9903786],[116.3074808,39.9903787]]},"properties":{"layer":"road","major":0}},{"type":"Feature","geometry":{"type":"LineString","coordinates":[[116.3057518,39.9902368],[116.3057428,39.9903547]]},"properties":{"layer":"road","major":0}},{"type":"Feature","geometry":{"type":"LineString","coordinates":[[116.3057381,39.9905174],[116.3057295,39.9906626]]},"properties":{"layer":"road","major":0}},{"type":"Feature","geometry":{"type":"LineString","coordinates":[[116.3063453,39.9908614],[116.3063975,39.9908631]]},"properties":{"layer":"road","major":0}},{"type":"Feature","geometry":{"type":"LineString","coordinates":[[116.3066532,39.9911048],[116.3065866,39.9911035]]},"properties":{"layer":"road","major":0}},{"type":"Feature","geometry":{"type":"LineString","coordinates":[[116.306509,39.9910692],[116.306588,39.9910722]]},"properties":{"layer":"road","major":0}},{"type":"Feature","geometry":{"type":"LineString","coordinates":[[116.3056955,39.9910331],[116.305685,39.9912512]]},"properties":{"layer":"road","major":0}},{"type":"Feature","geometry":{"type":"LineString","coordinates":[[116.3050748,39.990637],[116.305011,39.9906361]]},"properties":{"layer":"road","major":0}},{"type":"Feature","geometry":{"type":"LineString","coordinates":[[116.3052168,39.9906434],[116.3052974,39.9906472]]},"properties":{"layer":"road","major":0}},{"type":"Feature","geometry":{"type":"LineString","coordinates":[[116.3034684,39.9900675],[116.3034683,39.9900491],[116.3030212,39.9900373]]},"properties":{"layer":"road","major":0}},{"type":"Feature","geometry":{"type":"LineString","coordinates":[[116.3022024,39.9871964],[116.302198,39.9872687],[116.3022638,39.9873422],[116.3023424,39.9873458]]},"properties":{"layer":"road","major":0}},{"type":"Feature","geometry":{"type":"LineString","coordinates":[[116.3023481,39.9872019],[116.3022681,39.9871988]]},"properties":{"layer":"road","major":0}},{"type":"Feature","geometry":{"type":"LineString","coordinates":[[116.3022024,39.9871964],[116.302166,39.9871949]]},"properties":{"layer":"road","major":0}},{"type":"Feature","geometry":{"type":"LineString","coordinates":[[116.3023564,39.9869929],[116.3022734,39.9869907]]},"properties":{"layer":"road","major":0}},{"type":"Feature","geometry":{"type":"LineString","coordinates":[[116.3022181,39.9869893],[116.3022085,39.9869889],[116.3021744,39.9869881]]},"properties":{"layer":"road","major":0}},{"type":"Feature","geometry":{"type":"LineString","coordinates":[[116.3022085,39.9869889],[116.3022024,39.9871964]]},"properties":{"layer":"road","major":0}},{"type":"Feature","geometry":{"type":"LineString","coordinates":[[116.3022108,39.9871967],[116.3022024,39.9871964]]},"properties":{"layer":"road","major":0}},{"type":"Feature","geometry":{"type":"LineString","coordinates":[[116.302375,39.9872521],[116.3023877,39.9868672]]},"properties":{"layer":"road","major":0}},{"type":"Feature","geometry":{"type":"LineString","coordinates":[[116.3023424,39.9873458],[116.3023738,39.9873474]]},"properties":{"layer":"road","major":0}},{"type":"Feature","geometry":{"type":"LineString","coordinates":[[116.3023906,39.9867934],[116.3023643,39.9867924]]},"properties":{"layer":"road","major":0}},{"type":"Feature","geometry":{"type":"LineString","coordinates":[[116.3017061,39.9861464],[116.3018468,39.9861523],[116.3019407,39.9861548]]},"properties":{"layer":"road","major":0}},{"type":"Feature","geometry":{"type":"LineString","coordinates":[[116.3017061,39.9861464],[116.3014655,39.9861389]]},"properties":{"layer":"road","major":0}},{"type":"Feature","geometry":{"type":"LineString","coordinates":[[116.3017061,39.9861464],[116.3017047,39.9861746]]},"properties":{"layer":"road","major":0}},{"type":"Feature","geometry":{"type":"LineString","coordinates":[[116.3011294,39.9870623],[116.3009914,39.9870623]]},"properties":{"layer":"road","major":0}},{"type":"Feature","geometry":{"type":"LineString","coordinates":[[116.302198,39.9872687],[116.3021914,39.9874246]]},"properties":{"layer":"road","major":0}},{"type":"Feature","geometry":{"type":"LineString","coordinates":[[116.3022734,39.9869907],[116.3022843,39.9866415],[116.3022843,39.9866201],[116.3021107,39.9866156]]},"properties":{"layer":"road","major":0}},{"type":"Feature","geometry":{"type":"LineString","coordinates":[[116.3022792,39.9861637],[116.3022713,39.986273],[116.3022575,39.9864983]]},"properties":{"layer":"road","major":0}},{"type":"Feature","geometry":{"type":"LineString","coordinates":[[116.3046526,39.9906159],[116.3046024,39.9906158]]},"properties":{"layer":"road","major":0}},{"type":"Feature","geometry":{"type":"LineString","coordinates":[[116.3045366,39.9906147],[116.3045413,39.9904977],[116.3046582,39.9905008]]},"properties":{"layer":"road","major":0}},{"type":"Feature","geometry":{"type":"LineString","coordinates":[[116.3045366,39.9906147],[116.3045328,39.9907427],[116.304647,39.9907449]]},"properties":{"layer":"road","major":0}},{"type":"Feature","geometry":{"type":"LineString","coordinates":[[116.2995292,39.9863923],[116.2995382,39.9863343],[116.2995417,39.9863051],[116.3000255,39.9863042],[116.3001456,39.9857354]]},"properties":{"layer":"road","major":0}},{"type":"Feature","geometry":{"type":"LineString","coordinates":[[116.2982648,39.9933726],[116.2982644,39.9933121],[116.2982641,39.9932673]]},"properties":{"layer":"road","major":0}},{"type":"Feature","geometry":{"type":"LineString","coordinates":[[116.2982722,39.9932308],[116.2983973,39.9932336],[116.2984324,39.9932344],[116.2984302,39.9933056],[116.2984277,39.993387]]},"properties":{"layer":"road","major":0}},{"type":"Feature","geometry":{"type":"LineString","coordinates":[[116.2982789,39.9933829],[116.2983927,39.993386],[116.2984277,39.993387]]},"properties":{"layer":"road","major":0}},{"type":"Feature","geometry":{"type":"LineString","coordinates":[[116.3075192,39.9875402],[116.3075116,39.9876261]]},"properties":{"layer":"road","major":0}},{"type":"Feature","geometry":{"type":"LineString","coordinates":[[116.3075106,39.9876378],[116.307535,39.9876393],[116.3075376,39.9876085]]},"properties":{"layer":"road","major":0}},{"type":"Feature","geometry":{"type":"LineString","coordinates":[[116.3075106,39.9876378],[116.30751,39.9876436]]},"properties":{"layer":"road","major":0}},{"type":"Feature","geometry":{"type":"LineString","coordinates":[[116.3080817,39.987563],[116.3080724,39.9876583]]},"properties":{"layer":"road","major":0}},{"type":"Feature","geometry":{"type":"LineString","coordinates":[[116.304667,39.9885338],[116.304446,39.9883308],[116.3044574,39.9882085],[116.3042521,39.9882002],[116.3042502,39.9882502],[116.3040472,39.9882424],[116.3040396,39.9883783]]},"properties":{"layer":"road","major":0}},{"type":"Feature","geometry":{"type":"LineString","coordinates":[[116.3040396,39.9883783],[116.3040535,39.9883787]]},"properties":{"layer":"road","major":0}},{"type":"Feature","geometry":{"type":"LineString","coordinates":[[116.304667,39.9885338],[116.3046379,39.9885543]]},"properties":{"layer":"road","major":0}},{"type":"Feature","geometry":{"type":"LineString","coordinates":[[116.3049607,39.9886779],[116.3048103,39.988673],[116.304667,39.9885338]]},"properties":{"layer":"road","major":0}},{"type":"Feature","geometry":{"type":"LineString","coordinates":[[116.3078257,39.9887287],[116.3078321,39.9886551]]},"properties":{"layer":"road","major":0}},{"type":"Feature","geometry":{"type":"LineString","coordinates":[[116.307834,39.988634],[116.307836,39.9886129]]},"properties":{"layer":"road","major":0}},{"type":"Feature","geometry":{"type":"LineString","coordinates":[[116.307834,39.988634],[116.3078044,39.9886329],[116.3078016,39.9886559],[116.3077898,39.9886556],[116.3077921,39.9886202],[116.3077809,39.9886196],[116.307778,39.9886697]]},"properties":{"layer":"road","major":0}},{"type":"Feature","geometry":{"type":"LineString","coordinates":[[116.3072664,39.9887051],[116.3072705,39.9886237]]},"properties":{"layer":"road","major":0}},{"type":"Feature","geometry":{"type":"LineString","coordinates":[[116.3070425,39.9881629],[116.3070408,39.9881852],[116.3069418,39.9881817]]},"properties":{"layer":"road","major":0}},{"type":"Feature","geometry":{"type":"LineString","coordinates":[[116.3070425,39.9881629],[116.3070454,39.9881188]]},"properties":{"layer":"road","major":0}},{"type":"Feature","geometry":{"type":"LineString","coordinates":[[116.3081196,39.9877322],[116.3081186,39.9877495],[116.3081346,39.9877503],[116.3081374,39.9877041]]},"properties":{"layer":"road","major":0}},{"type":"Feature","geometry":{"type":"LineString","coordinates":[[116.3087788,39.988769],[116.3087505,39.9891506]]},"properties":{"layer":"road","major":0}},{"type":"Feature","geometry":{"type":"LineString","coordinates":[[116.3056955,39.9910331],[116.3057003,39.9909818]]},"properties":{"layer":"road","major":0}},{"type":"Feature","geometry":{"type":"LineString","coordinates":[[116.3057295,39.9906626],[116.3057181,39.9908054]]},"properties":{"layer":"road","major":0}},{"type":"Feature","geometry":{"type":"LineString","coordinates":[[116.3043545,39.989959],[116.3043588,39.9898821]]},"properties":{"layer":"road","major":0}},{"type":"Feature","geometry":{"type":"LineString","coordinates":[[116.3044718,39.9898858],[116.3044842,39.9897305]]},"properties":{"layer":"road","major":0}},{"type":"Feature","geometry":{"type":"LineString","coordinates":[[116.3040337,39.9898714],[116.3040444,39.9896792]]},"properties":{"layer":"road","major":0}},{"type":"Feature","geometry":{"type":"LineString","coordinates":[[116.3022575,39.9864983],[116.3023044,39.9865985]]},"properties":{"layer":"road","major":0}},{"type":"Feature","geometry":{"type":"LineString","coordinates":[[116.3019407,39.9861548],[116.3022545,39.986163],[116.3022792,39.9861637]]},"properties":{"layer":"road","major":0}},{"type":"Feature","geometry":{"type":"LineString","coordinates":[[116.3022792,39.9861637],[116.3022889,39.9860538]]},"properties":{"layer":"road","major":0}},{"type":"Feature","geometry":{"type":"LineString","coordinates":[[116.3054212,39.98571],[116.3050282,39.9856985],[116.3047804,39.9856913]]},"properties":{"layer":"road","major":0}},{"type":"Feature","geometry":{"type":"LineString","coordinates":[[116.3050282,39.9856985],[116.3050186,39.9858709]]},"properties":{"layer":"road","major":0}},{"type":"Feature","geometry":{"type":"LineString","coordinates":[[116.3050282,39.9856985],[116.3050487,39.9854768],[116.3050499,39.9854641]]},"properties":{"layer":"road","major":0}},{"type":"Feature","geometry":{"type":"LineString","coordinates":[[116.3048389,39.9854671],[116.3050487,39.9854768]]},"properties":{"layer":"road","major":0}},{"type":"Feature","geometry":{"type":"LineString","coordinates":[[116.2995867,39.9906649],[116.2998658,39.9906713],[116.299962,39.9906349]]},"properties":{"layer":"road","major":0}},{"type":"Feature","geometry":{"type":"LineString","coordinates":[[116.2995913,39.9905537],[116.2995867,39.9906649]]},"properties":{"layer":"road","major":0}},{"type":"Feature","geometry":{"type":"LineString","coordinates":[[116.2989511,39.9906424],[116.2988987,39.9906399],[116.2989612,39.9900508],[116.2989982,39.9897174]]},"properties":{"layer":"road","major":0}},{"type":"Feature","geometry":{"type":"LineString","coordinates":[[116.3091229,39.9887836],[116.3091649,39.9880736],[116.3089951,39.9880698]]},"properties":{"layer":"road","major":0}},{"type":"Feature","geometry":{"type":"LineString","coordinates":[[116.3069418,39.9881817],[116.3067675,39.9881761]]},"properties":{"layer":"road","major":0}},{"type":"Feature","geometry":{"type":"LineString","coordinates":[[116.3081374,39.9877041],[116.308265,39.98771]]},"properties":{"layer":"road","major":0}},{"type":"Feature","geometry":{"type":"LineString","coordinates":[[116.3067065,39.9846506],[116.3084327,39.9847009]]},"properties":{"layer":"road","major":0}},{"type":"Feature","geometry":{"type":"LineString","coordinates":[[116.3066185,39.9846473],[116.3058521,39.9846289],[116.3058571,39.9845648],[116.3048675,39.9845317]]},"properties":{"layer":"road","major":0}},{"type":"Feature","geometry":{"type":"LineString","coordinates":[[116.3058521,39.9846289],[116.3058292,39.9849964]]},"properties":{"layer":"road","major":0}},{"type":"Feature","geometry":{"type":"LineString","coordinates":[[116.2985104,39.9904418],[116.2987021,39.9903746]]},"properties":{"layer":"road","major":0}},{"type":"Feature","geometry":{"type":"LineString","coordinates":[[116.2966489,39.985623],[116.2967122,39.9857794],[116.2966961,39.9858697],[116.296663,39.9860564]]},"properties":{"layer":"road","major":0}},{"type":"Feature","geometry":{"type":"LineString","coordinates":[[116.3022734,39.9869907],[116.3022681,39.9871988],[116.3022638,39.9873422]]},"properties":{"layer":"road","major":0}},{"type":"Feature","geometry":{"type":"LineString","coordinates":[[116.3022638,39.9873422],[116.3022577,39.98745]]},"properties":{"layer":"road","major":0}},{"type":"Feature","geometry":{"type":"LineString","coordinates":[[116.3022577,39.98745],[116.3023369,39.9874835]]},"properties":{"layer":"road","major":0}},{"type":"Feature","geometry":{"type":"LineString","coordinates":[[116.301426,39.9874642],[116.3014261,39.987452]]},"properties":{"layer":"road","major":0}},{"type":"Feature","geometry":{"type":"LineString","coordinates":[[116.3014727,39.9874531],[116.3014741,39.9874091],[116.3013629,39.987407]]},"properties":{"layer":"road","major":0}},{"type":"Feature","geometry":{"type":"LineString","coordinates":[[116.3013641,39.9873827],[116.3013629,39.987407]]},"properties":{"layer":"road","major":0}},{"type":"Feature","geometry":{"type":"LineString","coordinates":[[116.3014741,39.9874091],[116.3021743,39.9874246],[116.3021914,39.9874246]]},"properties":{"layer":"road","major":0}},{"type":"Feature","geometry":{"type":"LineString","coordinates":[[116.3028018,39.9874993],[116.3028562,39.9874727]]},"properties":{"layer":"road","major":0}},{"type":"Feature","geometry":{"type":"LineString","coordinates":[[116.3029152,39.9874738],[116.3036107,39.9874935]]},"properties":{"layer":"road","major":0}},{"type":"Feature","geometry":{"type":"LineString","coordinates":[[116.3036675,39.9874941],[116.303718,39.9875303]]},"properties":{"layer":"road","major":0}},{"type":"Feature","geometry":{"type":"LineString","coordinates":[[116.3008391,39.9920485],[116.3009128,39.9921463],[116.3010414,39.9923172],[116.3010897,39.9928357]]},"properties":{"layer":"road","major":0}},{"type":"Feature","geometry":{"type":"LineString","coordinates":[[116.3009128,39.9921463],[116.3011092,39.9919871]]},"properties":{"layer":"road","major":0}},{"type":"Feature","geometry":{"type":"LineString","coordinates":[[116.3017858,39.9935307],[116.3018758,39.9934951],[116.3019785,39.9934583],[116.3020418,39.9934315],[116.3021423,39.993408],[116.302221,39.9934348],[116.3022406,39.993485],[116.3023018,39.9936055],[116.3023564,39.9936474],[116.3024722,39.9936825],[116.3026186,39.9937729],[116.3026772,39.9938227]]},"properties":{"layer":"road","major":0}},{"type":"Feature","geometry":{"type":"LineString","coordinates":[[116.3033723,39.9912427],[116.3033687,39.9914128]]},"properties":{"layer":"road","major":0}},{"type":"Feature","geometry":{"type":"LineString","coordinates":[[116.30343,39.991246],[116.3034445,39.9909817]]},"properties":{"layer":"road","major":0}},{"type":"Feature","geometry":{"type":"LineString","coordinates":[[116.3029174,39.9860699],[116.3029171,39.9862088]]},"properties":{"layer":"road","major":0}},{"type":"Feature","geometry":{"type":"LineString","coordinates":[[116.3038843,39.9860959],[116.3038806,39.9862318]]},"properties":{"layer":"road","major":0}},{"type":"Feature","geometry":{"type":"LineString","coordinates":[[116.3052853,39.9975401],[116.3053524,39.9975478],[116.3058321,39.9976032]]},"properties":{"layer":"road","major":0}},{"type":"Feature","geometry":{"type":"LineString","coordinates":[[116.3053524,39.9975478],[116.3052631,39.9979102],[116.3052135,39.9981118]]},"properties":{"layer":"road","major":0}},{"type":"Feature","geometry":{"type":"LineString","coordinates":[[116.3052631,39.9979102],[116.3057948,39.9979729]]},"properties":{"layer":"road","major":0}},{"type":"Feature","geometry":{"type":"LineString","coordinates":[[116.3053747,39.9972823],[116.3059276,39.9973327]]},"properties":{"layer":"road","major":0}},{"type":"Feature","geometry":{"type":"LineString","coordinates":[[116.3054635,39.99695],[116.3059389,39.9970052]]},"properties":{"layer":"road","major":0}},{"type":"Feature","geometry":{"type":"LineString","coordinates":[[116.3063641,39.9960126],[116.3068661,39.9960631],[116.3069295,39.995721],[116.3070163,39.9957307]]},"properties":{"layer":"road","major":0}},{"type":"Feature","geometry":{"type":"LineString","coordinates":[[116.3029803,39.9912416],[116.3029564,39.9916272]]},"properties":{"layer":"road","major":0}},{"type":"Feature","geometry":{"type":"LineString","coordinates":[[116.3080484,39.9952802],[116.3080065,39.9957962]]},"properties":{"layer":"road","major":0}},{"type":"Feature","geometry":{"type":"LineString","coordinates":[[116.300039,39.9916995],[116.3001184,39.9916336],[116.3002157,39.9914189],[116.3003616,39.9912742],[116.3003872,39.9912115]]},"properties":{"layer":"road","major":0}},{"type":"Feature","geometry":{"type":"LineString","coordinates":[[116.2999595,39.9917654],[116.300039,39.9916995]]},"properties":{"layer":"road","major":0}},{"type":"Feature","geometry":{"type":"LineString","coordinates":[[116.3080584,39.9951566],[116.3080545,39.995204]]},"properties":{"layer":"road","major":0}},{"type":"Feature","geometry":{"type":"LineString","coordinates":[[116.3080545,39.995204],[116.3080484,39.9952802]]},"properties":{"layer":"road","major":0}},{"type":"Feature","geometry":{"type":"LineString","coordinates":[[116.3070098,39.9917501],[116.3071531,39.9916729]]},"properties":{"layer":"road","major":0}},{"type":"Feature","geometry":{"type":"LineString","coordinates":[[116.3072904,39.9950408],[116.307357,39.995122]]},"properties":{"layer":"road","major":0}},{"type":"Feature","geometry":{"type":"LineString","coordinates":[[116.307302,39.995042],[116.3072904,39.9950408]]},"properties":{"layer":"road","major":0}},{"type":"Feature","geometry":{"type":"LineString","coordinates":[[116.3057518,39.9902368],[116.3057676,39.9900473]]},"properties":{"layer":"road","major":0}},{"type":"Feature","geometry":{"type":"LineString","coordinates":[[116.3048661,39.994353],[116.304958,39.9943783],[116.305023,39.9943886]]},"properties":{"layer":"road","major":0}},{"type":"Feature","geometry":{"type":"LineString","coordinates":[[116.30205,39.9964023],[116.3022206,39.9963349]]},"properties":{"layer":"road","major":0}},{"type":"Feature","geometry":{"type":"LineString","coordinates":[[116.3002752,39.9834271],[116.3003667,39.9834449]]},"properties":{"layer":"road","major":0}},{"type":"Feature","geometry":{"type":"LineString","coordinates":[[116.3051461,39.9920832],[116.3053535,39.9922048],[116.3055371,39.992327],[116.3056511,39.9924092]]},"properties":{"layer":"road","major":0}},{"type":"Feature","geometry":{"type":"LineString","coordinates":[[116.3099154,39.9861412],[116.3096077,39.9861307],[116.3094876,39.9861212]]},"properties":{"layer":"road","major":0}},{"type":"Feature","geometry":{"type":"LineString","coordinates":[[116.3025827,39.9851962],[116.302586,39.9851185],[116.3025878,39.9850775]]},"properties":{"layer":"road","major":0}},{"type":"Feature","geometry":{"type":"LineString","coordinates":[[116.3030548,39.98441],[116.3030521,39.9843726],[116.3033421,39.9843726],[116.303448,39.9843726]]},"properties":{"layer":"road","major":0}},{"type":"Feature","geometry":{"type":"LineString","coordinates":[[116.2993665,39.9843374],[116.2993709,39.9842915],[116.2993784,39.9841551]]},"properties":{"layer":"road","major":1}},{"type":"Feature","geometry":{"type":"LineString","coordinates":[[116.3030128,39.9903018],[116.3032383,39.9903092]]},"properties":{"layer":"road","major":0}},{"type":"Feature","geometry":{"type":"LineString","coordinates":[[116.3029988,39.9907413],[116.3033064,39.9907451]]},"properties":{"layer":"road","major":0}},{"type":"Feature","geometry":{"type":"LineString","coordinates":[[116.3094296,39.9900736],[116.3095037,39.9900782]]},"properties":{"layer":"road","major":0}},{"type":"Feature","geometry":{"type":"LineString","coordinates":[[116.3094669,39.9897469],[116.3094453,39.9899361],[116.3094296,39.9900736]]},"properties":{"layer":"road","major":0}},{"type":"Feature","geometry":{"type":"LineString","coordinates":[[116.3094453,39.9899361],[116.3098241,39.9899551]]},"properties":{"layer":"road","major":0}},{"type":"Feature","geometry":{"type":"LineString","coordinates":[[116.3094669,39.9897469],[116.3095325,39.989747]]},"properties":{"layer":"road","major":0}},{"type":"Feature","geometry":{"type":"LineString","coordinates":[[116.3094367,39.9887974],[116.3095659,39.988921],[116.3096022,39.9889605],[116.3095789,39.9891867],[116.3096041,39.9891876],[116.3095735,39.989636],[116.3095463,39.9896329],[116.3095325,39.989747],[116.3095037,39.9900782],[116.3094511,39.9906822],[116.3094339,39.9907261],[116.3094148,39.9907379],[116.3093076,39.9907995]]},"properties":{"layer":"road","major":0}},{"type":"Feature","geometry":{"type":"LineString","coordinates":[[116.3094511,39.9906822],[116.3095454,39.9906744],[116.3099357,39.9906499]]},"properties":{"layer":"road","major":0}},{"type":"Feature","geometry":{"type":"LineString","coordinates":[[116.309417,39.9879207],[116.3095036,39.9879245],[116.309777,39.9879364]]},"properties":{"layer":"road","major":0}},{"type":"Feature","geometry":{"type":"LineString","coordinates":[[116.3032688,39.9870267],[116.303272,39.9869412]]},"properties":{"layer":"road","major":0}},{"type":"Feature","geometry":{"type":"LineString","coordinates":[[116.3091875,39.9892504],[116.3088325,39.9892398]]},"properties":{"layer":"road","major":0}},{"type":"Feature","geometry":{"type":"LineString","coordinates":[[116.3049607,39.9886779],[116.3049603,39.9886873]]},"properties":{"layer":"road","major":0}},{"type":"Feature","geometry":{"type":"LineString","coordinates":[[116.3037438,39.9842189],[116.3035183,39.9842119],[116.3022866,39.9842651],[116.3000315,39.9841926],[116.2999059,39.9841886],[116.2997621,39.984179],[116.2997244,39.9841765],[116.2995888,39.9841687]]},"properties":{"layer":"road","major":1}},{"type":"Feature","geometry":{"type":"LineString","coordinates":[[116.3044151,39.9892703],[116.3042987,39.9892686]]},"properties":{"layer":"road","major":0}},{"type":"Feature","geometry":{"type":"LineString","coordinates":[[116.3040536,39.9893852],[116.3040563,39.9893195]]},"properties":{"layer":"road","major":0}},{"type":"Feature","geometry":{"type":"LineString","coordinates":[[116.3040473,39.9896015],[116.3040536,39.9893852]]},"properties":{"layer":"road","major":0}},{"type":"Feature","geometry":{"type":"LineString","coordinates":[[116.3040444,39.9896792],[116.3040473,39.9896015]]},"properties":{"layer":"road","major":0}},{"type":"Feature","geometry":{"type":"LineString","coordinates":[[116.3045067,39.9880767],[116.3045149,39.9879483]]},"properties":{"layer":"road","major":0}},{"type":"Feature","geometry":{"type":"LineString","coordinates":[[116.3045149,39.9879483],[116.3045166,39.9879215]]},"properties":{"layer":"road","major":0}},{"type":"Feature","geometry":{"type":"LineString","coordinates":[[116.3094879,39.9865741],[116.3093677,39.9865753]]},"properties":{"layer":"road","major":0}},{"type":"Feature","geometry":{"type":"LineString","coordinates":[[116.3084707,39.9863794],[116.3086992,39.9863831],[116.3086975,39.98642]]},"properties":{"layer":"road","major":0}},{"type":"Feature","geometry":{"type":"LineString","coordinates":[[116.3053601,39.9866329],[116.3055964,39.9866362]]},"properties":{"layer":"road","major":0}},{"type":"Feature","geometry":{"type":"LineString","coordinates":[[116.3054212,39.98571],[116.3056833,39.9857158]]},"properties":{"layer":"road","major":0}},{"type":"Feature","geometry":{"type":"LineString","coordinates":[[116.3028546,39.9856344],[116.3025588,39.985626]]},"properties":{"layer":"road","major":0}},{"type":"Feature","geometry":{"type":"LineString","coordinates":[[116.3010892,39.9854553],[116.3017403,39.9854703]]},"properties":{"layer":"road","major":0}},{"type":"Feature","geometry":{"type":"LineString","coordinates":[[116.3028212,39.9870744],[116.3026384,39.987072]]},"properties":{"layer":"road","major":0}},{"type":"Feature","geometry":{"type":"LineString","coordinates":[[116.301141,39.9868563],[116.3007818,39.9868394],[116.300784,39.9867574],[116.3003903,39.9867507]]},"properties":{"layer":"road","major":0}},{"type":"Feature","geometry":{"type":"LineString","coordinates":[[116.3032855,39.9934825],[116.3033323,39.9933739],[116.3034896,39.9933053],[116.3036884,39.9933404]]},"properties":{"layer":"road","major":0}},{"type":"Feature","geometry":{"type":"LineString","coordinates":[[116.3036884,39.9933404],[116.3037578,39.9933494]]},"properties":{"layer":"road","major":0}},{"type":"Feature","geometry":{"type":"LineString","coordinates":[[116.3032553,39.9935524],[116.3032855,39.9934825]]},"properties":{"layer":"road","major":0}},{"type":"Feature","geometry":{"type":"LineString","coordinates":[[116.2988352,39.9925105],[116.2988962,39.9925212],[116.2994217,39.9925153]]},"properties":{"layer":"road","major":0}},{"type":"Feature","geometry":{"type":"LineString","coordinates":[[116.2987009,39.9924869],[116.2987741,39.9924997]]},"properties":{"layer":"road","major":0}},{"type":"Feature","geometry":{"type":"LineString","coordinates":[[116.2987741,39.9924997],[116.2988352,39.9925105]]},"properties":{"layer":"road","major":0}},{"type":"Feature","geometry":{"type":"LineString","coordinates":[[116.3043368,39.9870757],[116.3042328,39.9870771]]},"properties":{"layer":"road","major":0}},{"type":"Feature","geometry":{"type":"LineString","coordinates":[[116.3077493,39.9891333],[116.3076388,39.9890453],[116.3077611,39.9889572],[116.307879,39.9890509],[116.3077493,39.9891333]]},"properties":{"layer":"road","major":0}},{"type":"Feature","geometry":{"type":"LineString","coordinates":[[116.3016464,39.990854],[116.3013225,39.9908505]]},"properties":{"layer":"road","major":0}},{"type":"Feature","geometry":{"type":"LineString","coordinates":[[116.3016639,39.9903817],[116.3013371,39.9903728]]},"properties":{"layer":"road","major":0}},{"type":"Feature","geometry":{"type":"LineString","coordinates":[[116.3016821,39.9898933],[116.3013519,39.9898915]]},"properties":{"layer":"road","major":0}},{"type":"Feature","geometry":{"type":"LineString","coordinates":[[116.3024817,39.9899111],[116.3028292,39.9899128]]},"properties":{"layer":"road","major":0}},{"type":"Feature","geometry":{"type":"LineString","coordinates":[[116.3024666,39.9903888],[116.3028151,39.9903888]]},"properties":{"layer":"road","major":0}},{"type":"Feature","geometry":{"type":"LineString","coordinates":[[116.3024513,39.9908752],[116.3028006,39.9908752]]},"properties":{"layer":"road","major":0}},{"type":"Feature","geometry":{"type":"LineString","coordinates":[[116.3020321,39.9896352],[116.3020285,39.9898065]]},"properties":{"layer":"road","major":0}},{"type":"Feature","geometry":{"type":"LineString","coordinates":[[116.3024498,39.9887038],[116.3028364,39.9887073],[116.3032769,39.988702]]},"properties":{"layer":"road","major":0}},{"type":"Feature","geometry":{"type":"LineString","coordinates":[[116.3032737,39.9889833],[116.3034887,39.9889884]]},"properties":{"layer":"road","major":0}},{"type":"Feature","geometry":{"type":"LineString","coordinates":[[116.2995095,39.9897677],[116.2995155,39.9896919]]},"properties":{"layer":"road","major":0}},{"type":"Feature","geometry":{"type":"LineString","coordinates":[[116.3077765,39.9887266],[116.3077611,39.9889572]]},"properties":{"layer":"road","major":0}},{"type":"Feature","geometry":{"type":"LineString","coordinates":[[116.3077493,39.9891333],[116.3077395,39.9892774]]},"properties":{"layer":"road","major":0}},{"type":"Feature","geometry":{"type":"LineString","coordinates":[[116.3120239,39.9906519],[116.3120502,39.9900758],[116.3120627,39.9897077],[116.3120743,39.9893853],[116.3120966,39.9890293]]},"properties":{"layer":"road","major":1}},{"type":"Feature","geometry":{"type":"LineString","coordinates":[[116.3131475,39.9883574],[116.3131803,39.9878812],[116.3131902,39.9877687],[116.3121853,39.9877198],[116.3121748,39.9878339],[116.3121516,39.9880889]]},"properties":{"layer":"road","major":1}},{"type":"Feature","geometry":{"type":"LineString","coordinates":[[116.3121748,39.9878339],[116.3112511,39.9877883],[116.3112101,39.9877864],[116.3111764,39.9877848]]},"properties":{"layer":"road","major":1}},{"type":"Feature","geometry":{"type":"LineString","coordinates":[[116.3112511,39.9877883],[116.3112026,39.9883255],[116.3111788,39.9885897],[116.3111674,39.9887165]]},"properties":{"layer":"road","major":1}},{"type":"Feature","geometry":{"type":"LineString","coordinates":[[116.3120449,39.9886259],[116.3111788,39.9885897]]},"properties":{"layer":"road","major":1}},{"type":"Feature","geometry":{"type":"LineString","coordinates":[[116.3127171,39.9887251],[116.3127409,39.9883039]]},"properties":{"layer":"road","major":0}},{"type":"Feature","geometry":{"type":"LineString","coordinates":[[116.3122497,39.9880041],[116.3120716,39.9879973]]},"properties":{"layer":"road","major":0}},{"type":"Feature","geometry":{"type":"LineString","coordinates":[[116.3111481,39.9889313],[116.3121008,39.9889728],[116.3121604,39.9889747],[116.3134389,39.9890212],[116.3136729,39.9890283],[116.3137212,39.9890298]]},"properties":{"layer":"road","major":0}},{"type":"Feature","geometry":{"type":"LineString","coordinates":[[116.3134389,39.9890212],[116.313456,39.9887047],[116.3132962,39.9887007],[116.3121731,39.9886729],[116.312115,39.9886715]]},"properties":{"layer":"road","major":0}},{"type":"Feature","geometry":{"type":"LineString","coordinates":[[116.3121731,39.9886729],[116.3121604,39.9889747]]},"properties":{"layer":"road","major":0}},{"type":"Feature","geometry":{"type":"LineString","coordinates":[[116.3121731,39.9886729],[116.3122068,39.9881511],[116.3122098,39.9881038]]},"properties":{"layer":"road","major":0}},{"type":"Feature","geometry":{"type":"LineString","coordinates":[[116.3137404,39.9887111],[116.3136923,39.9887096],[116.313456,39.9887047]]},"properties":{"layer":"road","major":0}},{"type":"Feature","geometry":{"type":"LineString","coordinates":[[116.3122068,39.9881511],[116.3122599,39.9881627],[116.3123177,39.9881845],[116.3123654,39.9882177],[116.3124089,39.9882541],[116.3124539,39.9882826],[116.312504,39.9883151],[116.3125737,39.9883539],[116.3126428,39.9883831],[116.312698,39.9883978],[116.3127528,39.9884097],[116.3128184,39.9884203],[116.3128807,39.9884231],[116.3129484,39.9884252],[116.3130108,39.988419],[116.3130728,39.9884097],[116.3131416,39.9883995],[116.3132116,39.9883862],[116.3132842,39.9883756],[116.3133457,39.9883697],[116.3134216,39.9883651],[116.3135025,39.9883633],[116.3135774,39.9883633],[116.313644,39.9883712],[116.3137096,39.9883777],[116.3136923,39.9887096]]},"properties":{"layer":"road","major":0}},{"type":"Feature","geometry":{"type":"LineString","coordinates":[[116.3111674,39.9887165],[116.3111481,39.9889313],[116.3111433,39.9889853]]},"properties":{"layer":"road","major":1}},{"type":"Feature","geometry":{"type":"LineString","coordinates":[[116.3117514,39.9883432],[116.3116791,39.9883433]]},"properties":{"layer":"road","major":0}},{"type":"Feature","geometry":{"type":"LineString","coordinates":[[116.3113851,39.9883344],[116.3112026,39.9883255]]},"properties":{"layer":"road","major":0}},{"type":"Feature","geometry":{"type":"LineString","coordinates":[[116.3021354,39.9984067],[116.3025356,39.9985019],[116.3029699,39.9986166]]},"properties":{"layer":"road","major":0}},{"type":"Feature","geometry":{"type":"LineString","coordinates":[[116.301433,39.9982395],[116.3010842,39.9988163],[116.3009878,39.9992071]]},"properties":{"layer":"road","major":0}},{"type":"Feature","geometry":{"type":"LineString","coordinates":[[116.3073919,39.9985752],[116.3073166,39.9988788],[116.3086666,39.9990562]]},"properties":{"layer":"road","major":0}},{"type":"Feature","geometry":{"type":"LineString","coordinates":[[116.3065303,39.9990263],[116.3071458,39.9991371],[116.3072199,39.9988615],[116.3072604,39.9988687],[116.3073166,39.9988788]]},"properties":{"layer":"road","major":0}},{"type":"Feature","geometry":{"type":"LineString","coordinates":[[116.3047702,39.9986042],[116.3038908,39.9984922],[116.3035897,39.9984899],[116.3028724,39.9982802]]},"properties":{"layer":"road","major":0}},{"type":"Feature","geometry":{"type":"LineString","coordinates":[[116.3101118,39.9906584],[116.3100076,39.9905456],[116.3100392,39.989726],[116.3100262,39.9895647],[116.3101,39.9895793],[116.310136,39.9890719],[116.3100662,39.9890512],[116.3100805,39.9889379]]},"properties":{"layer":"road","major":0}},{"type":"Feature","geometry":{"type":"LineString","coordinates":[[116.3100805,39.9889379],[116.3101338,39.9882074],[116.3102133,39.9871413],[116.3102171,39.9870908],[116.310262,39.9866],[116.3102647,39.9864912]]},"properties":{"layer":"road","major":0}},{"type":"Feature","geometry":{"type":"LineString","coordinates":[[116.3059355,39.9999722],[116.3061804,40.0000181]]},"properties":{"layer":"road","major":0}},{"type":"Feature","geometry":{"type":"LineString","coordinates":[[116.3107664,39.9889684],[116.3107595,39.989082],[116.3107455,39.9892212],[116.3111816,39.9892323]]},"properties":{"layer":"road","major":0}},{"type":"Feature","geometry":{"type":"LineString","coordinates":[[116.3107455,39.9892212],[116.3107026,39.9896773]]},"properties":{"layer":"road","major":0}},{"type":"Feature","geometry":{"type":"LineString","coordinates":[[116.308753,39.9984773],[116.3085348,39.9984982],[116.3070975,39.9984951],[116.3064101,39.9984685],[116.305902,39.9984397],[116.3051793,39.9983981],[116.3045593,39.9983345],[116.3038578,39.9982212],[116.3034166,39.9981176],[116.3030364,39.9979791],[116.3026726,39.9978063],[116.3025922,39.9977561],[116.3023277,39.9975911],[116.3013318,39.9965725],[116.3011201,39.9964563],[116.3009022,39.9963666],[116.3006496,39.9963139],[116.2995321,39.9962322],[116.2985249,39.99616],[116.2984109,39.9960953],[116.2983774,39.9960164]]},"properties":{"layer":"road","major":0}},{"type":"Feature","geometry":{"type":"LineString","coordinates":[[116.2983774,39.9960164],[116.2983832,39.9958863]]},"properties":{"layer":"road","major":0}},{"type":"Feature","geometry":{"type":"LineString","coordinates":[[116.3070975,39.9984951],[116.3071087,39.9983362]]},"properties":{"layer":"road","major":0}},{"type":"Feature","geometry":{"type":"LineString","coordinates":[[116.305902,39.9984397],[116.3059201,39.9982824]]},"properties":{"layer":"road","major":0}},{"type":"Feature","geometry":{"type":"LineString","coordinates":[[116.3045593,39.9983345],[116.3046621,39.9980795]]},"properties":{"layer":"road","major":0}},{"type":"Feature","geometry":{"type":"LineString","coordinates":[[116.3025922,39.9977561],[116.3027189,39.9975778]]},"properties":{"layer":"road","major":0}},{"type":"Feature","geometry":{"type":"LineString","coordinates":[[116.3011201,39.9964563],[116.3012337,39.9963324]]},"properties":{"layer":"road","major":0}},{"type":"Feature","geometry":{"type":"LineString","coordinates":[[116.3029611,39.9980305],[116.3027291,39.9980535],[116.3026455,39.9981484],[116.3025835,39.998241],[116.3023976,39.9983122]]},"properties":{"layer":"road","major":0}},{"type":"Feature","geometry":{"type":"LineString","coordinates":[[116.2987367,39.9856874],[116.2986816,39.9856904],[116.2982662,39.9856658],[116.2980791,39.9857078],[116.2980357,39.9860529],[116.2980109,39.9860497],[116.2978741,39.9860323],[116.2979085,39.9856975],[116.2980791,39.9857078]]},"properties":{"layer":"road","major":0}},{"type":"Feature","geometry":{"type":"LineString","coordinates":[[116.2979085,39.9856975],[116.2978038,39.9856918],[116.2977574,39.985866]]},"properties":{"layer":"road","major":0}},{"type":"Feature","geometry":{"type":"LineString","coordinates":[[116.2989464,39.9863862],[116.2988353,39.9864221],[116.2987905,39.9864187]]},"properties":{"layer":"road","major":0}},{"type":"Feature","geometry":{"type":"LineString","coordinates":[[116.2987291,39.986413],[116.297975,39.986335],[116.2980109,39.9860497]]},"properties":{"layer":"road","major":0}},{"type":"Feature","geometry":{"type":"LineString","coordinates":[[116.298988,39.9857641],[116.2989895,39.9857469],[116.2990197,39.9856844],[116.2990543,39.9855976],[116.2990643,39.9855726]]},"properties":{"layer":"road","major":0}},{"type":"Feature","geometry":{"type":"LineString","coordinates":[[116.2989895,39.9857469],[116.2986626,39.9857242]]},"properties":{"layer":"road","major":0}},{"type":"Feature","geometry":{"type":"LineString","coordinates":[[116.2983702,39.9864495],[116.2989514,39.9864953],[116.2990194,39.9865029]]},"properties":{"layer":"road","major":0}},{"type":"Feature","geometry":{"type":"LineString","coordinates":[[116.2983622,39.9865416],[116.2983627,39.9865214],[116.2983702,39.9864495]]},"properties":{"layer":"road","major":0}},{"type":"Feature","geometry":{"type":"LineString","coordinates":[[116.2991478,39.9856936],[116.2990197,39.9856844],[116.2987367,39.9856874]]},"properties":{"layer":"road","major":0}},{"type":"Feature","geometry":{"type":"LineString","coordinates":[[116.3044399,39.9837607],[116.3046834,39.9837656],[116.3047754,39.9837659],[116.3058826,39.9838037]]},"properties":{"layer":"road","major":1}},{"type":"Feature","geometry":{"type":"LineString","coordinates":[[116.3059815,39.9842883],[116.3042941,39.984236],[116.3042484,39.9842346],[116.3037438,39.9842189]]},"properties":{"layer":"road","major":1}},{"type":"Feature","geometry":{"type":"LineString","coordinates":[[116.3096513,39.9977477],[116.3107771,39.9977885],[116.3118689,39.9978191],[116.3128918,39.9978856]]},"properties":{"layer":"road","major":0}},{"type":"Feature","geometry":{"type":"LineString","coordinates":[[116.3098609,39.9974276],[116.3108897,39.9974656],[116.3110294,39.9974184],[116.3117594,39.9974587],[116.3129483,39.997518]]},"properties":{"layer":"road","major":0}},{"type":"Feature","geometry":{"type":"LineString","coordinates":[[116.3102052,39.9971087],[116.3109725,39.9971343],[116.3118043,39.9971738],[116.3125717,39.9972172],[116.3127545,39.9972418],[116.3129873,39.9972646]]},"properties":{"layer":"road","major":0}},{"type":"Feature","geometry":{"type":"LineString","coordinates":[[116.3088082,40.0006483],[116.3087796,39.9998319]]},"properties":{"layer":"road","major":0}},{"type":"Feature","geometry":{"type":"LineString","coordinates":[[116.2980266,39.9831427],[116.2985357,39.9830522],[116.2990918,39.9831673],[116.2991205,39.983104],[116.2992799,39.9831383],[116.2993395,39.9831787],[116.2992592,39.9832358],[116.29914,39.9832868],[116.2990024,39.9833043],[116.2986148,39.9832507],[116.2980771,39.9832569],[116.2980266,39.9831427]]},"properties":{"layer":"road","major":0}},{"type":"Feature","geometry":{"type":"LineString","coordinates":[[116.3091265,39.9975288],[116.3091433,39.997548],[116.3091858,39.9975683],[116.3092374,39.9975805],[116.3093012,39.9975722],[116.3093452,39.9975574],[116.309382,39.9975456],[116.3094352,39.9975019]]},"properties":{"layer":"road","major":1}},{"type":"Feature","geometry":{"type":"LineString","coordinates":[[116.29514,39.9985795],[116.2952117,39.9985149],[116.2952932,39.9984686],[116.2953536,39.998427],[116.2953703,39.9983726],[116.2953703,39.9983089],[116.2953457,39.9982518],[116.2953081,39.9982008],[116.2952862,39.9981377],[116.2953028,39.9980653],[116.2953685,39.99798],[116.2954798,39.997876],[116.2955192,39.9978237],[116.2955246,39.9978064],[116.2955332,39.9977794],[116.2955236,39.9977156],[116.2954692,39.9976378],[116.2953895,39.9975545],[116.2953229,39.9974895],[116.2953063,39.997415],[116.2953221,39.9973371],[116.2953457,39.9972539],[116.2953422,39.9971747],[116.2953264,39.9970942],[116.2952844,39.9970291],[116.2952467,39.9969948],[116.2952362,39.9969532],[116.2952634,39.9969136],[116.2953159,39.9968949],[116.295358,39.9968492],[116.295344,39.9967875],[116.2953326,39.9967331],[116.2953475,39.9966781],[116.2953694,39.9966331],[116.2954088,39.9965942],[116.2954771,39.9965788],[116.295556,39.9965801],[116.2956112,39.9966103],[116.2956357,39.9966727],[116.2956725,39.996709],[116.2957207,39.996723],[116.2957873,39.9967185]]},"properties":{"layer":"road","major":0}},{"type":"Feature","geometry":{"type":"LineString","coordinates":[[116.295358,39.9968492],[116.2954159,39.9968501],[116.2955125,39.9968373],[116.2955884,39.9968013],[116.2956296,39.9967628],[116.2956695,39.99675],[116.2957207,39.996723]]},"properties":{"layer":"road","major":0}},{"type":"Feature","geometry":{"type":"LineString","coordinates":[[116.2955246,39.9978064],[116.2956512,39.9978116]]},"properties":{"layer":"road","major":0}},{"type":"Feature","geometry":{"type":"LineString","coordinates":[[116.2976375,39.9843991],[116.2976256,39.984183],[116.2976289,39.9841327]]},"properties":{"layer":"road","major":0}},{"type":"Feature","geometry":{"type":"LineString","coordinates":[[116.2997233,39.9848996],[116.2998201,39.9848134],[116.3000075,39.9848097],[116.3003893,39.9848022],[116.300746,39.9848023],[116.3019708,39.9848027],[116.3021531,39.9848033],[116.3023788,39.984804],[116.3026431,39.9848048],[116.3028737,39.9846767],[116.3029936,39.9844095],[116.3030026,39.9843895]]},"properties":{"layer":"road","major":0}},{"type":"Feature","geometry":{"type":"LineString","coordinates":[[116.3000612,39.9844568],[116.300746,39.9848023]]},"properties":{"layer":"road","major":0}},{"type":"Feature","geometry":{"type":"LineString","coordinates":[[116.3000075,39.9848097],[116.3000612,39.9844568]]},"properties":{"layer":"road","major":0}},{"type":"Feature","geometry":{"type":"LineString","coordinates":[[116.3000612,39.9844568],[116.2998654,39.9844269],[116.2997853,39.9843778]]},"properties":{"layer":"road","major":0}},{"type":"Feature","geometry":{"type":"LineString","coordinates":[[116.2996922,39.9851347],[116.2996827,39.9850254],[116.2996793,39.9849871],[116.2997233,39.9848996]]},"properties":{"layer":"road","major":0}},{"type":"Feature","geometry":{"type":"LineString","coordinates":[[116.3023788,39.984804],[116.3025995,39.9850209]]},"properties":{"layer":"road","major":0}},{"type":"Feature","geometry":{"type":"LineString","coordinates":[[116.3021531,39.9848033],[116.3019721,39.9850022]]},"properties":{"layer":"road","major":0}},{"type":"Feature","geometry":{"type":"LineString","coordinates":[[116.300746,39.9848023],[116.300569,39.9849687]]},"properties":{"layer":"road","major":0}},{"type":"Feature","geometry":{"type":"Point","coordinates":[116.3105841,39.9963638]},"properties":{"layer":"place","kind":"food","name_zh":"羊蝎子","name_en":""}},{"type":"Feature","geometry":{"type":"Point","coordinates":[116.299814,39.9858948]},"properties":{"layer":"place","kind":"service","name_zh":"中国银行","name_en":"Bank of China"}},{"type":"Feature","geometry":{"type":"Point","coordinates":[116.3079372,39.9830057]},"properties":{"layer":"place","kind":"food","name_zh":"Peet's Coffee","name_en":""}},{"type":"Feature","geometry":{"type":"Point","coordinates":[116.3072893,39.9967281]},"properties":{"layer":"place","kind":"stay","name_zh":"北大博雅国际酒店","name_en":"The Lakeview Hotel"}},{"type":"Feature","geometry":{"type":"Point","coordinates":[116.3018627,39.986699]},"properties":{"layer":"place","kind":"food","name_zh":"泊星地咖啡馆","name_en":"Paradiso Coffee"}},{"type":"Feature","geometry":{"type":"Point","coordinates":[116.303519,39.9832782]},"properties":{"layer":"place","kind":"service","name_zh":"中国银行","name_en":"Bank of China"}},{"type":"Feature","geometry":{"type":"Point","coordinates":[116.2989307,39.9852817]},"properties":{"layer":"place","kind":"service","name_zh":"中国工商银行","name_en":"Industrial and Commercial Bank of China"}},{"type":"Feature","geometry":{"type":"Point","coordinates":[116.3101359,39.9956457]},"properties":{"layer":"place","kind":"building","name_zh":"北大燕东宾馆","name_en":""}},{"type":"Feature","geometry":{"type":"Point","coordinates":[116.3005337,39.9831567]},"properties":{"layer":"place","kind":"building","name_zh":"昊海楼","name_en":""}},{"type":"Feature","geometry":{"type":"Point","coordinates":[116.3115745,39.9882992]},"properties":{"layer":"place","kind":"stay","name_zh":"北京大学中关新园","name_en":"Zhongguanyuan Global Village Peking University"}},{"type":"Feature","geometry":{"type":"Point","coordinates":[116.3012496,39.98306]},"properties":{"layer":"place","kind":"service","name_zh":"上海银行","name_en":"Bank of Shanghai"}},{"type":"Feature","geometry":{"type":"Point","coordinates":[116.3103974,39.9903465]},"properties":{"layer":"place","kind":"service","name_zh":"北京银行","name_en":"Bank of Beijing"}},{"type":"Feature","geometry":{"type":"Point","coordinates":[116.3104704,39.9856178]},"properties":{"layer":"place","kind":"food","name_zh":"一品生煎","name_en":""}},{"type":"Feature","geometry":{"type":"Point","coordinates":[116.3103647,39.9898344]},"properties":{"layer":"place","kind":"service","name_zh":"中国民生银行","name_en":"China Minsheng Bank"}},{"type":"Feature","geometry":{"type":"Point","coordinates":[116.3056898,39.9831183]},"properties":{"layer":"place","kind":"service","name_zh":"招商银行","name_en":"China Merchants Bank"}},{"type":"Feature","geometry":{"type":"Point","coordinates":[116.2997367,39.9860987]},"properties":{"layer":"place","kind":"food","name_zh":"何贤记","name_en":""}},{"type":"Feature","geometry":{"type":"Point","coordinates":[116.3008058,39.9860838]},"properties":{"layer":"place","kind":"service","name_zh":"北京大学邮政所","name_en":"Peking University Post Office"}},{"type":"Feature","geometry":{"type":"Point","coordinates":[116.3002477,39.9881291]},"properties":{"layer":"place","kind":"service","name_zh":"中国农业银行","name_en":"Agricultural Bank of China"}},{"type":"Feature","geometry":{"type":"Point","coordinates":[116.3068889,39.9849989]},"properties":{"layer":"place","kind":"food","name_zh":"江边码头巫山烤全鱼","name_en":""}},{"type":"Feature","geometry":{"type":"Point","coordinates":[116.3054099,39.983284]},"properties":{"layer":"place","kind":"service","name_zh":"华夏银行","name_en":"Huaxia Bank"}},{"type":"Feature","geometry":{"type":"Point","coordinates":[116.3042962,39.9926155]},"properties":{"layer":"place","kind":"landmark","name_zh":"埃德加·斯诺之墓","name_en":"Tomb of Mr. Edgar Snow"}},{"type":"Feature","geometry":{"type":"Point","coordinates":[116.3081571,39.9954492]},"properties":{"layer":"place","kind":"food","name_zh":"成府园食堂","name_en":""}},{"type":"Feature","geometry":{"type":"Point","coordinates":[116.2990263,39.9925623]},"properties":{"layer":"place","kind":"landmark","name_zh":"葛利普教授之墓","name_en":""}},{"type":"Feature","geometry":{"type":"Point","coordinates":[116.2991829,39.9923831]},"properties":{"layer":"place","kind":"landmark","name_zh":"西南联大纪念碑","name_en":""}},{"type":"Feature","geometry":{"type":"Point","coordinates":[116.3027596,39.9833085]},"properties":{"layer":"place","kind":"landmark","name_zh":"中国化工博物馆","name_en":""}},{"type":"Feature","geometry":{"type":"Point","coordinates":[116.3020809,39.9909158]},"properties":{"layer":"place","kind":"landmark","name_zh":"北京大学烈士纪念碑","name_en":""}},{"type":"Feature","geometry":{"type":"Point","coordinates":[116.2961705,39.9879986]},"properties":{"layer":"place","kind":"food","name_zh":"鹤一烤肉（中关村店）","name_en":""}},{"type":"Feature","geometry":{"type":"Point","coordinates":[116.2984207,39.9956664]},"properties":{"layer":"place","kind":"landmark","name_zh":"乾隆半月台诗碑","name_en":""}},{"type":"Feature","geometry":{"type":"Point","coordinates":[116.3009569,39.995206]},"properties":{"layer":"place","kind":"landmark","name_zh":"“柳浪闻莺“石坊楣","name_en":""}},{"type":"Feature","geometry":{"type":"Point","coordinates":[116.3036026,39.9959694]},"properties":{"layer":"place","kind":"landmark","name_zh":"“断桥残雪“石坊楣","name_en":""}},{"type":"Feature","geometry":{"type":"Point","coordinates":[116.2986707,39.9925523]},"properties":{"layer":"place","kind":"landmark","name_zh":"大水法石构件","name_en":""}},{"type":"Feature","geometry":{"type":"Point","coordinates":[116.3017824,39.99196]},"properties":{"layer":"place","kind":"landmark","name_zh":"茜园梅石碑","name_en":""}},{"type":"Feature","geometry":{"type":"Point","coordinates":[116.3049201,39.9913184]},"properties":{"layer":"place","kind":"landmark","name_zh":"“振兴中华”石碑","name_en":""}},{"type":"Feature","geometry":{"type":"Point","coordinates":[116.301995,39.9929598]},"properties":{"layer":"place","kind":"landmark","name_zh":"石五供","name_en":""}},{"type":"Feature","geometry":{"type":"Point","coordinates":[116.3037793,39.9936189]},"properties":{"layer":"place","kind":"landmark","name_zh":"“燕宫太液”石刻","name_en":""}},{"type":"Feature","geometry":{"type":"Point","coordinates":[116.3029433,39.9934244]},"properties":{"layer":"place","kind":"landmark","name_zh":"“挹翠”石刻","name_en":""}},{"type":"Feature","geometry":{"type":"Point","coordinates":[116.3017654,39.9933445]},"properties":{"layer":"place","kind":"landmark","name_zh":"未名湖石","name_en":""}},{"type":"Feature","geometry":{"type":"Point","coordinates":[116.3020325,39.9929295]},"properties":{"layer":"place","kind":"landmark","name_zh":"植树碑","name_en":""}},{"type":"Feature","geometry":{"type":"Point","coordinates":[116.3039782,39.9944889]},"properties":{"layer":"place","kind":"landmark","name_zh":"乾隆石屏风","name_en":""}},{"type":"Feature","geometry":{"type":"Point","coordinates":[116.3076058,39.9883858]},"properties":{"layer":"place","kind":"food","name_zh":"3W咖啡餐吧（北京大学店）","name_en":""}},{"type":"Feature","geometry":{"type":"Point","coordinates":[116.29986,39.98541]},"properties":{"layer":"place","kind":"stay","name_zh":"资源宾馆","name_en":"Resource Hotel"}},{"type":"Feature","geometry":{"type":"Point","coordinates":[116.298847,39.9863079]},"properties":{"layer":"place","kind":"food","name_zh":"好适口小小鲜肉包","name_en":""}},{"type":"Feature","geometry":{"type":"Point","coordinates":[116.3020065,39.9864582]},"properties":{"layer":"place","kind":"food","name_zh":"松林包子铺","name_en":""}},{"type":"Feature","geometry":{"type":"Point","coordinates":[116.3006271,39.9830092]},"properties":{"layer":"place","kind":"food","name_zh":"咖啡书屋","name_en":""}},{"type":"Feature","geometry":{"type":"Point","coordinates":[116.3066749,39.9910999]},"properties":{"layer":"place","kind":"food","name_zh":"瑞幸咖啡","name_en":"Luckin Coffee"}},{"type":"Feature","geometry":{"type":"Point","coordinates":[116.3008511,39.9863492]},"properties":{"layer":"place","kind":"service","name_zh":"中国工商银行","name_en":"Industrial and Commercial Bank of China"}},{"type":"Feature","geometry":{"type":"Point","coordinates":[116.3006549,39.9984212]},"properties":{"layer":"place","kind":"food","name_zh":"花家怡园","name_en":""}},{"type":"Feature","geometry":{"type":"Point","coordinates":[116.3092299,39.986597]},"properties":{"layer":"place","kind":"police","name_zh":"燕园派出所","name_en":""}},{"type":"Feature","geometry":{"type":"Point","coordinates":[116.3045224,40.0009124]},"properties":{"layer":"place","kind":"landmark","name_zh":"残桥","name_en":""}},{"type":"Feature","geometry":{"type":"Point","coordinates":[116.3039286,40.0010777]},"properties":{"layer":"place","kind":"landmark","name_zh":"流散文物展示区","name_en":""}},{"type":"Feature","geometry":{"type":"Point","coordinates":[116.3089936,39.993896]},"properties":{"layer":"place","kind":"landmark","name_zh":"成府","name_en":""}},{"type":"Feature","geometry":{"type":"Point","coordinates":[116.3110123,39.9924196]},"properties":{"layer":"place","kind":"landmark","name_zh":"刚秉庙","name_en":""}},{"type":"Feature","geometry":{"type":"Point","coordinates":[116.3115873,39.9952585]},"properties":{"layer":"place","kind":"landmark","name_zh":"东大地","name_en":""}},{"type":"Feature","geometry":{"type":"Point","coordinates":[116.3086313,39.9949865]},"properties":{"layer":"place","kind":"food","name_zh":"龙可立咖","name_en":""}},{"type":"Feature","geometry":{"type":"Point","coordinates":[116.3090668,39.9873556]},"properties":{"layer":"place","kind":"sport","name_zh":"邱德拔体育馆","name_en":"Khoo Teck Puat Gymnasium"}},{"type":"Feature","geometry":{"type":"Point","coordinates":[116.2984048,39.9829776]},"properties":{"layer":"place","kind":"building","name_zh":"左岸工社","name_en":""}},{"type":"Feature","geometry":{"type":"Point","coordinates":[116.30658,39.991911]},"properties":{"layer":"place","kind":"building","name_zh":"遥感楼","name_en":"Remote Sensing Building"}},{"type":"Feature","geometry":{"type":"Point","coordinates":[116.302769,39.9830925]},"properties":{"layer":"place","kind":"building","name_zh":"中国化工集团大厦","name_en":""}},{"type":"Feature","geometry":{"type":"Point","coordinates":[116.3083513,39.982559]},"properties":{"layer":"place","kind":"building","name_zh":"鼎好","name_en":""}},{"type":"Feature","geometry":{"type":"Point","coordinates":[116.3084858,39.9944561]},"properties":{"layer":"place","kind":"building","name_zh":"政府管理学院（廖凯原楼）","name_en":"School of Government (Leo KoGuan Building)"}},{"type":"Feature","geometry":{"type":"Point","coordinates":[116.2983584,39.9920095]},"properties":{"layer":"place","kind":"landmark","name_zh":"恩佑寺山门","name_en":""}},{"type":"Feature","geometry":{"type":"Point","coordinates":[116.3074711,39.9989977]},"properties":{"layer":"place","kind":"building","name_zh":"圆明园南门外","name_en":""}},{"type":"Feature","geometry":{"type":"Point","coordinates":[116.3044949,39.9886652]},"properties":{"layer":"place","kind":"building","name_zh":"百周年纪念讲堂","name_en":"University Hall (Performance Hall)"}},{"type":"Feature","geometry":{"type":"Point","coordinates":[116.3007997,39.9870839]},"properties":{"layer":"place","kind":"food","name_zh":"艺园餐厅","name_en":"Yi Yuan Dining Hall"}},{"type":"Feature","geometry":{"type":"Point","coordinates":[116.2963162,39.985973]},"properties":{"layer":"place","kind":"building","name_zh":"海淀游泳馆","name_en":""}},{"type":"Feature","geometry":{"type":"Point","coordinates":[116.3032206,39.99978]},"properties":{"layer":"place","kind":"landmark","name_zh":"最上楼","name_en":""}},{"type":"Feature","geometry":{"type":"Point","coordinates":[116.3033332,39.9992975]},"properties":{"layer":"place","kind":"landmark","name_zh":"三圣殿","name_en":""}},{"type":"Feature","geometry":{"type":"Point","coordinates":[116.3046578,40.0001124]},"properties":{"layer":"place","kind":"building","name_zh":"鉴碧亭","name_en":""}},{"type":"Feature","geometry":{"type":"Point","coordinates":[116.3032817,39.9995778]},"properties":{"layer":"place","kind":"building","name_zh":"文殊亭","name_en":""}},{"type":"Feature","geometry":{"type":"Point","coordinates":[116.2975065,39.9846883]},"properties":{"layer":"place","kind":"building","name_zh":"中关村国际创新大厦","name_en":""}},{"type":"Feature","geometry":{"type":"Point","coordinates":[116.310548,39.9970182]},"properties":{"layer":"place","kind":"building","name_zh":"西44楼","name_en":""}},{"type":"Feature","geometry":{"type":"Point","coordinates":[116.3124445,39.9973651]},"properties":{"layer":"place","kind":"building","name_zh":"16公寓","name_en":""}},{"type":"Feature","geometry":{"type":"Point","coordinates":[116.3113532,39.9969753]},"properties":{"layer":"place","kind":"building","name_zh":"19公寓","name_en":""}},{"type":"Feature","geometry":{"type":"Point","coordinates":[116.3113384,39.9976801]},"properties":{"layer":"place","kind":"building","name_zh":"17公寓","name_en":""}},{"type":"Feature","geometry":{"type":"Point","coordinates":[116.3113431,39.9973138]},"properties":{"layer":"place","kind":"building","name_zh":"18公寓","name_en":""}},{"type":"Feature","geometry":{"type":"Point","coordinates":[116.3105281,39.9973515]},"properties":{"layer":"place","kind":"building","name_zh":"西43楼","name_en":""}},{"type":"Feature","geometry":{"type":"Point","coordinates":[116.3121797,39.9970091]},"properties":{"layer":"place","kind":"building","name_zh":"西8楼","name_en":""}},{"type":"Feature","geometry":{"type":"Point","coordinates":[116.3104534,39.9976731]},"properties":{"layer":"place","kind":"building","name_zh":"西42楼","name_en":""}},{"type":"Feature","geometry":{"type":"Point","coordinates":[116.3103844,39.9979951]},"properties":{"layer":"place","kind":"building","name_zh":"西41楼","name_en":""}},{"type":"Feature","geometry":{"type":"Point","coordinates":[116.3113406,39.9980528]},"properties":{"layer":"place","kind":"building","name_zh":"西1楼","name_en":""}},{"type":"Feature","geometry":{"type":"Point","coordinates":[116.3095508,39.9979769]},"properties":{"layer":"place","kind":"building","name_zh":"西45楼","name_en":""}},{"type":"Feature","geometry":{"type":"Point","coordinates":[116.304338,39.9915474]},"properties":{"layer":"place","kind":"building","name_zh":"第一教学楼","name_en":"Teaching Building No.1"}},{"type":"Feature","geometry":{"type":"Point","coordinates":[116.3062494,39.9938574]},"properties":{"layer":"place","kind":"sport","name_zh":"东操场","name_en":"East Playground"}},{"type":"Feature","geometry":{"type":"Point","coordinates":[116.3011199,39.9894355]},"properties":{"layer":"place","kind":"sport","name_zh":"二体网球场","name_en":"Tennis Court"}},{"type":"Feature","geometry":{"type":"Point","coordinates":[116.3029708,39.9894402]},"properties":{"layer":"place","kind":"sport","name_zh":"二体篮球场","name_en":"Basketball Court"}},{"type":"Feature","geometry":{"type":"Point","coordinates":[116.3021076,39.9894768]},"properties":{"layer":"place","kind":"building","name_zh":"第二体育馆","name_en":"Gymnasium No. 2"}},{"type":"Feature","geometry":{"type":"Point","coordinates":[116.2986002,39.9932819]},"properties":{"layer":"place","kind":"building","name_zh":"北大西门","name_en":""}},{"type":"Feature","geometry":{"type":"Point","coordinates":[116.2998362,39.9928866]},"properties":{"layer":"place","kind":"building","name_zh":"化学北楼","name_en":"North Chemistry Building"}},{"type":"Feature","geometry":{"type":"Point","coordinates":[116.2998453,39.9923222]},"properties":{"layer":"place","kind":"building","name_zh":"化学南楼","name_en":"South Chemistry Building"}},{"type":"Feature","geometry":{"type":"Point","coordinates":[116.3000759,39.991987]},"properties":{"layer":"place","kind":"landmark","name_zh":"校史馆","name_en":"Museum of University History"}},{"type":"Feature","geometry":{"type":"Point","coordinates":[116.3004097,39.9925967]},"properties":{"layer":"place","kind":"building","name_zh":"档案馆","name_en":"The Archived"}},{"type":"Feature","geometry":{"type":"Point","coordinates":[116.3130422,39.990251]},"properties":{"layer":"place","kind":"building","name_zh":"42","name_en":"42"}},{"type":"Feature","geometry":{"type":"Point","coordinates":[116.3130856,39.9892668]},"properties":{"layer":"place","kind":"building","name_zh":"45","name_en":"45"}},{"type":"Feature","geometry":{"type":"Point","coordinates":[116.3130742,39.9895914]},"properties":{"layer":"place","kind":"building","name_zh":"44","name_en":"44"}},{"type":"Feature","geometry":{"type":"Point","coordinates":[116.3130141,39.9905784]},"properties":{"layer":"place","kind":"building","name_zh":"41","name_en":"41"}},{"type":"Feature","geometry":{"type":"Point","coordinates":[116.3130804,39.989936]},"properties":{"layer":"place","kind":"building","name_zh":"43","name_en":"43"}},{"type":"Feature","geometry":{"type":"Point","coordinates":[116.3039436,39.9831435]},"properties":{"layer":"place","kind":"building","name_zh":"理想国际大厦","name_en":""}},{"type":"Feature","geometry":{"type":"Point","coordinates":[116.3057138,39.9832082]},"properties":{"layer":"place","kind":"building","name_zh":"辉煌时代大厦","name_en":""}},{"type":"Feature","geometry":{"type":"Point","coordinates":[116.3071372,39.9832122]},"properties":{"layer":"place","kind":"building","name_zh":"方正国际大厦","name_en":""}},{"type":"Feature","geometry":{"type":"Point","coordinates":[116.296922,39.9869396]},"properties":{"layer":"place","kind":"sport","name_zh":"海淀体育场","name_en":""}},{"type":"Feature","geometry":{"type":"Point","coordinates":[116.2961044,39.9869707]},"properties":{"layer":"place","kind":"building","name_zh":"星海体育场","name_en":"Xinghai Sports Club"}},{"type":"Feature","geometry":{"type":"Point","coordinates":[116.3000244,39.9857715]},"properties":{"layer":"place","kind":"building","name_zh":"资源宾馆","name_en":"Resource Hotel"}},{"type":"Feature","geometry":{"type":"Point","coordinates":[116.302082,39.985624]},"properties":{"layer":"place","kind":"building","name_zh":"38、39楼","name_en":""}},{"type":"Feature","geometry":{"type":"Point","coordinates":[116.3011069,39.9855969]},"properties":{"layer":"place","kind":"building","name_zh":"40、41、42楼","name_en":""}},{"type":"Feature","geometry":{"type":"Point","coordinates":[116.3030074,39.9856415]},"properties":{"layer":"place","kind":"building","name_zh":"36、37楼","name_en":""}},{"type":"Feature","geometry":{"type":"Point","coordinates":[116.3039117,39.9856841]},"properties":{"layer":"place","kind":"building","name_zh":"34A、34B楼","name_en":""}},{"type":"Feature","geometry":{"type":"Point","coordinates":[116.3029178,39.9863829]},"properties":{"layer":"place","kind":"building","name_zh":"35楼","name_en":""}},{"type":"Feature","geometry":{"type":"Point","coordinates":[116.3038715,39.9864081]},"properties":{"layer":"place","kind":"building","name_zh":"32楼","name_en":""}},{"type":"Feature","geometry":{"type":"Point","coordinates":[116.3007851,39.9866933]},"properties":{"layer":"place","kind":"building","name_zh":"44楼","name_en":""}},{"type":"Feature","geometry":{"type":"Point","coordinates":[116.3090304,39.9860357]},"properties":{"layer":"place","kind":"building","name_zh":"王克桢楼","name_en":"Wang Ko Chiang Building"}},{"type":"Feature","geometry":{"type":"Point","coordinates":[116.3080649,39.9880459]},"properties":{"layer":"place","kind":"building","name_zh":"第四教学楼","name_en":"Teaching Building No. 4"}},{"type":"Feature","geometry":{"type":"Point","coordinates":[116.3077812,39.9877714]},"properties":{"layer":"place","kind":"building","name_zh":"第三教学楼（刘卿楼）","name_en":"Teaching Building No. 3 (Lau Hing Building)"}},{"type":"Feature","geometry":{"type":"Point","coordinates":[116.3074195,39.9881902]},"properties":{"layer":"place","kind":"building","name_zh":"第二教学楼（李兆基楼）","name_en":"Teaching Building No. 2 (Lee Shan Kee Building)"}},{"type":"Feature","geometry":{"type":"Point","coordinates":[116.3057848,39.992643]},"properties":{"layer":"place","kind":"landmark","name_zh":"博雅塔","name_en":"Boya Tower"}},{"type":"Feature","geometry":{"type":"Point","coordinates":[116.3078234,39.9941653]},"properties":{"layer":"place","kind":"building","name_zh":"法学院（陈明楼）","name_en":"Law School (Chen Ming Building)"}},{"type":"Feature","geometry":{"type":"Point","coordinates":[116.3071901,39.9942573]},"properties":{"layer":"place","kind":"building","name_zh":"光华管理学院","name_en":"Guanghua School of Management"}},{"type":"Feature","geometry":{"type":"Point","coordinates":[116.3077332,39.9947561]},"properties":{"layer":"place","kind":"building","name_zh":"光华管理学院2号楼","name_en":"Bldg No. 2, Guanghua School of Management"}},{"type":"Feature","geometry":{"type":"Point","coordinates":[116.3075123,39.9931987]},"properties":{"layer":"place","kind":"building","name_zh":"法学院（凯原楼）","name_en":"Law School (Leo KoGuan Building)"}},{"type":"Feature","geometry":{"type":"Point","coordinates":[116.298481,39.9851372]},"properties":{"layer":"place","kind":"building","name_zh":"海淀新技术大厦","name_en":""}},{"type":"Feature","geometry":{"type":"Point","coordinates":[116.3001022,39.9833859]},"properties":{"layer":"place","kind":"building","name_zh":"中国书店","name_en":"China Book Shop"}},{"type":"Feature","geometry":{"type":"Point","coordinates":[116.2998331,39.9937433]},"properties":{"layer":"place","kind":"building","name_zh":"外文楼","name_en":"Foreign Languages Building"}},{"type":"Feature","geometry":{"type":"Point","coordinates":[116.3004181,39.9933233]},"properties":{"layer":"place","kind":"building","name_zh":"办公楼（贝公楼）","name_en":"Administrative Building"}},{"type":"Feature","geometry":{"type":"Point","coordinates":[116.299811,39.9944272]},"properties":{"layer":"place","kind":"landmark","name_zh":"赛克勒考古与艺术博物馆","name_en":"Arthur M. Sackler Museum of Art and Arhaeology"}},{"type":"Feature","geometry":{"type":"Point","coordinates":[116.3003963,39.9940445]},"properties":{"layer":"place","kind":"building","name_zh":"民主楼","name_en":"Democracy Building"}},{"type":"Feature","geometry":{"type":"Point","coordinates":[116.3009436,39.994095]},"properties":{"layer":"place","kind":"building","name_zh":"德斋","name_en":"De Hall"}},{"type":"Feature","geometry":{"type":"Point","coordinates":[116.3016128,39.9941051]},"properties":{"layer":"place","kind":"building","name_zh":"才斋","name_en":"Cai Hall"}},{"type":"Feature","geometry":{"type":"Point","coordinates":[116.3012778,39.9943096]},"properties":{"layer":"place","kind":"building","name_zh":"审计室","name_en":""}},{"type":"Feature","geometry":{"type":"Point","coordinates":[116.3022217,39.9941425]},"properties":{"layer":"place","kind":"building","name_zh":"均斋","name_en":"Jun Hall"}},{"type":"Feature","geometry":{"type":"Point","coordinates":[116.3028987,39.9941501]},"properties":{"layer":"place","kind":"building","name_zh":"备斋","name_en":"Bei Hall"}},{"type":"Feature","geometry":{"type":"Point","coordinates":[116.3025611,39.9943356]},"properties":{"layer":"place","kind":"building","name_zh":"人事部","name_en":""}},{"type":"Feature","geometry":{"type":"Point","coordinates":[116.3054533,39.9939921]},"properties":{"layer":"place","kind":"building","name_zh":"第一体育馆","name_en":"Gymnasium No. 1"}},{"type":"Feature","geometry":{"type":"Point","coordinates":[116.2993052,39.9898967]},"properties":{"layer":"place","kind":"building","name_zh":"勺园4号楼","name_en":""}},{"type":"Feature","geometry":{"type":"Point","coordinates":[116.299285,39.9908568]},"properties":{"layer":"place","kind":"building","name_zh":"勺园5号楼","name_en":""}},{"type":"Feature","geometry":{"type":"Point","coordinates":[116.3007181,39.9904487]},"properties":{"layer":"place","kind":"building","name_zh":"北京大学国际关系学院","name_en":"School of International Studies, Peking University"}},{"type":"Feature","geometry":{"type":"Point","coordinates":[116.2998432,39.9896124]},"properties":{"layer":"place","kind":"building","name_zh":"勺园6号楼","name_en":""}},{"type":"Feature","geometry":{"type":"Point","coordinates":[116.3000342,39.9890991]},"properties":{"layer":"place","kind":"stay","name_zh":"勺园7号楼","name_en":""}},{"type":"Feature","geometry":{"type":"Point","coordinates":[116.29951,39.9893184]},"properties":{"layer":"place","kind":"building","name_zh":"勺园8号楼","name_en":""}},{"type":"Feature","geometry":{"type":"Point","coordinates":[116.2994532,39.988816]},"properties":{"layer":"place","kind":"building","name_zh":"勺园9号楼","name_en":""}},{"type":"Feature","geometry":{"type":"Point","coordinates":[116.3008211,39.9876407]},"properties":{"layer":"place","kind":"food","name_zh":"学五食堂","name_en":"Student Dining Hall No. 5 (The Hollywood Café)"}},{"type":"Feature","geometry":{"type":"Point","coordinates":[116.3025991,39.9870657]},"properties":{"layer":"place","kind":"building","name_zh":"31楼","name_en":""}},{"type":"Feature","geometry":{"type":"Point","coordinates":[116.3032963,39.9873483]},"properties":{"layer":"place","kind":"building","name_zh":"29楼","name_en":""}},{"type":"Feature","geometry":{"type":"Point","coordinates":[116.3033239,39.9868204]},"properties":{"layer":"place","kind":"building","name_zh":"30楼","name_en":""}},{"type":"Feature","geometry":{"type":"Point","coordinates":[116.3040369,39.9871131]},"properties":{"layer":"place","kind":"building","name_zh":"28楼","name_en":""}},{"type":"Feature","geometry":{"type":"Point","coordinates":[116.3061608,39.9875179]},"properties":{"layer":"place","kind":"food","name_zh":"农园餐厅","name_en":"Nong Yuan Dining Hall"}},{"type":"Feature","geometry":{"type":"Point","coordinates":[116.3055918,39.9876671]},"properties":{"layer":"place","kind":"building","name_zh":"教育学院","name_en":"Graduate School of Education"}},{"type":"Feature","geometry":{"type":"Point","coordinates":[116.3056961,39.9866761]},"properties":{"layer":"place","kind":"building","name_zh":"对外汉语教育学院及信息管理系（方李邦琴楼）","name_en":"School of Chinese as a Second Language / Department of Information Management"}},{"type":"Feature","geometry":{"type":"Point","coordinates":[116.3057661,39.9857759]},"properties":{"layer":"place","kind":"building","name_zh":"新闻与传播学院（蒙民伟楼）","name_en":"School of Journalism and Communication"}},{"type":"Feature","geometry":{"type":"Point","coordinates":[116.307221,39.9854477]},"properties":{"layer":"place","kind":"building","name_zh":"资源楼","name_en":"Resources Building"}},{"type":"Feature","geometry":{"type":"Point","coordinates":[116.3062891,39.9862539]},"properties":{"layer":"place","kind":"sport","name_zh":"五四体育中心","name_en":"May 4th Sports Center"}},{"type":"Feature","geometry":{"type":"Point","coordinates":[116.2977733,39.9885156]},"properties":{"layer":"place","kind":"building","name_zh":"海淀体育馆","name_en":""}},{"type":"Feature","geometry":{"type":"Point","coordinates":[116.2984884,39.9860706]},"properties":{"layer":"place","kind":"building","name_zh":"未来科技大厦","name_en":""}},{"type":"Feature","geometry":{"type":"Point","coordinates":[116.3104501,39.9898275]},"properties":{"layer":"place","kind":"building","name_zh":"方正大厦","name_en":"Bank of Beijing"}},{"type":"Feature","geometry":{"type":"Point","coordinates":[116.2998045,39.9881963]},"properties":{"layer":"place","kind":"building","name_zh":"45甲楼","name_en":""}},{"type":"Feature","geometry":{"type":"Point","coordinates":[116.2998128,39.9884692]},"properties":{"layer":"place","kind":"building","name_zh":"45乙楼","name_en":""}},{"type":"Feature","geometry":{"type":"Point","coordinates":[116.2998363,39.9878241]},"properties":{"layer":"place","kind":"building","name_zh":"45楼","name_en":""}},{"type":"Feature","geometry":{"type":"Point","coordinates":[116.3035235,39.9933968]},"properties":{"layer":"place","kind":"building","name_zh":"岛厅","name_en":""}},{"type":"Feature","geometry":{"type":"Point","coordinates":[116.3014366,39.9917784]},"properties":{"layer":"place","kind":"building","name_zh":"北阁","name_en":"North Pavilion"}},{"type":"Feature","geometry":{"type":"Point","coordinates":[116.3014498,39.9914465]},"properties":{"layer":"place","kind":"building","name_zh":"南阁","name_en":"South Pavilion"}},{"type":"Feature","geometry":{"type":"Point","coordinates":[116.3030449,39.9922644]},"properties":{"layer":"place","kind":"building","name_zh":"临湖轩","name_en":""}},{"type":"Feature","geometry":{"type":"Point","coordinates":[116.3026178,39.9916106]},"properties":{"layer":"place","kind":"building","name_zh":"俄文楼","name_en":"Russian Building"}},{"type":"Feature","geometry":{"type":"Point","coordinates":[116.3042939,39.9896315]},"properties":{"layer":"place","kind":"building","name_zh":"哲学楼","name_en":"Philosophy Building"}},{"type":"Feature","geometry":{"type":"Point","coordinates":[116.3014128,39.9908424]},"properties":{"layer":"place","kind":"building","name_zh":"一院","name_en":"Courtyard No. 1"}},{"type":"Feature","geometry":{"type":"Point","coordinates":[116.3014259,39.9903682]},"properties":{"layer":"place","kind":"building","name_zh":"二院","name_en":"Courtyard No. 2"}},{"type":"Feature","geometry":{"type":"Point","coordinates":[116.3014386,39.9899046]},"properties":{"layer":"place","kind":"building","name_zh":"三院","name_en":"Courtyard No. 3"}},{"type":"Feature","geometry":{"type":"Point","coordinates":[116.3027534,39.9899166]},"properties":{"layer":"place","kind":"building","name_zh":"四院","name_en":"Courtyard No. 4"}},{"type":"Feature","geometry":{"type":"Point","coordinates":[116.3027429,39.9903879]},"properties":{"layer":"place","kind":"building","name_zh":"五院","name_en":"Courtyard No. 5"}},{"type":"Feature","geometry":{"type":"Point","coordinates":[116.3027327,39.990865]},"properties":{"layer":"place","kind":"building","name_zh":"六院","name_en":"Courtyard No. 6"}},{"type":"Feature","geometry":{"type":"Point","coordinates":[116.3115769,39.9894376]},"properties":{"layer":"place","kind":"building","name_zh":"北京大学化学学院A区","name_en":"Area A, College of Chemistry and Molecular Engineering, Peking University"}},{"type":"Feature","geometry":{"type":"Point","coordinates":[116.3113276,39.9898246]},"properties":{"layer":"place","kind":"building","name_zh":"北京大学化学学院B区","name_en":"Area B, College of Chemistry and Molecular Engineering, Peking University"}},{"type":"Feature","geometry":{"type":"Point","coordinates":[116.3117151,39.9901507]},"properties":{"layer":"place","kind":"building","name_zh":"北京大学化学学院C区","name_en":"Area C, College of Chemistry and Molecular Engineering, Peking University"}},{"type":"Feature","geometry":{"type":"Point","coordinates":[116.311425,39.9904472]},"properties":{"layer":"place","kind":"building","name_zh":"北京大学化学学院D区","name_en":"Area D, College of Chemistry and Molecular Engineering, Peking University"}},{"type":"Feature","geometry":{"type":"Point","coordinates":[116.3052488,39.994574]},"properties":{"layer":"place","kind":"sport","name_zh":"一体岩壁","name_en":""}},{"type":"Feature","geometry":{"type":"Point","coordinates":[116.3013695,39.9827652]},"properties":{"layer":"place","kind":"building","name_zh":"中国技术交易大厦","name_en":""}},{"type":"Feature","geometry":{"type":"Point","coordinates":[116.3057371,39.9908947]},"properties":{"layer":"place","kind":"building","name_zh":"文史楼","name_en":"Chinese and History Building"}},{"type":"Feature","geometry":{"type":"Point","coordinates":[116.301696,39.9862586]},"properties":{"layer":"place","kind":"food","name_zh":"学一食堂","name_en":"Student Dining Hall No. 1"}},{"type":"Feature","geometry":{"type":"Point","coordinates":[116.312827,39.9913124]},"properties":{"layer":"place","kind":"building","name_zh":"北京大学出版社","name_en":"Peking University Press"}},{"type":"Feature","geometry":{"type":"Point","coordinates":[116.3127298,39.9918483]},"properties":{"layer":"place","kind":"food","name_zh":"北大青鸟总部食堂","name_en":""}},{"type":"Feature","geometry":{"type":"Point","coordinates":[116.3129744,39.9924226]},"properties":{"layer":"place","kind":"building","name_zh":"动力中心","name_en":"Center for Electricity, Water and Heat Services"}},{"type":"Feature","geometry":{"type":"Point","coordinates":[116.3123241,39.9948068]},"properties":{"layer":"place","kind":"building","name_zh":"北京大学燕东园30号楼","name_en":""}},{"type":"Feature","geometry":{"type":"Point","coordinates":[116.3103879,39.9944817]},"properties":{"layer":"place","kind":"building","name_zh":"北京大学燕东园34号楼","name_en":""}},{"type":"Feature","geometry":{"type":"Point","coordinates":[116.3104027,39.9941474]},"properties":{"layer":"place","kind":"building","name_zh":"北京大学-战略研究所","name_en":""}},{"type":"Feature","geometry":{"type":"Point","coordinates":[116.3107888,39.9941387]},"properties":{"layer":"place","kind":"building","name_zh":"北京大学-燕东园小楼32号楼","name_en":""}},{"type":"Feature","geometry":{"type":"Point","coordinates":[116.3111158,39.9941004]},"properties":{"layer":"place","kind":"building","name_zh":"北京大学-燕东园小楼31号楼","name_en":""}},{"type":"Feature","geometry":{"type":"Point","coordinates":[116.3020062,39.9864764]},"properties":{"layer":"place","kind":"food","name_zh":"松林餐厅","name_en":"Song Lin Restaurant"}},{"type":"Feature","geometry":{"type":"Point","coordinates":[116.3017449,39.987022]},"properties":{"layer":"place","kind":"food","name_zh":"餐饮综合楼（家园食堂）","name_en":"Cafeteria Building"}},{"type":"Feature","geometry":{"type":"Point","coordinates":[116.300752,39.9862036]},"properties":{"layer":"place","kind":"building","name_zh":"43楼","name_en":"Building No. 43"}},{"type":"Feature","geometry":{"type":"Point","coordinates":[116.3071082,39.9902645]},"properties":{"layer":"place","kind":"building","name_zh":"理科教学楼（黄廷方楼）","name_en":"Science Teaching Building (Ng Teng Fong Building)"}},{"type":"Feature","geometry":{"type":"Point","coordinates":[116.307782,39.9894457]},"properties":{"layer":"place","kind":"building","name_zh":"英杰交流中心","name_en":"Ho Ying Chie Overseas Exchange Center"}},{"type":"Feature","geometry":{"type":"Point","coordinates":[116.305742,39.9904362]},"properties":{"layer":"place","kind":"building","name_zh":"地学楼","name_en":"Geology Building"}},{"type":"Feature","geometry":{"type":"Point","coordinates":[116.305763,39.9900011]},"properties":{"layer":"place","kind":"building","name_zh":"老化学楼","name_en":"Old Chemistry Building"}},{"type":"Feature","geometry":{"type":"Point","coordinates":[116.305877,39.9885616]},"properties":{"layer":"place","kind":"building","name_zh":"电化教学楼楼（智华楼）","name_en":"Audio-Visual Teaching Building (Zhihua Building)"}},{"type":"Feature","geometry":{"type":"Point","coordinates":[116.3056782,39.9912681]},"properties":{"layer":"place","kind":"building","name_zh":"老生物楼","name_en":"Old Biology Building"}},{"type":"Feature","geometry":{"type":"Point","coordinates":[116.3032082,39.9943318]},"properties":{"layer":"place","kind":"building","name_zh":"体斋","name_en":"Ti Hall"}},{"type":"Feature","geometry":{"type":"Point","coordinates":[116.2994492,39.9903939]},"properties":{"layer":"place","kind":"food","name_zh":"勺园食堂","name_en":"Shao Yuan Dining Hall"}},{"type":"Feature","geometry":{"type":"Point","coordinates":[116.3007247,39.9897559]},"properties":{"layer":"place","kind":"food","name_zh":"佟园餐厅（清真）","name_en":"Tong Yuan Halal Restaurant"}},{"type":"Feature","geometry":{"type":"Point","coordinates":[116.2999458,39.9900791]},"properties":{"layer":"place","kind":"building","name_zh":"勺园1号楼","name_en":""}},{"type":"Feature","geometry":{"type":"Point","coordinates":[116.2999053,39.9907572]},"properties":{"layer":"place","kind":"building","name_zh":"勺园3号楼","name_en":""}},{"type":"Feature","geometry":{"type":"Point","coordinates":[116.2997842,39.990414]},"properties":{"layer":"place","kind":"building","name_zh":"勺园2号楼","name_en":""}},{"type":"Feature","geometry":{"type":"Point","coordinates":[116.304791,39.987618]},"properties":{"layer":"place","kind":"building","name_zh":"新太阳学生中心（16楼-18楼）","name_en":"New Sun Student Center"}},{"type":"Feature","geometry":{"type":"Point","coordinates":[116.3041207,39.9892201]},"properties":{"layer":"place","kind":"food","name_zh":"燕南食堂","name_en":"Yan Nan Dining Hall"}},{"type":"Feature","geometry":{"type":"Point","coordinates":[116.3122843,39.9847222]},"properties":{"layer":"place","kind":"building","name_zh":"中关村25号楼","name_en":""}},{"type":"Feature","geometry":{"type":"Point","coordinates":[116.3122993,39.9851836]},"properties":{"layer":"place","kind":"building","name_zh":"中关村22号楼","name_en":""}},{"type":"Feature","geometry":{"type":"Point","coordinates":[116.3123777,39.9849327]},"properties":{"layer":"place","kind":"building","name_zh":"中关村甲25号楼","name_en":""}},{"type":"Feature","geometry":{"type":"Point","coordinates":[116.312281,39.985466]},"properties":{"layer":"place","kind":"building","name_zh":"中关村甲22号楼","name_en":""}},{"type":"Feature","geometry":{"type":"Point","coordinates":[116.3133878,39.9855274]},"properties":{"layer":"place","kind":"building","name_zh":"中关村甲21号楼","name_en":""}},{"type":"Feature","geometry":{"type":"Point","coordinates":[116.3134464,39.9852552]},"properties":{"layer":"place","kind":"building","name_zh":"中关村21号楼","name_en":""}},{"type":"Feature","geometry":{"type":"Point","coordinates":[116.3135891,39.9858189]},"properties":{"layer":"place","kind":"building","name_zh":"中关村15号楼","name_en":""}},{"type":"Feature","geometry":{"type":"Point","coordinates":[116.3120268,39.9856842]},"properties":{"layer":"place","kind":"building","name_zh":"中关村13号楼","name_en":""}},{"type":"Feature","geometry":{"type":"Point","coordinates":[116.3043707,39.9922501]},"properties":{"layer":"place","kind":"building","name_zh":"伟利楼","name_en":"Weili Building"}},{"type":"Feature","geometry":{"type":"Point","coordinates":[116.3033812,39.994511]},"properties":{"layer":"place","kind":"building","name_zh":"健斋","name_en":"Jian Hall"}},{"type":"Feature","geometry":{"type":"Point","coordinates":[116.3033797,39.9915246]},"properties":{"layer":"place","kind":"library","name_zh":"阿卜杜勒·阿齐兹国王公共图书馆北京大学分馆（古籍图书馆）","name_en":"The King Abdul Aziz Public Library PKU Branch"}},{"type":"Feature","geometry":{"type":"Point","coordinates":[116.3056137,39.9916013]},"properties":{"layer":"place","kind":"building","name_zh":"生物标本馆","name_en":"Museum of Biology"}},{"type":"Feature","geometry":{"type":"Point","coordinates":[116.2958734,39.9923383]},"properties":{"layer":"place","kind":"building","name_zh":"北大附中实验学校 阅览楼","name_en":""}},{"type":"Feature","geometry":{"type":"Point","coordinates":[116.306326,39.9922977]},"properties":{"layer":"place","kind":"building","name_zh":"方楼","name_en":"Fang Building"}},{"type":"Feature","geometry":{"type":"Point","coordinates":[116.2998559,39.9957584]},"properties":{"layer":"place","kind":"building","name_zh":"保护生物学楼","name_en":""}},{"type":"Feature","geometry":{"type":"Point","coordinates":[116.2998404,39.9955448]},"properties":{"layer":"place","kind":"building","name_zh":"保护生物学新楼","name_en":""}},{"type":"Feature","geometry":{"type":"Point","coordinates":[116.2997604,39.9952321]},"properties":{"layer":"place","kind":"building","name_zh":"生物技术楼","name_en":"Biotechnology Building"}},{"type":"Feature","geometry":{"type":"Point","coordinates":[116.3089599,39.9865635]},"properties":{"layer":"place","kind":"building","name_zh":"燕园大厦","name_en":"Yan Yuan Building"}},{"type":"Feature","geometry":{"type":"Point","coordinates":[116.306848,39.9955783]},"properties":{"layer":"place","kind":"building","name_zh":"经济学院（孝义金晖楼）","name_en":""}},{"type":"Feature","geometry":{"type":"Point","coordinates":[116.2964456,39.9928808]},"properties":{"layer":"place","kind":"building","name_zh":"64号楼","name_en":""}},{"type":"Feature","geometry":{"type":"Point","coordinates":[116.2973379,39.992915]},"properties":{"layer":"place","kind":"building","name_zh":"65号楼","name_en":""}},{"type":"Feature","geometry":{"type":"Point","coordinates":[116.2977259,39.9926906]},"properties":{"layer":"place","kind":"food","name_zh":"畅春园食堂","name_en":"Chang Chun Yuan Dining Hall"}},{"type":"Feature","geometry":{"type":"Point","coordinates":[116.29737,39.9922514]},"properties":{"layer":"place","kind":"building","name_zh":"59号楼","name_en":""}},{"type":"Feature","geometry":{"type":"Point","coordinates":[116.2975031,39.9919222]},"properties":{"layer":"place","kind":"building","name_zh":"58号楼","name_en":""}},{"type":"Feature","geometry":{"type":"Point","coordinates":[116.2975496,39.9916147]},"properties":{"layer":"place","kind":"building","name_zh":"57号楼","name_en":""}},{"type":"Feature","geometry":{"type":"Point","coordinates":[116.2964468,39.9921898]},"properties":{"layer":"place","kind":"building","name_zh":"61号楼","name_en":""}},{"type":"Feature","geometry":{"type":"Point","coordinates":[116.2965003,39.9918767]},"properties":{"layer":"place","kind":"building","name_zh":"62号楼","name_en":""}},{"type":"Feature","geometry":{"type":"Point","coordinates":[116.2964939,39.9915272]},"properties":{"layer":"place","kind":"building","name_zh":"63号楼","name_en":""}},{"type":"Feature","geometry":{"type":"Point","coordinates":[116.2964537,39.9925176]},"properties":{"layer":"place","kind":"building","name_zh":"60号楼","name_en":""}},{"type":"Feature","geometry":{"type":"Point","coordinates":[116.2947617,39.9930192]},"properties":{"layer":"place","kind":"building","name_zh":"北大超市发超市","name_en":""}},{"type":"Feature","geometry":{"type":"Point","coordinates":[116.2953331,39.9917532]},"properties":{"layer":"place","kind":"building","name_zh":"教学楼","name_en":""}},{"type":"Feature","geometry":{"type":"Point","coordinates":[116.3009213,39.9881838]},"properties":{"layer":"place","kind":"building","name_zh":"综合科研2号楼","name_en":"Integrated Science Research Center No. 2"}},{"type":"Feature","geometry":{"type":"Point","coordinates":[116.3015987,39.9884659]},"properties":{"layer":"place","kind":"building","name_zh":"核磁中心","name_en":"Beijing Nuclear Magnetic Resonance Center"}},{"type":"Feature","geometry":{"type":"Point","coordinates":[116.3026325,39.9890209]},"properties":{"layer":"place","kind":"building","name_zh":"51号楼","name_en":""}},{"type":"Feature","geometry":{"type":"Point","coordinates":[116.3030015,39.9889996]},"properties":{"layer":"place","kind":"building","name_zh":"52号楼","name_en":""}},{"type":"Feature","geometry":{"type":"Point","coordinates":[116.3030601,39.9884905]},"properties":{"layer":"place","kind":"building","name_zh":"60号楼","name_en":""}},{"type":"Feature","geometry":{"type":"Point","coordinates":[116.3030706,39.9881321]},"properties":{"layer":"place","kind":"building","name_zh":"59号楼","name_en":""}},{"type":"Feature","geometry":{"type":"Point","coordinates":[116.3035878,39.9890514]},"properties":{"layer":"place","kind":"building","name_zh":"53号楼","name_en":""}},{"type":"Feature","geometry":{"type":"Point","coordinates":[116.3034694,39.9887254]},"properties":{"layer":"place","kind":"building","name_zh":"54号楼","name_en":""}},{"type":"Feature","geometry":{"type":"Point","coordinates":[116.3034433,39.988336]},"properties":{"layer":"place","kind":"building","name_zh":"56号楼","name_en":""}},{"type":"Feature","geometry":{"type":"Point","coordinates":[116.3025924,39.9880522]},"properties":{"layer":"place","kind":"building","name_zh":"62号楼","name_en":""}},{"type":"Feature","geometry":{"type":"Point","coordinates":[116.3022105,39.9880766]},"properties":{"layer":"place","kind":"building","name_zh":"61号楼","name_en":""}},{"type":"Feature","geometry":{"type":"Point","coordinates":[116.301839,39.9889635]},"properties":{"layer":"place","kind":"building","name_zh":"50号楼","name_en":""}},{"type":"Feature","geometry":{"type":"Point","coordinates":[116.3120727,39.99309]},"properties":{"layer":"place","kind":"building","name_zh":"北京大学工学院","name_en":"College of Engineering, Peking University"}},{"type":"Feature","geometry":{"type":"Point","coordinates":[116.30998,39.9945778]},"properties":{"layer":"place","kind":"building","name_zh":"北京大学城市与环境学院","name_en":"College of Urban and Environmental Sciences"}},{"type":"Feature","geometry":{"type":"Point","coordinates":[116.3098346,39.9955147]},"properties":{"layer":"place","kind":"building","name_zh":"北京大学建筑与景观设计学院","name_en":"Institute of Architecture and Landscape"}},{"type":"Feature","geometry":{"type":"Point","coordinates":[116.3055799,39.9980991]},"properties":{"layer":"place","kind":"building","name_zh":"朗润园12号楼","name_en":""}},{"type":"Feature","geometry":{"type":"Point","coordinates":[116.3056197,39.9977434]},"properties":{"layer":"place","kind":"building","name_zh":"朗润园11号楼","name_en":""}},{"type":"Feature","geometry":{"type":"Point","coordinates":[116.3056744,39.9974458]},"properties":{"layer":"place","kind":"building","name_zh":"朗润园10号楼","name_en":""}},{"type":"Feature","geometry":{"type":"Point","coordinates":[116.3057319,39.9971284]},"properties":{"layer":"place","kind":"building","name_zh":"朗润园9号楼","name_en":""}},{"type":"Feature","geometry":{"type":"Point","coordinates":[116.3057837,39.9968219]},"properties":{"layer":"place","kind":"building","name_zh":"朗润园8号楼","name_en":""}},{"type":"Feature","geometry":{"type":"Point","coordinates":[116.3036265,39.9976526]},"properties":{"layer":"place","kind":"building","name_zh":"朗润园13号楼","name_en":""}},{"type":"Feature","geometry":{"type":"Point","coordinates":[116.3047026,39.9979216]},"properties":{"layer":"place","kind":"building","name_zh":"科维理天文与天体物理研究所","name_en":"Kavli Institute for Astronomy and Astrophysics"}},{"type":"Feature","geometry":{"type":"Point","coordinates":[116.3074569,39.9873386]},"properties":{"layer":"place","kind":"sport","name_zh":"篮球场","name_en":"Basketball Court"}},{"type":"Feature","geometry":{"type":"Point","coordinates":[116.309741,39.9976343]},"properties":{"layer":"place","kind":"building","name_zh":"西46楼","name_en":""}},{"type":"Feature","geometry":{"type":"Point","coordinates":[116.3100019,39.9973009]},"properties":{"layer":"place","kind":"building","name_zh":"西47楼","name_en":""}},{"type":"Feature","geometry":{"type":"Point","coordinates":[116.3061213,39.9952215]},"properties":{"layer":"place","kind":"building","name_zh":"哲学系（宗教学系）","name_en":""}},{"type":"Feature","geometry":{"type":"Point","coordinates":[116.3059422,39.9961536]},"properties":{"layer":"place","kind":"building","name_zh":"中国语言文学系","name_en":""}},{"type":"Feature","geometry":{"type":"Point","coordinates":[116.3037461,39.9848585]},"properties":{"layer":"place","kind":"building","name_zh":"海淀区体育运动与卫生健康促进中心","name_en":""}},{"type":"Feature","geometry":{"type":"Point","coordinates":[116.3046954,39.9847533]},"properties":{"layer":"place","kind":"building","name_zh":"中成大厦","name_en":""}},{"type":"Feature","geometry":{"type":"Point","coordinates":[116.3051919,39.996116]},"properties":{"layer":"place","kind":"building","name_zh":"历史学系","name_en":""}},{"type":"Feature","geometry":{"type":"Point","coordinates":[116.3054909,39.9957557]},"properties":{"layer":"place","kind":"building","name_zh":"李兆基人文学苑","name_en":""}},{"type":"Feature","geometry":{"type":"Point","coordinates":[116.305491,39.9955782]},"properties":{"layer":"place","kind":"building","name_zh":"李兆基人文学苑","name_en":""}},{"type":"Feature","geometry":{"type":"Point","coordinates":[116.3055772,39.9953811]},"properties":{"layer":"place","kind":"building","name_zh":"李兆基人文学苑","name_en":""}},{"type":"Feature","geometry":{"type":"Point","coordinates":[116.2998548,39.9874532]},"properties":{"layer":"place","kind":"building","name_zh":"46楼","name_en":""}},{"type":"Feature","geometry":{"type":"Point","coordinates":[116.299916,39.9870223]},"properties":{"layer":"place","kind":"building","name_zh":"47楼","name_en":""}},{"type":"Feature","geometry":{"type":"Point","coordinates":[116.2999427,39.9866528]},"properties":{"layer":"place","kind":"building","name_zh":"48楼","name_en":""}},{"type":"Feature","geometry":{"type":"Point","coordinates":[116.2986387,39.9951121]},"properties":{"layer":"place","kind":"building","name_zh":"中水站","name_en":""}},{"type":"Feature","geometry":{"type":"Point","coordinates":[116.3003694,39.9955106]},"properties":{"layer":"place","kind":"building","name_zh":"考古文博学院","name_en":"School of Archaeology and Museology"}},{"type":"Feature","geometry":{"type":"Point","coordinates":[116.3004318,39.9960013]},"properties":{"layer":"place","kind":"building","name_zh":"实验动物中心B座","name_en":"Laboratory Animal Center Block B"}},{"type":"Feature","geometry":{"type":"Point","coordinates":[116.3065641,39.9966227]},"properties":{"layer":"place","kind":"building","name_zh":"外国语学院","name_en":"School of Foreign Languages"}},{"type":"Feature","geometry":{"type":"Point","coordinates":[116.2975451,39.9902363]},"properties":{"layer":"place","kind":"building","name_zh":"2 号楼","name_en":""}},{"type":"Feature","geometry":{"type":"Point","coordinates":[116.3005299,39.9949761]},"properties":{"layer":"place","kind":"building","name_zh":"校景亭","name_en":"Campus Scenery Pavillion"}},{"type":"Feature","geometry":{"type":"Point","coordinates":[116.2974986,39.990695]},"properties":{"layer":"place","kind":"building","name_zh":"3 号楼","name_en":""}},{"type":"Feature","geometry":{"type":"Point","coordinates":[116.2975679,39.9899118]},"properties":{"layer":"place","kind":"building","name_zh":"1 号楼","name_en":""}},{"type":"Feature","geometry":{"type":"Point","coordinates":[116.2974709,39.9910163]},"properties":{"layer":"place","kind":"building","name_zh":"4 号楼","name_en":""}},{"type":"Feature","geometry":{"type":"Point","coordinates":[116.2997814,39.995953]},"properties":{"layer":"place","kind":"building","name_zh":"实验动物中心A座","name_en":"Laboratory Animal Center Block A"}},{"type":"Feature","geometry":{"type":"Point","coordinates":[116.3096635,39.9989442]},"properties":{"layer":"place","kind":"building","name_zh":"洗车房","name_en":""}},{"type":"Feature","geometry":{"type":"Point","coordinates":[116.305375,39.9951502]},"properties":{"layer":"place","kind":"building","name_zh":"李兆基人文学苑","name_en":""}},{"type":"Feature","geometry":{"type":"Point","coordinates":[116.3014695,39.9962886]},"properties":{"layer":"place","kind":"building","name_zh":"北大-港理工中国社会工作研究中心（恩善苑）","name_en":"PKU-HK PolyU China Social Work Research Center"}},{"type":"Feature","geometry":{"type":"Point","coordinates":[116.3046408,39.992299]},"properties":{"layer":"place","kind":"building","name_zh":"章桂堂","name_en":"Zhanggui Tang"}},{"type":"Feature","geometry":{"type":"Point","coordinates":[116.3050243,39.9922594]},"properties":{"layer":"place","kind":"building","name_zh":"亨利楼","name_en":"Henry House"}},{"type":"Feature","geometry":{"type":"Point","coordinates":[116.3083912,39.9963207]},"properties":{"layer":"place","kind":"building","name_zh":"北大科技园","name_en":"University Science Park"}},{"type":"Feature","geometry":{"type":"Point","coordinates":[116.3039902,39.9917097]},"properties":{"layer":"place","kind":"building","name_zh":"北京大学","name_en":"Peking University"}},{"type":"Feature","geometry":{"type":"Point","coordinates":[116.2998724,39.98527]},"properties":{"layer":"place","kind":"landmark","name_zh":"火神庙","name_en":""}},{"type":"Feature","geometry":{"type":"Point","coordinates":[116.2984903,39.9871988]},"properties":{"layer":"place","kind":"building","name_zh":"畅春园·畅饷里","name_en":""}},{"type":"Feature","geometry":{"type":"Point","coordinates":[116.3038915,39.9905502]},"properties":{"layer":"place","kind":"library","name_zh":"北京大学图书馆","name_en":"Peking University Library"}},{"type":"Feature","geometry":{"type":"Point","coordinates":[116.3085794,39.9883691]},"properties":{"layer":"place","kind":"building","name_zh":"理科五号楼","name_en":"Science Building No. 5"}},{"type":"Feature","geometry":{"type":"Point","coordinates":[116.3009127,39.9888716]},"properties":{"layer":"place","kind":"building","name_zh":"综合科研1号楼（逸夫楼）","name_en":"Integrated Science Research Center No. 1"}},{"type":"Feature","geometry":{"type":"Point","coordinates":[116.3034054,39.9878734]},"properties":{"layer":"place","kind":"building","name_zh":"58号楼","name_en":""}},{"type":"Feature","geometry":{"type":"Point","coordinates":[116.3110049,39.9916147]},"properties":{"layer":"place","kind":"building","name_zh":"物理学院楼","name_en":""}},{"type":"Feature","geometry":{"type":"Point","coordinates":[116.3080682,39.9932194]},"properties":{"layer":"place","kind":"building","name_zh":"微纳电子大厦","name_en":""}},{"type":"Feature","geometry":{"type":"Point","coordinates":[116.3086349,39.9932782]},"properties":{"layer":"place","kind":"building","name_zh":"环境科学与工程学院（刘水楼）","name_en":"School of Environmental Sciences and Engineering"}},{"type":"Feature","geometry":{"type":"Point","coordinates":[116.3085152,39.9903638]},"properties":{"layer":"place","kind":"building","name_zh":"理科三号楼（曙东楼）","name_en":"Science Building No. 3"}},{"type":"Feature","geometry":{"type":"Point","coordinates":[116.3049729,39.9863284]},"properties":{"layer":"place","kind":"building","name_zh":"21楼","name_en":""}},{"type":"Feature","geometry":{"type":"Point","coordinates":[116.3049467,39.9868798]},"properties":{"layer":"place","kind":"building","name_zh":"19楼","name_en":""}},{"type":"Feature","geometry":{"type":"Point","coordinates":[116.3050245,39.9859227]},"properties":{"layer":"place","kind":"building","name_zh":"22楼","name_en":""}},{"type":"Feature","geometry":{"type":"Point","coordinates":[116.3050564,39.9854101]},"properties":{"layer":"place","kind":"building","name_zh":"24楼","name_en":""}},{"type":"Feature","geometry":{"type":"Point","coordinates":[116.3046529,39.9865884]},"properties":{"layer":"place","kind":"building","name_zh":"20楼","name_en":""}},{"type":"Feature","geometry":{"type":"Point","coordinates":[116.3046988,39.985649]},"properties":{"layer":"place","kind":"building","name_zh":"23楼","name_en":""}},{"type":"Feature","geometry":{"type":"Point","coordinates":[116.3072244,39.9894239]},"properties":{"layer":"place","kind":"building","name_zh":"理科一号楼","name_en":"Science Building No. 1"}},{"type":"Feature","geometry":{"type":"Point","coordinates":[116.3085423,39.9911355]},"properties":{"layer":"place","kind":"building","name_zh":"生命科学学院大楼","name_en":"Sinar Mas Life Sciences Building"}},{"type":"Feature","geometry":{"type":"Point","coordinates":[116.3079709,39.9954314]},"properties":{"layer":"place","kind":"health","name_zh":"北京大学校医院","name_en":"Peking University Hospital"}},{"type":"Feature","geometry":{"type":"Point","coordinates":[116.3058089,39.9893953]},"properties":{"layer":"place","kind":"building","name_zh":"光华管理学院1号楼","name_en":"Bldg No. 1, Guanghua School of Management"}},{"type":"Feature","geometry":{"type":"Point","coordinates":[116.3070112,39.9912035]},"properties":{"layer":"place","kind":"building","name_zh":"吕志和楼","name_en":"Lui Che Woo Building"}},{"type":"Feature","geometry":{"type":"Point","coordinates":[116.3083764,39.9942586]},"properties":{"layer":"place","kind":"building","name_zh":"顾颉刚故居","name_en":""}},{"type":"Feature","geometry":{"type":"Point","coordinates":[116.303614,39.9948645]},"properties":{"layer":"place","kind":"building","name_zh":"全斋","name_en":"Quan Hall"}},{"type":"Feature","geometry":{"type":"Point","coordinates":[116.3043031,39.995622]},"properties":{"layer":"place","kind":"building","name_zh":"教育基金会","name_en":"University Education Foundation"}},{"type":"Feature","geometry":{"type":"Point","coordinates":[116.3085542,39.9895221]},"properties":{"layer":"place","kind":"building","name_zh":"理科二号楼（逸夫苑）","name_en":"Science Building No. 2"}},{"type":"Feature","geometry":{"type":"Point","coordinates":[116.3108638,39.993323]},"properties":{"layer":"place","kind":"building","name_zh":"新奥工学大楼","name_en":""}},{"type":"Feature","geometry":{"type":"Point","coordinates":[116.3109922,39.9919795]},"properties":{"layer":"place","kind":"building","name_zh":"北京大学物理学院","name_en":"School of Physics, Peking University"}},{"type":"Feature","geometry":{"type":"Point","coordinates":[116.3108646,39.9932243]},"properties":{"layer":"place","kind":"building","name_zh":"北京大学工学院与交叉学科大楼","name_en":"College of Engineering and Interdisciplinary Studies Building, Peking University"}},{"type":"Feature","geometry":{"type":"Point","coordinates":[116.311308,39.9898748]},"properties":{"layer":"place","kind":"building","name_zh":"北京大学化学与分子工程学院","name_en":""}},{"type":"Feature","geometry":{"type":"Point","coordinates":[116.3057219,39.9988566]},"properties":{"layer":"place","kind":"gate","name_zh":"","name_en":""}},{"type":"Feature","geometry":{"type":"Point","coordinates":[116.3093191,39.9986019]},"properties":{"layer":"place","kind":"gate","name_zh":"西门","name_en":"West Gate"}},{"type":"Feature","geometry":{"type":"Point","coordinates":[116.3096814,39.9995285]},"properties":{"layer":"place","kind":"gate","name_zh":"油库门","name_en":""}},{"type":"Feature","geometry":{"type":"Point","coordinates":[116.295591,39.9932276]},"properties":{"layer":"place","kind":"gate","name_zh":"","name_en":""}},{"type":"Feature","geometry":{"type":"Point","coordinates":[116.2983239,39.9958811]},"properties":{"layer":"place","kind":"gate","name_zh":"","name_en":""}},{"type":"Feature","geometry":{"type":"Point","coordinates":[116.3107343,39.9906469]},"properties":{"layer":"place","kind":"gate","name_zh":"北门","name_en":""}},{"type":"Feature","geometry":{"type":"Point","coordinates":[116.3121705,39.9923178]},"properties":{"layer":"place","kind":"gate","name_zh":"","name_en":""}},{"type":"Feature","geometry":{"type":"Point","coordinates":[116.3121902,39.9920284]},"properties":{"layer":"place","kind":"gate","name_zh":"","name_en":""}},{"type":"Feature","geometry":{"type":"Point","coordinates":[116.3102346,39.9938812]},"properties":{"layer":"place","kind":"gate","name_zh":"西门","name_en":""}},{"type":"Feature","geometry":{"type":"Point","coordinates":[116.300317,39.9836237]},"properties":{"layer":"place","kind":"gate","name_zh":"","name_en":""}},{"type":"Feature","geometry":{"type":"Point","coordinates":[116.3053903,40.0007654]},"properties":{"layer":"place","kind":"gate","name_zh":"","name_en":""}},{"type":"Feature","geometry":{"type":"Point","coordinates":[116.298258,39.9964026]},"properties":{"layer":"place","kind":"gate","name_zh":"","name_en":""}},{"type":"Feature","geometry":{"type":"Point","coordinates":[116.3034946,39.9985825]},"properties":{"layer":"place","kind":"gate","name_zh":"","name_en":""}},{"type":"Feature","geometry":{"type":"Point","coordinates":[116.3036739,39.9982949]},"properties":{"layer":"place","kind":"subway","name_zh":"圆明园","name_en":"Yuanmingyuan Park"}},{"type":"Feature","geometry":{"type":"Point","coordinates":[116.3097264,39.9907813]},"properties":{"layer":"place","kind":"subway","name_zh":"北京大学东门","name_en":"Peking University East Gate"}},{"type":"Feature","geometry":{"type":"Point","coordinates":[116.3107595,39.989082]},"properties":{"layer":"place","kind":"gate","name_zh":"","name_en":""}},{"type":"Feature","geometry":{"type":"Point","coordinates":[116.2978967,39.9892873]},"properties":{"layer":"place","kind":"gate","name_zh":"","name_en":""}},{"type":"Feature","geometry":{"type":"Point","coordinates":[116.298596,39.9880953]},"properties":{"layer":"place","kind":"gate","name_zh":"","name_en":""}},{"type":"Feature","geometry":{"type":"Point","coordinates":[116.3033003,39.9976515]},"properties":{"layer":"place","kind":"gate","name_zh":"","name_en":""}},{"type":"Feature","geometry":{"type":"Point","coordinates":[116.2982077,39.9904973]},"properties":{"layer":"place","kind":"gate","name_zh":"","name_en":""}},{"type":"Feature","geometry":{"type":"Point","coordinates":[116.2982433,39.9931019]},"properties":{"layer":"place","kind":"gate","name_zh":"","name_en":""}},{"type":"Feature","geometry":{"type":"Point","coordinates":[116.2983114,39.9933092]},"properties":{"layer":"place","kind":"gate","name_zh":"","name_en":""}},{"type":"Feature","geometry":{"type":"Point","coordinates":[116.2971189,39.9914042]},"properties":{"layer":"place","kind":"gate","name_zh":"","name_en":""}},{"type":"Feature","geometry":{"type":"Point","coordinates":[116.2968626,39.9929614]},"properties":{"layer":"place","kind":"gate","name_zh":"","name_en":""}},{"type":"Feature","geometry":{"type":"Point","coordinates":[116.3063364,39.9855158]},"properties":{"layer":"place","kind":"gate","name_zh":"","name_en":""}},{"type":"Feature","geometry":{"type":"Point","coordinates":[116.3066224,39.9871548]},"properties":{"layer":"place","kind":"gate","name_zh":"","name_en":""}},{"type":"Feature","geometry":{"type":"Point","coordinates":[116.3065171,39.9869703]},"properties":{"layer":"place","kind":"gate","name_zh":"","name_en":""}},{"type":"Feature","geometry":{"type":"Point","coordinates":[116.3090181,39.9877733]},"properties":{"layer":"place","kind":"gate","name_zh":"","name_en":""}},{"type":"Feature","geometry":{"type":"Point","coordinates":[116.2967444,39.9894655]},"properties":{"layer":"place","kind":"gate","name_zh":"","name_en":""}},{"type":"Feature","geometry":{"type":"Point","coordinates":[116.3065973,39.9850552]},"properties":{"layer":"place","kind":"gate","name_zh":"","name_en":""}},{"type":"Feature","geometry":{"type":"Point","coordinates":[116.3067195,39.984394]},"properties":{"layer":"place","kind":"gate","name_zh":"","name_en":""}},{"type":"Feature","geometry":{"type":"Point","coordinates":[116.3061367,39.9969862]},"properties":{"layer":"place","kind":"gate","name_zh":"","name_en":""}},{"type":"Feature","geometry":{"type":"Point","coordinates":[116.2966961,39.9858697]},"properties":{"layer":"place","kind":"gate","name_zh":"","name_en":""}},{"type":"Feature","geometry":{"type":"Point","coordinates":[116.2980734,39.9860343]},"properties":{"layer":"place","kind":"gate","name_zh":"","name_en":""}}]}